[2026-08-13 19:16:55.506] [188256] [HailoRT] [info] [vdevice.cpp:523] [create] Creating vdevice with params: device_count: 1, scheduling_algorithm: ROUND_ROBIN, multi_process_service: false
[2026-08-13 19:16:55.519] [188256] [HailoRT] [info] [device.cpp:49] [Device] OS Version: Linux 6.12.34+rpt-rpi-2712 #1 SMP PREEMPT Debian 1:6.12.34-1+rpt1~bookworm (2025-06-26) aarch64
[2026-08-13 19:16:55.520] [188256] [HailoRT] [info] [control.cpp:108] [control__parse_identify_results] firmware_version is: 4.20.0
[2026-08-13 19:16:55.520] [188256] [HailoRT] [info] [vdevice.cpp:651] [create] VDevice Infos: 0001:03:00.0
[2026-08-13 19:16:55.521] [188256] [HailoRT] [error] [file_utils.cpp:40] [read_binary_file] CHECK failed - Error opening file yolov8s.hef
[2026-08-13 19:16:55.521] [188256] [HailoRT] [error] [hef.cpp:525] [parse_hef_file] CHECK_SUCCESS failed with status=HAILO_OPEN_FILE_FAILURE(13)
[2026-08-13 19:16:55.521] [188256] [HailoRT] [error] [hef.cpp:1002] [Impl] Failed parsing HEF file
[2026-08-13 19:16:55.521] [188256] [HailoRT] [error] [hef.cpp:314] [create] Failed creating HEF
[2026-08-13 19:16:55.521] [188256] [HailoRT] [error] [hef.cpp:170] [create] CHECK_SUCCESS failed with status=HAILO_OPEN_FILE_FAILURE(13)
[2026-08-13 19:16:55.521] [188256] [HailoRT] [error] [infer_model.cpp:242] [create] CHECK_SUCCESS failed with status=HAILO_OPEN_FILE_FAILURE(13)
[2026-08-13 19:16:55.521] [188256] [HailoRT] [error] [vdevice.cpp:756] [create_infer_model] CHECK_SUCCESS failed with status=HAILO_OPEN_FILE_FAILURE(13)
[2026-08-13 19:20:24.491] [192569] [HailoRT] [info] [vdevice.cpp:523] [create] Creating vdevice with params: device_count: 1, scheduling_algorithm: ROUND_ROBIN, multi_process_service: false
[2026-08-13 19:20:24.503] [192569] [HailoRT] [info] [device.cpp:49] [Device] OS Version: Linux 6.12.34+rpt-rpi-2712 #1 SMP PREEMPT Debian 1:6.12.34-1+rpt1~bookworm (2025-06-26) aarch64
[2026-08-13 19:20:24.504] [192569] [HailoRT] [info] [control.cpp:108] [control__parse_identify_results] firmware_version is: 4.20.0
[2026-08-13 19:20:24.504] [192569] [HailoRT] [info] [vdevice.cpp:651] [create] VDevice Infos: 0001:03:00.0
[2026-08-13 19:20:24.545] [192569] [HailoRT] [info] [hef.cpp:1929] [get_network_group_and_network_name] No name was given. Addressing all networks of default network_group: yolov8s
[2026-08-13 19:20:24.545] [192569] [HailoRT] [info] [hef.cpp:1929] [get_network_group_and_network_name] No name was given. Addressing all networks of default network_group: yolov8s
[2026-08-13 19:20:24.557] [192569] [HailoRT] [info] [internal_buffer_manager.cpp:202] [print_execution_results] Default Internal buffer planner failed to meet requirements
[2026-08-13 19:20:24.557] [192569] [HailoRT] [info] [internal_buffer_manager.cpp:212] [print_execution_results] Default Internal buffer planner executed successfully
[2026-08-13 19:20:24.567] [192569] [HailoRT] [info] [device_internal.cpp:57] [configure] Configuring HEF took 16.587917 milliseconds
[2026-08-13 19:20:24.568] [192569] [HailoRT] [info] [vdevice.cpp:749] [configure] Configuring HEF on VDevice took 17.342286 milliseconds
[2026-08-13 19:20:24.568] [192569] [HailoRT] [info] [infer_model.cpp:436] [configure] Configuring network group 'yolov8s' with params: batch size: 0, power mode: PERFORMANCE, latency: NONE
[2026-08-13 19:20:24.568] [192569] [HailoRT] [info] [multi_io_elements.cpp:756] [create] Created (AsyncHwEl)
[2026-08-13 19:20:24.568] [192569] [HailoRT] [info] [queue_elements.cpp:450] [create] Created (EntryPushQEl0yolov8s/input_layer1 | timeout: 10s)
[2026-08-13 19:20:24.568] [192569] [HailoRT] [info] [filter_elements.cpp:101] [create] Created (PreInferEl3yolov8s/input_layer1 | Reorder - src_order: RGB4, src_shape: (640, 640, 3), dst_order: NHCW, dst_shape: (640, 640, 3))
[2026-08-13 19:20:24.568] [192569] [HailoRT] [info] [queue_elements.cpp:450] [create] Created (PushQEl3yolov8s/input_layer1 | timeout: 10s)
[2026-08-13 19:20:24.568] [192569] [HailoRT] [info] [multi_io_elements.cpp:135] [create] Created (NmsPPMuxEl0YOLOV8-Post-Process | Op YOLOV8, Name: YOLOV8-Post-Process, Score threshold: 0.200, IoU threshold: 0.70, Classes: 80, Cross classes: false, NMS results order: BY_CLASS, Max bboxes per class: 100, Image height: 640, Image width: 640)
[2026-08-13 19:20:24.569] [192569] [HailoRT] [info] [queue_elements.cpp:942] [create] Created (MultiPushQEl0YOLOV8-Post-Process | timeout: 10s)
[2026-08-13 19:20:24.569] [192569] [HailoRT] [info] [edge_elements.cpp:187] [create] Created (LastAsyncEl0NmsPPMuxEl0YOLOV8-Post-Process)
[2026-08-13 19:20:24.569] [192569] [HailoRT] [info] [pipeline.cpp:891] [print_deep_description] EntryPushQEl0yolov8s/input_layer1 | inputs: user | outputs: PreInferEl3yolov8s/input_layer1(running in thread_id: 192586)
[2026-08-13 19:20:24.569] [192569] [HailoRT] [info] [pipeline.cpp:891] [print_deep_description] PreInferEl3yolov8s/input_layer1 | inputs: EntryPushQEl0yolov8s/input_layer1[0] | outputs: PushQEl3yolov8s/input_layer1
[2026-08-13 19:20:24.569] [192569] [HailoRT] [info] [pipeline.cpp:891] [print_deep_description] PushQEl3yolov8s/input_layer1 | inputs: PreInferEl3yolov8s/input_layer1[0] | outputs: AsyncHwEl(running in thread_id: 192587)
[2026-08-13 19:20:24.569] [192569] [HailoRT] [info] [pipeline.cpp:891] [print_deep_description] AsyncHwEl | inputs: PushQEl3yolov8s/input_layer1[0] | outputs: MultiPushQEl0YOLOV8-Post-Process MultiPushQEl0YOLOV8-Post-Process MultiPushQEl0YOLOV8-Post-Process MultiPushQEl0YOLOV8-Post-Process MultiPushQEl0YOLOV8-Post-Process MultiPushQEl0YOLOV8-Post-Process
[2026-08-13 19:20:24.569] [192569] [HailoRT] [info] [pipeline.cpp:891] [print_deep_description] MultiPushQEl0YOLOV8-Post-Process | inputs: AsyncHwEl[0] AsyncHwEl[1] AsyncHwEl[2] AsyncHwEl[3] AsyncHwEl[4] AsyncHwEl[5] | outputs: NmsPPMuxEl0YOLOV8-Post-Process(running in thread_id: 192588)
[2026-08-13 19:20:24.569] [192569] [HailoRT] [info] [pipeline.cpp:891] [print_deep_description] NmsPPMuxEl0YOLOV8-Post-Process | inputs: MultiPushQEl0YOLOV8-Post-Process[0] | outputs: LastAsyncEl0NmsPPMuxEl0YOLOV8-Post-Process
[2026-08-13 19:20:24.569] [192569] [HailoRT] [info] [pipeline.cpp:891] [print_deep_description] LastAsyncEl0NmsPPMuxEl0YOLOV8-Post-Process | inputs: NmsPPMuxEl0YOLOV8-Post-Process[0] | outputs: user
[2026-08-13 19:35:20.481] [211007] [HailoRT] [info] [vdevice.cpp:523] [create] Creating vdevice with params: device_count: 1, scheduling_algorithm: ROUND_ROBIN, multi_process_service: false
[2026-08-13 19:35:20.491] [211007] [HailoRT] [info] [device.cpp:49] [Device] OS Version: Linux 6.12.34+rpt-rpi-2712 #1 SMP PREEMPT Debian 1:6.12.34-1+rpt1~bookworm (2025-06-26) aarch64
[2026-08-13 19:35:20.492] [211007] [HailoRT] [info] [control.cpp:108] [control__parse_identify_results] firmware_version is: 4.20.0
[2026-08-13 19:35:20.492] [211007] [HailoRT] [info] [vdevice.cpp:651] [create] VDevice Infos: 0001:03:00.0
[2026-08-13 19:35:20.531] [211007] [HailoRT] [info] [hef.cpp:1929] [get_network_group_and_network_name] No name was given. Addressing all networks of default network_group: yolov8s
[2026-08-13 19:35:20.531] [211007] [HailoRT] [info] [hef.cpp:1929] [get_network_group_and_network_name] No name was given. Addressing all networks of default network_group: yolov8s
[2026-08-13 19:41:05.999] [218147] [HailoRT] [info] [vdevice.cpp:523] [create] Creating vdevice with params: device_count: 1, scheduling_algorithm: ROUND_ROBIN, multi_process_service: false
[2026-08-13 19:41:06.011] [218147] [HailoRT] [info] [device.cpp:49] [Device] OS Version: Linux 6.12.34+rpt-rpi-2712 #1 SMP PREEMPT Debian 1:6.12.34-1+rpt1~bookworm (2025-06-26) aarch64
[2026-08-13 19:41:06.012] [218147] [HailoRT] [info] [control.cpp:108] [control__parse_identify_results] firmware_version is: 4.20.0
[2026-08-13 19:41:06.012] [218147] [HailoRT] [info] [vdevice.cpp:651] [create] VDevice Infos: 0001:03:00.0
[2026-08-13 19:41:06.051] [218147] [HailoRT] [info] [hef.cpp:1929] [get_network_group_and_network_name] No name was given. Addressing all networks of default network_group: yolov8s
[2026-08-13 19:41:06.051] [218147] [HailoRT] [info] [hef.cpp:1929] [get_network_group_and_network_name] No name was given. Addressing all networks of default network_group: yolov8s
[2026-08-13 19:41:36.307] [218871] [HailoRT] [info] [vdevice.cpp:523] [create] Creating vdevice with params: device_count: 1, scheduling_algorithm: ROUND_ROBIN, multi_process_service: false
[2026-08-13 19:41:36.319] [218871] [HailoRT] [info] [device.cpp:49] [Device] OS Version: Linux 6.12.34+rpt-rpi-2712 #1 SMP PREEMPT Debian 1:6.12.34-1+rpt1~bookworm (2025-06-26) aarch64
[2026-08-13 19:41:36.320] [218871] [HailoRT] [info] [control.cpp:108] [control__parse_identify_results] firmware_version is: 4.20.0
[2026-08-13 19:41:36.320] [218871] [HailoRT] [info] [vdevice.cpp:651] [create] VDevice Infos: 0001:03:00.0
[2026-08-13 19:41:36.359] [218871] [HailoRT] [info] [hef.cpp:1929] [get_network_group_and_network_name] No name was given. Addressing all networks of default network_group: yolov8s
[2026-08-13 19:41:36.359] [218871] [HailoRT] [info] [hef.cpp:1929] [get_network_group_and_network_name] No name was given. Addressing all networks of default network_group: yolov8s
[2026-08-13 19:44:09.466] [222624] [HailoRT] [info] [vdevice.cpp:523] [create] Creating vdevice with params: device_count: 1, scheduling_algorithm: ROUND_ROBIN, multi_process_service: false
[2026-08-13 19:44:09.477] [222624] [HailoRT] [info] [device.cpp:49] [Device] OS Version: Linux 6.12.34+rpt-rpi-2712 #1 SMP PREEMPT Debian 1:6.12.34-1+rpt1~bookworm (2025-06-26) aarch64
[2026-08-13 19:44:09.478] [222624] [HailoRT] [info] [control.cpp:108] [control__parse_identify_results] firmware_version is: 4.20.0
[2026-08-13 19:44:09.478] [222624] [HailoRT] [info] [vdevice.cpp:651] [create] VDevice Infos: 0001:03:00.0
[2026-08-13 19:44:09.516] [222624] [HailoRT] [info] [hef.cpp:1929] [get_network_group_and_network_name] No name was given. Addressing all networks of default network_group: yolov8s
[2026-08-13 19:44:09.516] [222624] [HailoRT] [info] [hef.cpp:1929] [get_network_group_and_network_name] No name was given. Addressing all networks of default network_group: yolov8s
[2026-08-13 19:46:09.985] [225283] [HailoRT] [info] [vdevice.cpp:523] [create] Creating vdevice with params: device_count: 1, scheduling_algorithm: ROUND_ROBIN, multi_process_service: false
[2026-08-13 19:46:09.998] [225283] [HailoRT] [info] [device.cpp:49] [Device] OS Version: Linux 6.12.34+rpt-rpi-2712 #1 SMP PREEMPT Debian 1:6.12.34-1+rpt1~bookworm (2025-06-26) aarch64
[2026-08-13 19:46:09.999] [225283] [HailoRT] [info] [control.cpp:108] [control__parse_identify_results] firmware_version is: 4.20.0
[2026-08-13 19:46:09.999] [225283] [HailoRT] [info] [vdevice.cpp:651] [create] VDevice Infos: 0001:03:00.0
[2026-08-13 19:46:10.036] [225283] [HailoRT] [info] [hef.cpp:1929] [get_network_group_and_network_name] No name was given. Addressing all networks of default network_group: yolov8s
[2026-08-13 19:46:10.036] [225283] [HailoRT] [info] [hef.cpp:1929] [get_network_group_and_network_name] No name was given. Addressing all networks of default network_group: yolov8s
[2026-08-13 19:47:55.066] [227575] [HailoRT] [info] [vdevice.cpp:523] [create] Creating vdevice with params: device_count: 1, scheduling_algorithm: ROUND_ROBIN, multi_process_service: false
[2026-08-13 19:47:55.078] [227575] [HailoRT] [info] [device.cpp:49] [Device] OS Version: Linux 6.12.34+rpt-rpi-2712 #1 SMP PREEMPT Debian 1:6.12.34-1+rpt1~bookworm (2025-06-26) aarch64
[2026-08-13 19:47:55.080] [227575] [HailoRT] [info] [control.cpp:108] [control__parse_identify_results] firmware_version is: 4.20.0
[2026-08-13 19:47:55.080] [227575] [HailoRT] [info] [vdevice.cpp:651] [create] VDevice Infos: 0001:03:00.0
[2026-08-13 19:47:55.117] [227575] [HailoRT] [info] [hef.cpp:1929] [get_network_group_and_network_name] No name was given. Addressing all networks of default network_group: yolov8s
[2026-08-13 19:47:55.117] [227575] [HailoRT] [info] [hef.cpp:1929] [get_network_group_and_network_name] No name was given. Addressing all networks of default network_group: yolov8s
[2026-08-13 19:49:01.544] [228968] [HailoRT] [info] [vdevice.cpp:523] [create] Creating vdevice with params: device_count: 1, scheduling_algorithm: ROUND_ROBIN, multi_process_service: false
[2026-08-13 19:49:01.556] [228968] [HailoRT] [info] [device.cpp:49] [Device] OS Version: Linux 6.12.34+rpt-rpi-2712 #1 SMP PREEMPT Debian 1:6.12.34-1+rpt1~bookworm (2025-06-26) aarch64
[2026-08-13 19:49:01.557] [228968] [HailoRT] [info] [control.cpp:108] [control__parse_identify_results] firmware_version is: 4.20.0
[2026-08-13 19:49:01.557] [228968] [HailoRT] [info] [vdevice.cpp:651] [create] VDevice Infos: 0001:03:00.0
[2026-08-13 19:49:01.595] [228968] [HailoRT] [info] [hef.cpp:1929] [get_network_group_and_network_name] No name was given. Addressing all networks of default network_group: yolov8s
[2026-08-13 19:49:01.595] [228968] [HailoRT] [info] [hef.cpp:1929] [get_network_group_and_network_name] No name was given. Addressing all networks of default network_group: yolov8s
[2026-08-13 19:49:24.111] [229618] [HailoRT] [info] [vdevice.cpp:523] [create] Creating vdevice with params: device_count: 1, scheduling_algorithm: ROUND_ROBIN, multi_process_service: false
[2026-08-13 19:49:24.122] [229618] [HailoRT] [info] [device.cpp:49] [Device] OS Version: Linux 6.12.34+rpt-rpi-2712 #1 SMP PREEMPT Debian 1:6.12.34-1+rpt1~bookworm (2025-06-26) aarch64
[2026-08-13 19:49:24.123] [229618] [HailoRT] [info] [control.cpp:108] [control__parse_identify_results] firmware_version is: 4.20.0
[2026-08-13 19:49:24.123] [229618] [HailoRT] [info] [vdevice.cpp:651] [create] VDevice Infos: 0001:03:00.0
[2026-08-13 19:49:24.163] [229618] [HailoRT] [info] [hef.cpp:1929] [get_network_group_and_network_name] No name was given. Addressing all networks of default network_group: yolov8s
[2026-08-13 19:49:24.163] [229618] [HailoRT] [info] [hef.cpp:1929] [get_network_group_and_network_name] No name was given. Addressing all networks of default network_group: yolov8s
[2026-08-13 19:52:48.101] [234048] [HailoRT] [info] [vdevice.cpp:523] [create] Creating vdevice with params: device_count: 1, scheduling_algorithm: ROUND_ROBIN, multi_process_service: false
[2026-08-13 19:52:48.114] [234048] [HailoRT] [info] [device.cpp:49] [Device] OS Version: Linux 6.12.34+rpt-rpi-2712 #1 SMP PREEMPT Debian 1:6.12.34-1+rpt1~bookworm (2025-06-26) aarch64
[2026-08-13 19:52:48.115] [234048] [HailoRT] [info] [control.cpp:108] [control__parse_identify_results] firmware_version is: 4.20.0
[2026-08-13 19:52:48.115] [234048] [HailoRT] [info] [vdevice.cpp:651] [create] VDevice Infos: 0001:03:00.0
[2026-08-13 19:52:48.152] [234048] [HailoRT] [info] [hef.cpp:1929] [get_network_group_and_network_name] No name was given. Addressing all networks of default network_group: yolov8s
[2026-08-13 19:52:48.152] [234048] [HailoRT] [info] [hef.cpp:1929] [get_network_group_and_network_name] No name was given. Addressing all networks of default network_group: yolov8s
[2026-08-13 19:52:48.184] [234048] [HailoRT] [info] [internal_buffer_manager.cpp:202] [print_execution_results] Default Internal buffer planner failed to meet requirements
[2026-08-13 19:52:48.184] [234048] [HailoRT] [info] [internal_buffer_manager.cpp:212] [print_execution_results] Default Internal buffer planner executed successfully
[2026-08-13 19:52:48.194] [234048] [HailoRT] [info] [device_internal.cpp:57] [configure] Configuring HEF took 19.390732 milliseconds
[2026-08-13 19:52:48.194] [234048] [HailoRT] [info] [vdevice.cpp:749] [configure] Configuring HEF on VDevice took 19.751843 milliseconds
[2026-08-13 19:52:48.194] [234048] [HailoRT] [info] [infer_model.cpp:436] [configure] Configuring network group 'yolov8s' with params: batch size: 0, power mode: PERFORMANCE, latency: NONE
[2026-08-13 19:52:48.194] [234048] [HailoRT] [info] [multi_io_elements.cpp:756] [create] Created (AsyncHwEl)
[2026-08-13 19:52:48.194] [234048] [HailoRT] [info] [queue_elements.cpp:450] [create] Created (EntryPushQEl0yolov8s/input_layer1 | timeout: 10s)
[2026-08-13 19:52:48.194] [234048] [HailoRT] [info] [filter_elements.cpp:101] [create] Created (PreInferEl3yolov8s/input_layer1 | Reorder - src_order: RGB4, src_shape: (640, 640, 3), dst_order: NHCW, dst_shape: (640, 640, 3))
[2026-08-13 19:52:48.194] [234048] [HailoRT] [info] [queue_elements.cpp:450] [create] Created (PushQEl3yolov8s/input_layer1 | timeout: 10s)
[2026-08-13 19:52:48.194] [234048] [HailoRT] [info] [multi_io_elements.cpp:135] [create] Created (NmsPPMuxEl0YOLOV8-Post-Process | Op YOLOV8, Name: YOLOV8-Post-Process, Score threshold: 0.200, IoU threshold: 0.70, Classes: 80, Cross classes: false, NMS results order: BY_CLASS, Max bboxes per class: 100, Image height: 640, Image width: 640)
[2026-08-13 19:52:48.194] [234048] [HailoRT] [info] [queue_elements.cpp:942] [create] Created (MultiPushQEl0YOLOV8-Post-Process | timeout: 10s)
[2026-08-13 19:52:48.194] [234048] [HailoRT] [info] [edge_elements.cpp:187] [create] Created (LastAsyncEl0NmsPPMuxEl0YOLOV8-Post-Process)
[2026-08-13 19:52:48.194] [234048] [HailoRT] [info] [pipeline.cpp:891] [print_deep_description] EntryPushQEl0yolov8s/input_layer1 | inputs: user | outputs: PreInferEl3yolov8s/input_layer1(running in thread_id: 234077)
[2026-08-13 19:52:48.194] [234048] [HailoRT] [info] [pipeline.cpp:891] [print_deep_description] PreInferEl3yolov8s/input_layer1 | inputs: EntryPushQEl0yolov8s/input_layer1[0] | outputs: PushQEl3yolov8s/input_layer1
[2026-08-13 19:52:48.194] [234048] [HailoRT] [info] [pipeline.cpp:891] [print_deep_description] PushQEl3yolov8s/input_layer1 | inputs: PreInferEl3yolov8s/input_layer1[0] | outputs: AsyncHwEl(running in thread_id: 234078)
[2026-08-13 19:52:48.194] [234048] [HailoRT] [info] [pipeline.cpp:891] [print_deep_description] AsyncHwEl | inputs: PushQEl3yolov8s/input_layer1[0] | outputs: MultiPushQEl0YOLOV8-Post-Process MultiPushQEl0YOLOV8-Post-Process MultiPushQEl0YOLOV8-Post-Process MultiPushQEl0YOLOV8-Post-Process MultiPushQEl0YOLOV8-Post-Process MultiPushQEl0YOLOV8-Post-Process
[2026-08-13 19:52:48.194] [234048] [HailoRT] [info] [pipeline.cpp:891] [print_deep_description] MultiPushQEl0YOLOV8-Post-Process | inputs: AsyncHwEl[0] AsyncHwEl[1] AsyncHwEl[2] AsyncHwEl[3] AsyncHwEl[4] AsyncHwEl[5] | outputs: NmsPPMuxEl0YOLOV8-Post-Process(running in thread_id: 234079)
[2026-08-13 19:52:48.194] [234048] [HailoRT] [info] [pipeline.cpp:891] [print_deep_description] NmsPPMuxEl0YOLOV8-Post-Process | inputs: MultiPushQEl0YOLOV8-Post-Process[0] | outputs: LastAsyncEl0NmsPPMuxEl0YOLOV8-Post-Process
[2026-08-13 19:52:48.194] [234048] [HailoRT] [info] [pipeline.cpp:891] [print_deep_description] LastAsyncEl0NmsPPMuxEl0YOLOV8-Post-Process | inputs: NmsPPMuxEl0YOLOV8-Post-Process[0] | outputs: user
[2026-08-13 19:52:48.600] [234069] [HailoRT] [info] [hef.cpp:1929] [get_network_group_and_network_name] No name was given. Addressing all networks of default network_group: yolov8s
[2026-08-13 19:53:42.952] [234048] [HailoRT] [info] [async_infer_runner.cpp:86] [shutdown] Pipeline was aborted. Shutting it down
[2026-08-13 19:53:42.952] [234048] [HailoRT] [info] [queue_elements.cpp:1131] [execute_deactivate] enqueue() in element MultiPushQEl0YOLOV8-Post-Process was aborted, got status = HAILO_SHUTDOWN_EVENT_SIGNALED(57)
[2026-08-13 19:53:42.953] [234048] [HailoRT] [info] [queue_elements.cpp:1131] [execute_deactivate] enqueue() in element MultiPushQEl0YOLOV8-Post-Process was aborted, got status = HAILO_SHUTDOWN_EVENT_SIGNALED(57)
[2026-08-13 19:53:42.953] [234048] [HailoRT] [info] [queue_elements.cpp:1131] [execute_deactivate] enqueue() in element MultiPushQEl0YOLOV8-Post-Process was aborted, got status = HAILO_SHUTDOWN_EVENT_SIGNALED(57)
[2026-08-13 19:53:42.953] [234048] [HailoRT] [info] [queue_elements.cpp:1131] [execute_deactivate] enqueue() in element MultiPushQEl0YOLOV8-Post-Process was aborted, got status = HAILO_SHUTDOWN_EVENT_SIGNALED(57)
[2026-08-13 19:53:42.953] [234048] [HailoRT] [info] [queue_elements.cpp:1131] [execute_deactivate] enqueue() in element MultiPushQEl0YOLOV8-Post-Process was aborted, got status = HAILO_SHUTDOWN_EVENT_SIGNALED(57)
[2026-08-13 19:53:42.953] [234048] [HailoRT] [info] [queue_elements.cpp:1131] [execute_deactivate] enqueue() in element MultiPushQEl0YOLOV8-Post-Process was aborted, got status = HAILO_SHUTDOWN_EVENT_SIGNALED(57)
[2026-08-13 19:53:42.953] [234048] [HailoRT] [info] [queue_elements.cpp:570] [execute_deactivate] enqueue() in element PushQEl3yolov8s/input_layer1 was aborted, got status = HAILO_SHUTDOWN_EVENT_SIGNALED(57)
[2026-08-13 19:53:42.953] [234048] [HailoRT] [info] [queue_elements.cpp:570] [execute_deactivate] enqueue() in element EntryPushQEl0yolov8s/input_layer1 was aborted, got status = HAILO_SHUTDOWN_EVENT_SIGNALED(57)
[2026-08-13 19:53:42.953] [234048] [HailoRT] [info] [queue_elements.cpp:46] [~BaseQueueElement] Queue element EntryPushQEl0yolov8s/input_layer1 has 0 frames in his Queue on destruction
[2026-08-13 19:53:42.953] [234048] [HailoRT] [info] [queue_elements.cpp:46] [~BaseQueueElement] Queue element PushQEl3yolov8s/input_layer1 has 0 frames in his Queue on destruction
[2026-08-13 19:53:51.272] [235619] [HailoRT] [info] [vdevice.cpp:523] [create] Creating vdevice with params: device_count: 1, scheduling_algorithm: ROUND_ROBIN, multi_process_service: false
[2026-08-13 19:53:51.283] [235619] [HailoRT] [info] [device.cpp:49] [Device] OS Version: Linux 6.12.34+rpt-rpi-2712 #1 SMP PREEMPT Debian 1:6.12.34-1+rpt1~bookworm (2025-06-26) aarch64
[2026-08-13 19:53:51.284] [235619] [HailoRT] [info] [control.cpp:108] [control__parse_identify_results] firmware_version is: 4.20.0
[2026-08-13 19:53:51.284] [235619] [HailoRT] [info] [vdevice.cpp:651] [create] VDevice Infos: 0001:03:00.0
[2026-08-13 19:53:51.322] [235619] [HailoRT] [info] [hef.cpp:1929] [get_network_group_and_network_name] No name was given. Addressing all networks of default network_group: yolov8s
[2026-08-13 19:53:51.322] [235619] [HailoRT] [info] [hef.cpp:1929] [get_network_group_and_network_name] No name was given. Addressing all networks of default network_group: yolov8s
[2026-08-13 19:53:51.351] [235619] [HailoRT] [info] [internal_buffer_manager.cpp:202] [print_execution_results] Default Internal buffer planner failed to meet requirements
[2026-08-13 19:53:51.351] [235619] [HailoRT] [info] [internal_buffer_manager.cpp:212] [print_execution_results] Default Internal buffer planner executed successfully
[2026-08-13 19:53:51.362] [235619] [HailoRT] [info] [device_internal.cpp:57] [configure] Configuring HEF took 17.31559 milliseconds
[2026-08-13 19:53:51.363] [235619] [HailoRT] [info] [vdevice.cpp:749] [configure] Configuring HEF on VDevice took 17.67744 milliseconds
[2026-08-13 19:53:51.363] [235619] [HailoRT] [info] [infer_model.cpp:436] [configure] Configuring network group 'yolov8s' with params: batch size: 0, power mode: PERFORMANCE, latency: NONE
[2026-08-13 19:53:51.363] [235619] [HailoRT] [info] [multi_io_elements.cpp:756] [create] Created (AsyncHwEl)
[2026-08-13 19:53:51.363] [235619] [HailoRT] [info] [queue_elements.cpp:450] [create] Created (EntryPushQEl0yolov8s/input_layer1 | timeout: 10s)
[2026-08-13 19:53:51.363] [235619] [HailoRT] [info] [filter_elements.cpp:101] [create] Created (PreInferEl3yolov8s/input_layer1 | Reorder - src_order: RGB4, src_shape: (640, 640, 3), dst_order: NHCW, dst_shape: (640, 640, 3))
[2026-08-13 19:53:51.363] [235619] [HailoRT] [info] [queue_elements.cpp:450] [create] Created (PushQEl3yolov8s/input_layer1 | timeout: 10s)
[2026-08-13 19:53:51.363] [235619] [HailoRT] [info] [multi_io_elements.cpp:135] [create] Created (NmsPPMuxEl0YOLOV8-Post-Process | Op YOLOV8, Name: YOLOV8-Post-Process, Score threshold: 0.200, IoU threshold: 0.70, Classes: 80, Cross classes: false, NMS results order: BY_CLASS, Max bboxes per class: 100, Image height: 640, Image width: 640)
[2026-08-13 19:53:51.363] [235619] [HailoRT] [info] [queue_elements.cpp:942] [create] Created (MultiPushQEl0YOLOV8-Post-Process | timeout: 10s)
[2026-08-13 19:53:51.363] [235619] [HailoRT] [info] [edge_elements.cpp:187] [create] Created (LastAsyncEl0NmsPPMuxEl0YOLOV8-Post-Process)
[2026-08-13 19:53:51.363] [235619] [HailoRT] [info] [pipeline.cpp:891] [print_deep_description] EntryPushQEl0yolov8s/input_layer1 | inputs: user | outputs: PreInferEl3yolov8s/input_layer1(running in thread_id: 235700)
[2026-08-13 19:53:51.363] [235619] [HailoRT] [info] [pipeline.cpp:891] [print_deep_description] PreInferEl3yolov8s/input_layer1 | inputs: EntryPushQEl0yolov8s/input_layer1[0] | outputs: PushQEl3yolov8s/input_layer1
[2026-08-13 19:53:51.363] [235619] [HailoRT] [info] [pipeline.cpp:891] [print_deep_description] PushQEl3yolov8s/input_layer1 | inputs: PreInferEl3yolov8s/input_layer1[0] | outputs: AsyncHwEl(running in thread_id: 235701)
[2026-08-13 19:53:51.363] [235619] [HailoRT] [info] [pipeline.cpp:891] [print_deep_description] AsyncHwEl | inputs: PushQEl3yolov8s/input_layer1[0] | outputs: MultiPushQEl0YOLOV8-Post-Process MultiPushQEl0YOLOV8-Post-Process MultiPushQEl0YOLOV8-Post-Process MultiPushQEl0YOLOV8-Post-Process MultiPushQEl0YOLOV8-Post-Process MultiPushQEl0YOLOV8-Post-Process
[2026-08-13 19:53:51.363] [235619] [HailoRT] [info] [pipeline.cpp:891] [print_deep_description] MultiPushQEl0YOLOV8-Post-Process | inputs: AsyncHwEl[0] AsyncHwEl[1] AsyncHwEl[2] AsyncHwEl[3] AsyncHwEl[4] AsyncHwEl[5] | outputs: NmsPPMuxEl0YOLOV8-Post-Process(running in thread_id: 235702)
[2026-08-13 19:53:51.363] [235619] [HailoRT] [info] [pipeline.cpp:891] [print_deep_description] NmsPPMuxEl0YOLOV8-Post-Process | inputs: MultiPushQEl0YOLOV8-Post-Process[0] | outputs: LastAsyncEl0NmsPPMuxEl0YOLOV8-Post-Process
[2026-08-13 19:53:51.363] [235619] [HailoRT] [info] [pipeline.cpp:891] [print_deep_description] LastAsyncEl0NmsPPMuxEl0YOLOV8-Post-Process | inputs: NmsPPMuxEl0YOLOV8-Post-Process[0] | outputs: user
[2026-08-13 19:53:51.773] [235692] [HailoRT] [info] [hef.cpp:1929] [get_network_group_and_network_name] No name was given. Addressing all networks of default network_group: yolov8s
[2026-08-13 19:53:53.774] [235619] [HailoRT] [info] [async_infer_runner.cpp:86] [shutdown] Pipeline was aborted. Shutting it down
[2026-08-13 19:53:53.775] [235619] [HailoRT] [info] [queue_elements.cpp:1131] [execute_deactivate] enqueue() in element MultiPushQEl0YOLOV8-Post-Process was aborted, got status = HAILO_SHUTDOWN_EVENT_SIGNALED(57)
[2026-08-13 19:53:53.775] [235619] [HailoRT] [info] [queue_elements.cpp:1131] [execute_deactivate] enqueue() in element MultiPushQEl0YOLOV8-Post-Process was aborted, got status = HAILO_SHUTDOWN_EVENT_SIGNALED(57)
[2026-08-13 19:53:53.775] [235619] [HailoRT] [info] [queue_elements.cpp:1131] [execute_deactivate] enqueue() in element MultiPushQEl0YOLOV8-Post-Process was aborted, got status = HAILO_SHUTDOWN_EVENT_SIGNALED(57)
[2026-08-13 19:53:53.775] [235619] [HailoRT] [info] [queue_elements.cpp:1131] [execute_deactivate] enqueue() in element MultiPushQEl0YOLOV8-Post-Process was aborted, got status = HAILO_SHUTDOWN_EVENT_SIGNALED(57)
[2026-08-13 19:53:53.775] [235619] [HailoRT] [info] [queue_elements.cpp:1131] [execute_deactivate] enqueue() in element MultiPushQEl0YOLOV8-Post-Process was aborted, got status = HAILO_SHUTDOWN_EVENT_SIGNALED(57)
[2026-08-13 19:53:53.775] [235619] [HailoRT] [info] [queue_elements.cpp:1131] [execute_deactivate] enqueue() in element MultiPushQEl0YOLOV8-Post-Process was aborted, got status = HAILO_SHUTDOWN_EVENT_SIGNALED(57)
[2026-08-13 19:53:53.775] [235619] [HailoRT] [info] [queue_elements.cpp:570] [execute_deactivate] enqueue() in element PushQEl3yolov8s/input_layer1 was aborted, got status = HAILO_SHUTDOWN_EVENT_SIGNALED(57)
[2026-08-13 19:53:53.775] [235619] [HailoRT] [info] [queue_elements.cpp:570] [execute_deactivate] enqueue() in element EntryPushQEl0yolov8s/input_layer1 was aborted, got status = HAILO_SHUTDOWN_EVENT_SIGNALED(57)
[2026-08-13 19:53:53.775] [235619] [HailoRT] [info] [queue_elements.cpp:46] [~BaseQueueElement] Queue element EntryPushQEl0yolov8s/input_layer1 has 0 frames in his Queue on destruction
[2026-08-13 19:53:53.775] [235619] [HailoRT] [info] [queue_elements.cpp:46] [~BaseQueueElement] Queue element PushQEl3yolov8s/input_layer1 has 0 frames in his Queue on destruction
[2026-08-13 19:55:51.074] [238314] [HailoRT] [info] [vdevice.cpp:523] [create] Creating vdevice with params: device_count: 1, scheduling_algorithm: ROUND_ROBIN, multi_process_service: false
[2026-08-13 19:55:51.085] [238314] [HailoRT] [info] [device.cpp:49] [Device] OS Version: Linux 6.12.34+rpt-rpi-2712 #1 SMP PREEMPT Debian 1:6.12.34-1+rpt1~bookworm (2025-06-26) aarch64
[2026-08-13 19:55:51.087] [238314] [HailoRT] [info] [control.cpp:108] [control__parse_identify_results] firmware_version is: 4.20.0
[2026-08-13 19:55:51.087] [238314] [HailoRT] [info] [vdevice.cpp:651] [create] VDevice Infos: 0001:03:00.0
[2026-08-13 19:55:51.124] [238314] [HailoRT] [info] [hef.cpp:1929] [get_network_group_and_network_name] No name was given. Addressing all networks of default network_group: yolov8s
[2026-08-13 19:55:51.124] [238314] [HailoRT] [info] [hef.cpp:1929] [get_network_group_and_network_name] No name was given. Addressing all networks of default network_group: yolov8s
[2026-08-13 19:55:51.156] [238314] [HailoRT] [info] [internal_buffer_manager.cpp:202] [print_execution_results] Default Internal buffer planner failed to meet requirements
[2026-08-13 19:55:51.156] [238314] [HailoRT] [info] [internal_buffer_manager.cpp:212] [print_execution_results] Default Internal buffer planner executed successfully
[2026-08-13 19:55:51.168] [238314] [HailoRT] [info] [device_internal.cpp:57] [configure] Configuring HEF took 19.695345 milliseconds
[2026-08-13 19:55:51.168] [238314] [HailoRT] [info] [vdevice.cpp:749] [configure] Configuring HEF on VDevice took 20.094048 milliseconds
[2026-08-13 19:55:51.168] [238314] [HailoRT] [info] [infer_model.cpp:436] [configure] Configuring network group 'yolov8s' with params: batch size: 0, power mode: PERFORMANCE, latency: NONE
[2026-08-13 19:55:51.168] [238314] [HailoRT] [info] [multi_io_elements.cpp:756] [create] Created (AsyncHwEl)
[2026-08-13 19:55:51.168] [238314] [HailoRT] [info] [queue_elements.cpp:450] [create] Created (EntryPushQEl0yolov8s/input_layer1 | timeout: 10s)
[2026-08-13 19:55:51.168] [238314] [HailoRT] [info] [filter_elements.cpp:101] [create] Created (PreInferEl3yolov8s/input_layer1 | Reorder - src_order: RGB4, src_shape: (640, 640, 3), dst_order: NHCW, dst_shape: (640, 640, 3))
[2026-08-13 19:55:51.168] [238314] [HailoRT] [info] [queue_elements.cpp:450] [create] Created (PushQEl3yolov8s/input_layer1 | timeout: 10s)
[2026-08-13 19:55:51.168] [238314] [HailoRT] [info] [multi_io_elements.cpp:135] [create] Created (NmsPPMuxEl0YOLOV8-Post-Process | Op YOLOV8, Name: YOLOV8-Post-Process, Score threshold: 0.200, IoU threshold: 0.70, Classes: 80, Cross classes: false, NMS results order: BY_CLASS, Max bboxes per class: 100, Image height: 640, Image width: 640)
[2026-08-13 19:55:51.169] [238314] [HailoRT] [info] [queue_elements.cpp:942] [create] Created (MultiPushQEl0YOLOV8-Post-Process | timeout: 10s)
[2026-08-13 19:55:51.169] [238314] [HailoRT] [info] [edge_elements.cpp:187] [create] Created (LastAsyncEl0NmsPPMuxEl0YOLOV8-Post-Process)
[2026-08-13 19:55:51.169] [238314] [HailoRT] [info] [pipeline.cpp:891] [print_deep_description] EntryPushQEl0yolov8s/input_layer1 | inputs: user | outputs: PreInferEl3yolov8s/input_layer1(running in thread_id: 238377)
[2026-08-13 19:55:51.169] [238314] [HailoRT] [info] [pipeline.cpp:891] [print_deep_description] PreInferEl3yolov8s/input_layer1 | inputs: EntryPushQEl0yolov8s/input_layer1[0] | outputs: PushQEl3yolov8s/input_layer1
[2026-08-13 19:55:51.169] [238314] [HailoRT] [info] [pipeline.cpp:891] [print_deep_description] PushQEl3yolov8s/input_layer1 | inputs: PreInferEl3yolov8s/input_layer1[0] | outputs: AsyncHwEl(running in thread_id: 238378)
[2026-08-13 19:55:51.169] [238314] [HailoRT] [info] [pipeline.cpp:891] [print_deep_description] AsyncHwEl | inputs: PushQEl3yolov8s/input_layer1[0] | outputs: MultiPushQEl0YOLOV8-Post-Process MultiPushQEl0YOLOV8-Post-Process MultiPushQEl0YOLOV8-Post-Process MultiPushQEl0YOLOV8-Post-Process MultiPushQEl0YOLOV8-Post-Process MultiPushQEl0YOLOV8-Post-Process
[2026-08-13 19:55:51.169] [238314] [HailoRT] [info] [pipeline.cpp:891] [print_deep_description] MultiPushQEl0YOLOV8-Post-Process | inputs: AsyncHwEl[0] AsyncHwEl[1] AsyncHwEl[2] AsyncHwEl[3] AsyncHwEl[4] AsyncHwEl[5] | outputs: NmsPPMuxEl0YOLOV8-Post-Process(running in thread_id: 238379)
[2026-08-13 19:55:51.169] [238314] [HailoRT] [info] [pipeline.cpp:891] [print_deep_description] NmsPPMuxEl0YOLOV8-Post-Process | inputs: MultiPushQEl0YOLOV8-Post-Process[0] | outputs: LastAsyncEl0NmsPPMuxEl0YOLOV8-Post-Process
[2026-08-13 19:55:51.169] [238314] [HailoRT] [info] [pipeline.cpp:891] [print_deep_description] LastAsyncEl0NmsPPMuxEl0YOLOV8-Post-Process | inputs: NmsPPMuxEl0YOLOV8-Post-Process[0] | outputs: user
[2026-08-13 19:55:51.600] [238371] [HailoRT] [info] [hef.cpp:1929] [get_network_group_and_network_name] No name was given. Addressing all networks of default network_group: yolov8s
[2026-08-13 19:57:24.998] [240449] [HailoRT] [info] [vdevice.cpp:523] [create] Creating vdevice with params: device_count: 1, scheduling_algorithm: ROUND_ROBIN, multi_process_service: false
[2026-08-13 19:57:25.011] [240449] [HailoRT] [info] [device.cpp:49] [Device] OS Version: Linux 6.12.34+rpt-rpi-2712 #1 SMP PREEMPT Debian 1:6.12.34-1+rpt1~bookworm (2025-06-26) aarch64
[2026-08-13 19:57:25.012] [240449] [HailoRT] [info] [control.cpp:108] [control__parse_identify_results] firmware_version is: 4.20.0
[2026-08-13 19:57:25.012] [240449] [HailoRT] [info] [vdevice.cpp:651] [create] VDevice Infos: 0001:03:00.0
[2026-08-13 19:57:25.052] [240449] [HailoRT] [info] [hef.cpp:1929] [get_network_group_and_network_name] No name was given. Addressing all networks of default network_group: yolov8s
[2026-08-13 19:57:25.052] [240449] [HailoRT] [info] [hef.cpp:1929] [get_network_group_and_network_name] No name was given. Addressing all networks of default network_group: yolov8s
[2026-08-13 19:57:25.082] [240449] [HailoRT] [info] [internal_buffer_manager.cpp:202] [print_execution_results] Default Internal buffer planner failed to meet requirements
[2026-08-13 19:57:25.082] [240449] [HailoRT] [info] [internal_buffer_manager.cpp:212] [print_execution_results] Default Internal buffer planner executed successfully
[2026-08-13 19:57:25.092] [240449] [HailoRT] [info] [device_internal.cpp:57] [configure] Configuring HEF took 15.422929 milliseconds
[2026-08-13 19:57:25.092] [240449] [HailoRT] [info] [vdevice.cpp:749] [configure] Configuring HEF on VDevice took 15.780132 milliseconds
[2026-08-13 19:57:25.092] [240449] [HailoRT] [info] [infer_model.cpp:436] [configure] Configuring network group 'yolov8s' with params: batch size: 0, power mode: PERFORMANCE, latency: NONE
[2026-08-13 19:57:25.092] [240449] [HailoRT] [info] [multi_io_elements.cpp:756] [create] Created (AsyncHwEl)
[2026-08-13 19:57:25.092] [240449] [HailoRT] [info] [queue_elements.cpp:450] [create] Created (EntryPushQEl0yolov8s/input_layer1 | timeout: 10s)
[2026-08-13 19:57:25.092] [240449] [HailoRT] [info] [filter_elements.cpp:101] [create] Created (PreInferEl3yolov8s/input_layer1 | Reorder - src_order: RGB4, src_shape: (640, 640, 3), dst_order: NHCW, dst_shape: (640, 640, 3))
[2026-08-13 19:57:25.093] [240449] [HailoRT] [info] [queue_elements.cpp:450] [create] Created (PushQEl3yolov8s/input_layer1 | timeout: 10s)
[2026-08-13 19:57:25.093] [240449] [HailoRT] [info] [multi_io_elements.cpp:135] [create] Created (NmsPPMuxEl0YOLOV8-Post-Process | Op YOLOV8, Name: YOLOV8-Post-Process, Score threshold: 0.200, IoU threshold: 0.70, Classes: 80, Cross classes: false, NMS results order: BY_CLASS, Max bboxes per class: 100, Image height: 640, Image width: 640)
[2026-08-13 19:57:25.093] [240449] [HailoRT] [info] [queue_elements.cpp:942] [create] Created (MultiPushQEl0YOLOV8-Post-Process | timeout: 10s)
[2026-08-13 19:57:25.093] [240449] [HailoRT] [info] [edge_elements.cpp:187] [create] Created (LastAsyncEl0NmsPPMuxEl0YOLOV8-Post-Process)
[2026-08-13 19:57:25.093] [240449] [HailoRT] [info] [pipeline.cpp:891] [print_deep_description] EntryPushQEl0yolov8s/input_layer1 | inputs: user | outputs: PreInferEl3yolov8s/input_layer1(running in thread_id: 240492)
[2026-08-13 19:57:25.093] [240449] [HailoRT] [info] [pipeline.cpp:891] [print_deep_description] PreInferEl3yolov8s/input_layer1 | inputs: EntryPushQEl0yolov8s/input_layer1[0] | outputs: PushQEl3yolov8s/input_layer1
[2026-08-13 19:57:25.093] [240449] [HailoRT] [info] [pipeline.cpp:891] [print_deep_description] PushQEl3yolov8s/input_layer1 | inputs: PreInferEl3yolov8s/input_layer1[0] | outputs: AsyncHwEl(running in thread_id: 240493)
[2026-08-13 19:57:25.093] [240449] [HailoRT] [info] [pipeline.cpp:891] [print_deep_description] AsyncHwEl | inputs: PushQEl3yolov8s/input_layer1[0] | outputs: MultiPushQEl0YOLOV8-Post-Process MultiPushQEl0YOLOV8-Post-Process MultiPushQEl0YOLOV8-Post-Process MultiPushQEl0YOLOV8-Post-Process MultiPushQEl0YOLOV8-Post-Process MultiPushQEl0YOLOV8-Post-Process
[2026-08-13 19:57:25.093] [240449] [HailoRT] [info] [pipeline.cpp:891] [print_deep_description] MultiPushQEl0YOLOV8-Post-Process | inputs: AsyncHwEl[0] AsyncHwEl[1] AsyncHwEl[2] AsyncHwEl[3] AsyncHwEl[4] AsyncHwEl[5] | outputs: NmsPPMuxEl0YOLOV8-Post-Process(running in thread_id: 240494)
[2026-08-13 19:57:25.093] [240449] [HailoRT] [info] [pipeline.cpp:891] [print_deep_description] NmsPPMuxEl0YOLOV8-Post-Process | inputs: MultiPushQEl0YOLOV8-Post-Process[0] | outputs: LastAsyncEl0NmsPPMuxEl0YOLOV8-Post-Process
[2026-08-13 19:57:25.093] [240449] [HailoRT] [info] [pipeline.cpp:891] [print_deep_description] LastAsyncEl0NmsPPMuxEl0YOLOV8-Post-Process | inputs: NmsPPMuxEl0YOLOV8-Post-Process[0] | outputs: user
[2026-08-13 19:57:25.510] [240484] [HailoRT] [info] [hef.cpp:1929] [get_network_group_and_network_name] No name was given. Addressing all networks of default network_group: yolov8s
[2026-08-13 19:59:05.550] [242884] [HailoRT] [info] [vdevice.cpp:523] [create] Creating vdevice with params: device_count: 1, scheduling_algorithm: ROUND_ROBIN, multi_process_service: false
[2026-08-13 19:59:05.550] [242884] [HailoRT] [info] [device.cpp:49] [Device] OS Version: Linux 6.12.34+rpt-rpi-2712 #1 SMP PREEMPT Debian 1:6.12.34-1+rpt1~bookworm (2025-06-26) aarch64
[2026-08-13 19:59:05.551] [242884] [HailoRT] [info] [control.cpp:108] [control__parse_identify_results] firmware_version is: 4.20.0
[2026-08-13 19:59:05.575] [242884] [HailoRT] [error] [vdevice.cpp:820] [create_devices] CHECK failed - Failed to create vdevice. there are not enough free devices. requested: 1, found: 0
[2026-08-13 19:59:05.575] [242884] [HailoRT] [error] [vdevice.cpp:631] [create] CHECK_SUCCESS failed with status=HAILO_OUT_OF_PHYSICAL_DEVICES(74)
[2026-08-13 19:59:05.575] [242884] [HailoRT] [error] [shared_resource_manager.hpp:81] [register_resource] CHECK_SUCCESS failed with status=HAILO_OUT_OF_PHYSICAL_DEVICES(74)
[2026-08-13 19:59:05.575] [242884] [HailoRT] [error] [vdevice.cpp:132] [create] CHECK_SUCCESS failed with status=HAILO_OUT_OF_PHYSICAL_DEVICES(74)
[2026-08-13 19:59:05.575] [242884] [HailoRT] [error] [vdevice.cpp:554] [create] CHECK_SUCCESS failed with status=HAILO_OUT_OF_PHYSICAL_DEVICES(74)
[2026-08-13 19:59:55.142] [244160] [HailoRT] [info] [vdevice.cpp:523] [create] Creating vdevice with params: device_count: 1, scheduling_algorithm: ROUND_ROBIN, multi_process_service: false
[2026-08-13 19:59:55.154] [244160] [HailoRT] [info] [device.cpp:49] [Device] OS Version: Linux 6.12.34+rpt-rpi-2712 #1 SMP PREEMPT Debian 1:6.12.34-1+rpt1~bookworm (2025-06-26) aarch64
[2026-08-13 19:59:55.156] [244160] [HailoRT] [info] [control.cpp:108] [control__parse_identify_results] firmware_version is: 4.20.0
[2026-08-13 19:59:55.156] [244160] [HailoRT] [info] [vdevice.cpp:651] [create] VDevice Infos: 0001:03:00.0
[2026-08-13 19:59:55.193] [244160] [HailoRT] [info] [hef.cpp:1929] [get_network_group_and_network_name] No name was given. Addressing all networks of default network_group: yolov8s
[2026-08-13 19:59:55.193] [244160] [HailoRT] [info] [hef.cpp:1929] [get_network_group_and_network_name] No name was given. Addressing all networks of default network_group: yolov8s
[2026-08-13 19:59:55.222] [244160] [HailoRT] [info] [internal_buffer_manager.cpp:202] [print_execution_results] Default Internal buffer planner failed to meet requirements
[2026-08-13 19:59:55.222] [244160] [HailoRT] [info] [internal_buffer_manager.cpp:212] [print_execution_results] Default Internal buffer planner executed successfully
[2026-08-13 19:59:55.232] [244160] [HailoRT] [info] [device_internal.cpp:57] [configure] Configuring HEF took 16.499854 milliseconds
[2026-08-13 19:59:55.232] [244160] [HailoRT] [info] [vdevice.cpp:749] [configure] Configuring HEF on VDevice took 16.860927 milliseconds
[2026-08-13 19:59:55.232] [244160] [HailoRT] [info] [infer_model.cpp:436] [configure] Configuring network group 'yolov8s' with params: batch size: 0, power mode: PERFORMANCE, latency: NONE
[2026-08-13 19:59:55.232] [244160] [HailoRT] [info] [multi_io_elements.cpp:756] [create] Created (AsyncHwEl)
[2026-08-13 19:59:55.232] [244160] [HailoRT] [info] [queue_elements.cpp:450] [create] Created (EntryPushQEl0yolov8s/input_layer1 | timeout: 10s)
[2026-08-13 19:59:55.232] [244160] [HailoRT] [info] [filter_elements.cpp:101] [create] Created (PreInferEl3yolov8s/input_layer1 | Reorder - src_order: RGB4, src_shape: (640, 640, 3), dst_order: NHCW, dst_shape: (640, 640, 3))
[2026-08-13 19:59:55.232] [244160] [HailoRT] [info] [queue_elements.cpp:450] [create] Created (PushQEl3yolov8s/input_layer1 | timeout: 10s)
[2026-08-13 19:59:55.232] [244160] [HailoRT] [info] [multi_io_elements.cpp:135] [create] Created (NmsPPMuxEl0YOLOV8-Post-Process | Op YOLOV8, Name: YOLOV8-Post-Process, Score threshold: 0.200, IoU threshold: 0.70, Classes: 80, Cross classes: false, NMS results order: BY_CLASS, Max bboxes per class: 100, Image height: 640, Image width: 640)
[2026-08-13 19:59:55.233] [244160] [HailoRT] [info] [queue_elements.cpp:942] [create] Created (MultiPushQEl0YOLOV8-Post-Process | timeout: 10s)
[2026-08-13 19:59:55.233] [244160] [HailoRT] [info] [edge_elements.cpp:187] [create] Created (LastAsyncEl0NmsPPMuxEl0YOLOV8-Post-Process)
[2026-08-13 19:59:55.233] [244160] [HailoRT] [info] [pipeline.cpp:891] [print_deep_description] EntryPushQEl0yolov8s/input_layer1 | inputs: user | outputs: PreInferEl3yolov8s/input_layer1(running in thread_id: 244183)
[2026-08-13 19:59:55.233] [244160] [HailoRT] [info] [pipeline.cpp:891] [print_deep_description] PreInferEl3yolov8s/input_layer1 | inputs: EntryPushQEl0yolov8s/input_layer1[0] | outputs: PushQEl3yolov8s/input_layer1
[2026-08-13 19:59:55.233] [244160] [HailoRT] [info] [pipeline.cpp:891] [print_deep_description] PushQEl3yolov8s/input_layer1 | inputs: PreInferEl3yolov8s/input_layer1[0] | outputs: AsyncHwEl(running in thread_id: 244184)
[2026-08-13 19:59:55.233] [244160] [HailoRT] [info] [pipeline.cpp:891] [print_deep_description] AsyncHwEl | inputs: PushQEl3yolov8s/input_layer1[0] | outputs: MultiPushQEl0YOLOV8-Post-Process MultiPushQEl0YOLOV8-Post-Process MultiPushQEl0YOLOV8-Post-Process MultiPushQEl0YOLOV8-Post-Process MultiPushQEl0YOLOV8-Post-Process MultiPushQEl0YOLOV8-Post-Process
[2026-08-13 19:59:55.233] [244160] [HailoRT] [info] [pipeline.cpp:891] [print_deep_description] MultiPushQEl0YOLOV8-Post-Process | inputs: AsyncHwEl[0] AsyncHwEl[1] AsyncHwEl[2] AsyncHwEl[3] AsyncHwEl[4] AsyncHwEl[5] | outputs: NmsPPMuxEl0YOLOV8-Post-Process(running in thread_id: 244185)
[2026-08-13 19:59:55.233] [244160] [HailoRT] [info] [pipeline.cpp:891] [print_deep_description] NmsPPMuxEl0YOLOV8-Post-Process | inputs: MultiPushQEl0YOLOV8-Post-Process[0] | outputs: LastAsyncEl0NmsPPMuxEl0YOLOV8-Post-Process
[2026-08-13 19:59:55.233] [244160] [HailoRT] [info] [pipeline.cpp:891] [print_deep_description] LastAsyncEl0NmsPPMuxEl0YOLOV8-Post-Process | inputs: NmsPPMuxEl0YOLOV8-Post-Process[0] | outputs: user
[2026-08-13 19:59:55.644] [244174] [HailoRT] [info] [hef.cpp:1929] [get_network_group_and_network_name] No name was given. Addressing all networks of default network_group: yolov8s
[2026-08-13 20:03:36.088] [248931] [HailoRT] [info] [vdevice.cpp:523] [create] Creating vdevice with params: device_count: 1, scheduling_algorithm: ROUND_ROBIN, multi_process_service: false
[2026-08-13 20:03:36.088] [248931] [HailoRT] [info] [device.cpp:49] [Device] OS Version: Linux 6.12.34+rpt-rpi-2712 #1 SMP PREEMPT Debian 1:6.12.34-1+rpt1~bookworm (2025-06-26) aarch64
[2026-08-13 20:03:36.089] [248931] [HailoRT] [info] [control.cpp:108] [control__parse_identify_results] firmware_version is: 4.20.0
[2026-08-13 20:03:36.099] [248931] [HailoRT] [error] [vdevice.cpp:820] [create_devices] CHECK failed - Failed to create vdevice. there are not enough free devices. requested: 1, found: 0
[2026-08-13 20:03:36.099] [248931] [HailoRT] [error] [vdevice.cpp:631] [create] CHECK_SUCCESS failed with status=HAILO_OUT_OF_PHYSICAL_DEVICES(74)
[2026-08-13 20:03:36.099] [248931] [HailoRT] [error] [shared_resource_manager.hpp:81] [register_resource] CHECK_SUCCESS failed with status=HAILO_OUT_OF_PHYSICAL_DEVICES(74)
[2026-08-13 20:03:36.099] [248931] [HailoRT] [error] [vdevice.cpp:132] [create] CHECK_SUCCESS failed with status=HAILO_OUT_OF_PHYSICAL_DEVICES(74)
[2026-08-13 20:03:36.099] [248931] [HailoRT] [error] [vdevice.cpp:554] [create] CHECK_SUCCESS failed with status=HAILO_OUT_OF_PHYSICAL_DEVICES(74)
[2026-08-13 20:33:23.795] [284550] [HailoRT] [info] [vdevice.cpp:523] [create] Creating vdevice with params: device_count: 1, scheduling_algorithm: ROUND_ROBIN, multi_process_service: false
[2026-08-13 20:33:23.795] [284550] [HailoRT] [info] [device.cpp:49] [Device] OS Version: Linux 6.12.34+rpt-rpi-2712 #1 SMP PREEMPT Debian 1:6.12.34-1+rpt1~bookworm (2025-06-26) aarch64
[2026-08-13 20:33:23.797] [284550] [HailoRT] [info] [control.cpp:108] [control__parse_identify_results] firmware_version is: 4.20.0
[2026-08-13 20:33:23.839] [284550] [HailoRT] [error] [vdevice.cpp:820] [create_devices] CHECK failed - Failed to create vdevice. there are not enough free devices. requested: 1, found: 0
[2026-08-13 20:33:23.840] [284550] [HailoRT] [error] [vdevice.cpp:631] [create] CHECK_SUCCESS failed with status=HAILO_OUT_OF_PHYSICAL_DEVICES(74)
[2026-08-13 20:33:23.840] [284550] [HailoRT] [error] [shared_resource_manager.hpp:81] [register_resource] CHECK_SUCCESS failed with status=HAILO_OUT_OF_PHYSICAL_DEVICES(74)
[2026-08-13 20:33:23.840] [284550] [HailoRT] [error] [vdevice.cpp:132] [create] CHECK_SUCCESS failed with status=HAILO_OUT_OF_PHYSICAL_DEVICES(74)
[2026-08-13 20:33:23.840] [284550] [HailoRT] [error] [vdevice.cpp:554] [create] CHECK_SUCCESS failed with status=HAILO_OUT_OF_PHYSICAL_DEVICES(74)
[2026-08-13 20:35:05.275] [287102] [HailoRT] [info] [vdevice.cpp:523] [create] Creating vdevice with params: device_count: 1, scheduling_algorithm: ROUND_ROBIN, multi_process_service: false
[2026-08-13 20:35:05.287] [287102] [HailoRT] [info] [device.cpp:49] [Device] OS Version: Linux 6.12.34+rpt-rpi-2712 #1 SMP PREEMPT Debian 1:6.12.34-1+rpt1~bookworm (2025-06-26) aarch64
[2026-08-13 20:35:05.288] [287102] [HailoRT] [info] [control.cpp:108] [control__parse_identify_results] firmware_version is: 4.20.0
[2026-08-13 20:35:05.288] [287102] [HailoRT] [info] [vdevice.cpp:651] [create] VDevice Infos: 0001:03:00.0
[2026-08-13 20:35:05.329] [287102] [HailoRT] [info] [hef.cpp:1929] [get_network_group_and_network_name] No name was given. Addressing all networks of default network_group: yolov8s
[2026-08-13 20:35:05.329] [287102] [HailoRT] [info] [hef.cpp:1929] [get_network_group_and_network_name] No name was given. Addressing all networks of default network_group: yolov8s
[2026-08-13 20:35:05.359] [287102] [HailoRT] [info] [internal_buffer_manager.cpp:202] [print_execution_results] Default Internal buffer planner failed to meet requirements
[2026-08-13 20:35:05.359] [287102] [HailoRT] [info] [internal_buffer_manager.cpp:212] [print_execution_results] Default Internal buffer planner executed successfully
[2026-08-13 20:35:05.370] [287102] [HailoRT] [info] [device_internal.cpp:57] [configure] Configuring HEF took 17.639365 milliseconds
[2026-08-13 20:35:05.370] [287102] [HailoRT] [info] [vdevice.cpp:749] [configure] Configuring HEF on VDevice took 17.99966 milliseconds
[2026-08-13 20:35:05.370] [287102] [HailoRT] [info] [infer_model.cpp:436] [configure] Configuring network group 'yolov8s' with params: batch size: 0, power mode: PERFORMANCE, latency: NONE
[2026-08-13 20:35:05.370] [287102] [HailoRT] [info] [multi_io_elements.cpp:756] [create] Created (AsyncHwEl)
[2026-08-13 20:35:05.370] [287102] [HailoRT] [info] [queue_elements.cpp:450] [create] Created (EntryPushQEl0yolov8s/input_layer1 | timeout: 10s)
[2026-08-13 20:35:05.370] [287102] [HailoRT] [info] [filter_elements.cpp:101] [create] Created (PreInferEl3yolov8s/input_layer1 | Reorder - src_order: RGB4, src_shape: (640, 640, 3), dst_order: NHCW, dst_shape: (640, 640, 3))
[2026-08-13 20:35:05.370] [287102] [HailoRT] [info] [queue_elements.cpp:450] [create] Created (PushQEl3yolov8s/input_layer1 | timeout: 10s)
[2026-08-13 20:35:05.370] [287102] [HailoRT] [info] [multi_io_elements.cpp:135] [create] Created (NmsPPMuxEl0YOLOV8-Post-Process | Op YOLOV8, Name: YOLOV8-Post-Process, Score threshold: 0.200, IoU threshold: 0.70, Classes: 80, Cross classes: false, NMS results order: BY_CLASS, Max bboxes per class: 100, Image height: 640, Image width: 640)
[2026-08-13 20:35:05.371] [287102] [HailoRT] [info] [queue_elements.cpp:942] [create] Created (MultiPushQEl0YOLOV8-Post-Process | timeout: 10s)
[2026-08-13 20:35:05.371] [287102] [HailoRT] [info] [edge_elements.cpp:187] [create] Created (LastAsyncEl0NmsPPMuxEl0YOLOV8-Post-Process)
[2026-08-13 20:35:05.371] [287102] [HailoRT] [info] [pipeline.cpp:891] [print_deep_description] EntryPushQEl0yolov8s/input_layer1 | inputs: user | outputs: PreInferEl3yolov8s/input_layer1(running in thread_id: 287130)
[2026-08-13 20:35:05.371] [287102] [HailoRT] [info] [pipeline.cpp:891] [print_deep_description] PreInferEl3yolov8s/input_layer1 | inputs: EntryPushQEl0yolov8s/input_layer1[0] | outputs: PushQEl3yolov8s/input_layer1
[2026-08-13 20:35:05.371] [287102] [HailoRT] [info] [pipeline.cpp:891] [print_deep_description] PushQEl3yolov8s/input_layer1 | inputs: PreInferEl3yolov8s/input_layer1[0] | outputs: AsyncHwEl(running in thread_id: 287131)
[2026-08-13 20:35:05.371] [287102] [HailoRT] [info] [pipeline.cpp:891] [print_deep_description] AsyncHwEl | inputs: PushQEl3yolov8s/input_layer1[0] | outputs: MultiPushQEl0YOLOV8-Post-Process MultiPushQEl0YOLOV8-Post-Process MultiPushQEl0YOLOV8-Post-Process MultiPushQEl0YOLOV8-Post-Process MultiPushQEl0YOLOV8-Post-Process MultiPushQEl0YOLOV8-Post-Process
[2026-08-13 20:35:05.371] [287102] [HailoRT] [info] [pipeline.cpp:891] [print_deep_description] MultiPushQEl0YOLOV8-Post-Process | inputs: AsyncHwEl[0] AsyncHwEl[1] AsyncHwEl[2] AsyncHwEl[3] AsyncHwEl[4] AsyncHwEl[5] | outputs: NmsPPMuxEl0YOLOV8-Post-Process(running in thread_id: 287132)
[2026-08-13 20:35:05.371] [287102] [HailoRT] [info] [pipeline.cpp:891] [print_deep_description] NmsPPMuxEl0YOLOV8-Post-Process | inputs: MultiPushQEl0YOLOV8-Post-Process[0] | outputs: LastAsyncEl0NmsPPMuxEl0YOLOV8-Post-Process
[2026-08-13 20:35:05.371] [287102] [HailoRT] [info] [pipeline.cpp:891] [print_deep_description] LastAsyncEl0NmsPPMuxEl0YOLOV8-Post-Process | inputs: NmsPPMuxEl0YOLOV8-Post-Process[0] | outputs: user
[2026-08-13 20:35:05.791] [287121] [HailoRT] [info] [hef.cpp:1929] [get_network_group_and_network_name] No name was given. Addressing all networks of default network_group: yolov8s
[2026-08-14 01:54:26.298] [607818] [HailoRT] [info] [vdevice.cpp:523] [create] Creating vdevice with params: device_count: 1, scheduling_algorithm: ROUND_ROBIN, multi_process_service: false
[2026-08-14 01:54:26.310] [607818] [HailoRT] [info] [device.cpp:49] [Device] OS Version: Linux 6.12.34+rpt-rpi-2712 #1 SMP PREEMPT Debian 1:6.12.34-1+rpt1~bookworm (2025-06-26) aarch64
[2026-08-14 01:54:26.312] [607818] [HailoRT] [info] [control.cpp:108] [control__parse_identify_results] firmware_version is: 4.20.0
[2026-08-14 01:54:26.312] [607818] [HailoRT] [info] [vdevice.cpp:651] [create] VDevice Infos: 0001:03:00.0
[2026-08-14 01:54:26.350] [607818] [HailoRT] [info] [hef.cpp:1929] [get_network_group_and_network_name] No name was given. Addressing all networks of default network_group: yolov8s
[2026-08-14 01:54:26.350] [607818] [HailoRT] [info] [hef.cpp:1929] [get_network_group_and_network_name] No name was given. Addressing all networks of default network_group: yolov8s
[2026-08-14 01:54:26.379] [607818] [HailoRT] [info] [internal_buffer_manager.cpp:202] [print_execution_results] Default Internal buffer planner failed to meet requirements
[2026-08-14 01:54:26.379] [607818] [HailoRT] [info] [internal_buffer_manager.cpp:212] [print_execution_results] Default Internal buffer planner executed successfully
[2026-08-14 01:54:26.394] [607818] [HailoRT] [info] [device_internal.cpp:57] [configure] Configuring HEF took 21.759227 milliseconds
[2026-08-14 01:54:26.395] [607818] [HailoRT] [info] [vdevice.cpp:749] [configure] Configuring HEF on VDevice took 22.148856 milliseconds
[2026-08-14 01:54:26.395] [607818] [HailoRT] [info] [infer_model.cpp:436] [configure] Configuring network group 'yolov8s' with params: batch size: 0, power mode: PERFORMANCE, latency: NONE
[2026-08-14 01:54:26.395] [607818] [HailoRT] [info] [multi_io_elements.cpp:756] [create] Created (AsyncHwEl)
[2026-08-14 01:54:26.395] [607818] [HailoRT] [info] [queue_elements.cpp:450] [create] Created (EntryPushQEl0yolov8s/input_layer1 | timeout: 10s)
[2026-08-14 01:54:26.395] [607818] [HailoRT] [info] [filter_elements.cpp:101] [create] Created (PreInferEl3yolov8s/input_layer1 | Reorder - src_order: RGB4, src_shape: (640, 640, 3), dst_order: NHCW, dst_shape: (640, 640, 3))
[2026-08-14 01:54:26.395] [607818] [HailoRT] [info] [queue_elements.cpp:450] [create] Created (PushQEl3yolov8s/input_layer1 | timeout: 10s)
[2026-08-14 01:54:26.395] [607818] [HailoRT] [info] [multi_io_elements.cpp:135] [create] Created (NmsPPMuxEl0YOLOV8-Post-Process | Op YOLOV8, Name: YOLOV8-Post-Process, Score threshold: 0.200, IoU threshold: 0.70, Classes: 80, Cross classes: false, NMS results order: BY_CLASS, Max bboxes per class: 100, Image height: 640, Image width: 640)
[2026-08-14 01:54:26.395] [607818] [HailoRT] [info] [queue_elements.cpp:942] [create] Created (MultiPushQEl0YOLOV8-Post-Process | timeout: 10s)
[2026-08-14 01:54:26.395] [607818] [HailoRT] [info] [edge_elements.cpp:187] [create] Created (LastAsyncEl0NmsPPMuxEl0YOLOV8-Post-Process)
[2026-08-14 01:54:26.395] [607818] [HailoRT] [info] [pipeline.cpp:891] [print_deep_description] EntryPushQEl0yolov8s/input_layer1 | inputs: user | outputs: PreInferEl3yolov8s/input_layer1(running in thread_id: 607874)
[2026-08-14 01:54:26.395] [607818] [HailoRT] [info] [pipeline.cpp:891] [print_deep_description] PreInferEl3yolov8s/input_layer1 | inputs: EntryPushQEl0yolov8s/input_layer1[0] | outputs: PushQEl3yolov8s/input_layer1
[2026-08-14 01:54:26.395] [607818] [HailoRT] [info] [pipeline.cpp:891] [print_deep_description] PushQEl3yolov8s/input_layer1 | inputs: PreInferEl3yolov8s/input_layer1[0] | outputs: AsyncHwEl(running in thread_id: 607875)
[2026-08-14 01:54:26.395] [607818] [HailoRT] [info] [pipeline.cpp:891] [print_deep_description] AsyncHwEl | inputs: PushQEl3yolov8s/input_layer1[0] | outputs: MultiPushQEl0YOLOV8-Post-Process MultiPushQEl0YOLOV8-Post-Process MultiPushQEl0YOLOV8-Post-Process MultiPushQEl0YOLOV8-Post-Process MultiPushQEl0YOLOV8-Post-Process MultiPushQEl0YOLOV8-Post-Process
[2026-08-14 01:54:26.395] [607818] [HailoRT] [info] [pipeline.cpp:891] [print_deep_description] MultiPushQEl0YOLOV8-Post-Process | inputs: AsyncHwEl[0] AsyncHwEl[1] AsyncHwEl[2] AsyncHwEl[3] AsyncHwEl[4] AsyncHwEl[5] | outputs: NmsPPMuxEl0YOLOV8-Post-Process(running in thread_id: 607876)
[2026-08-14 01:54:26.395] [607818] [HailoRT] [info] [pipeline.cpp:891] [print_deep_description] NmsPPMuxEl0YOLOV8-Post-Process | inputs: MultiPushQEl0YOLOV8-Post-Process[0] | outputs: LastAsyncEl0NmsPPMuxEl0YOLOV8-Post-Process
[2026-08-14 01:54:26.395] [607818] [HailoRT] [info] [pipeline.cpp:891] [print_deep_description] LastAsyncEl0NmsPPMuxEl0YOLOV8-Post-Process | inputs: NmsPPMuxEl0YOLOV8-Post-Process[0] | outputs: user
[2026-08-14 01:54:26.783] [607865] [HailoRT] [info] [hef.cpp:1929] [get_network_group_and_network_name] No name was given. Addressing all networks of default network_group: yolov8s
[2026-08-14 02:22:26.430] [641050] [HailoRT] [info] [vdevice.cpp:523] [create] Creating vdevice with params: device_count: 1, scheduling_algorithm: ROUND_ROBIN, multi_process_service: false
[2026-08-14 02:22:26.442] [641050] [HailoRT] [info] [device.cpp:49] [Device] OS Version: Linux 6.12.34+rpt-rpi-2712 #1 SMP PREEMPT Debian 1:6.12.34-1+rpt1~bookworm (2025-06-26) aarch64
[2026-08-14 02:22:26.443] [641050] [HailoRT] [info] [control.cpp:108] [control__parse_identify_results] firmware_version is: 4.20.0
[2026-08-14 02:22:26.443] [641050] [HailoRT] [info] [vdevice.cpp:651] [create] VDevice Infos: 0001:03:00.0
[2026-08-14 02:22:26.482] [641050] [HailoRT] [info] [hef.cpp:1929] [get_network_group_and_network_name] No name was given. Addressing all networks of default network_group: yolov8s
[2026-08-14 02:22:26.482] [641050] [HailoRT] [info] [hef.cpp:1929] [get_network_group_and_network_name] No name was given. Addressing all networks of default network_group: yolov8s
[2026-08-14 02:22:26.511] [641050] [HailoRT] [info] [internal_buffer_manager.cpp:202] [print_execution_results] Default Internal buffer planner failed to meet requirements
[2026-08-14 02:22:26.511] [641050] [HailoRT] [info] [internal_buffer_manager.cpp:212] [print_execution_results] Default Internal buffer planner executed successfully
[2026-08-14 02:22:26.522] [641050] [HailoRT] [info] [device_internal.cpp:57] [configure] Configuring HEF took 18.009692 milliseconds
[2026-08-14 02:22:26.522] [641050] [HailoRT] [info] [vdevice.cpp:749] [configure] Configuring HEF on VDevice took 18.370377 milliseconds
[2026-08-14 02:22:26.522] [641050] [HailoRT] [info] [infer_model.cpp:436] [configure] Configuring network group 'yolov8s' with params: batch size: 0, power mode: PERFORMANCE, latency: NONE
[2026-08-14 02:22:26.522] [641050] [HailoRT] [info] [multi_io_elements.cpp:756] [create] Created (AsyncHwEl)
[2026-08-14 02:22:26.523] [641050] [HailoRT] [info] [queue_elements.cpp:450] [create] Created (EntryPushQEl0yolov8s/input_layer1 | timeout: 10s)
[2026-08-14 02:22:26.523] [641050] [HailoRT] [info] [filter_elements.cpp:101] [create] Created (PreInferEl3yolov8s/input_layer1 | Reorder - src_order: RGB4, src_shape: (640, 640, 3), dst_order: NHCW, dst_shape: (640, 640, 3))
[2026-08-14 02:22:26.523] [641050] [HailoRT] [info] [queue_elements.cpp:450] [create] Created (PushQEl3yolov8s/input_layer1 | timeout: 10s)
[2026-08-14 02:22:26.523] [641050] [HailoRT] [info] [multi_io_elements.cpp:135] [create] Created (NmsPPMuxEl0YOLOV8-Post-Process | Op YOLOV8, Name: YOLOV8-Post-Process, Score threshold: 0.200, IoU threshold: 0.70, Classes: 80, Cross classes: false, NMS results order: BY_CLASS, Max bboxes per class: 100, Image height: 640, Image width: 640)
[2026-08-14 02:22:26.523] [641050] [HailoRT] [info] [queue_elements.cpp:942] [create] Created (MultiPushQEl0YOLOV8-Post-Process | timeout: 10s)
[2026-08-14 02:22:26.523] [641050] [HailoRT] [info] [edge_elements.cpp:187] [create] Created (LastAsyncEl0NmsPPMuxEl0YOLOV8-Post-Process)
[2026-08-14 02:22:26.523] [641050] [HailoRT] [info] [pipeline.cpp:891] [print_deep_description] EntryPushQEl0yolov8s/input_layer1 | inputs: user | outputs: PreInferEl3yolov8s/input_layer1(running in thread_id: 641117)
[2026-08-14 02:22:26.523] [641050] [HailoRT] [info] [pipeline.cpp:891] [print_deep_description] PreInferEl3yolov8s/input_layer1 | inputs: EntryPushQEl0yolov8s/input_layer1[0] | outputs: PushQEl3yolov8s/input_layer1
[2026-08-14 02:22:26.523] [641050] [HailoRT] [info] [pipeline.cpp:891] [print_deep_description] PushQEl3yolov8s/input_layer1 | inputs: PreInferEl3yolov8s/input_layer1[0] | outputs: AsyncHwEl(running in thread_id: 641118)
[2026-08-14 02:22:26.523] [641050] [HailoRT] [info] [pipeline.cpp:891] [print_deep_description] AsyncHwEl | inputs: PushQEl3yolov8s/input_layer1[0] | outputs: MultiPushQEl0YOLOV8-Post-Process MultiPushQEl0YOLOV8-Post-Process MultiPushQEl0YOLOV8-Post-Process MultiPushQEl0YOLOV8-Post-Process MultiPushQEl0YOLOV8-Post-Process MultiPushQEl0YOLOV8-Post-Process
[2026-08-14 02:22:26.523] [641050] [HailoRT] [info] [pipeline.cpp:891] [print_deep_description] MultiPushQEl0YOLOV8-Post-Process | inputs: AsyncHwEl[0] AsyncHwEl[1] AsyncHwEl[2] AsyncHwEl[3] AsyncHwEl[4] AsyncHwEl[5] | outputs: NmsPPMuxEl0YOLOV8-Post-Process(running in thread_id: 641119)
[2026-08-14 02:22:26.523] [641050] [HailoRT] [info] [pipeline.cpp:891] [print_deep_description] NmsPPMuxEl0YOLOV8-Post-Process | inputs: MultiPushQEl0YOLOV8-Post-Process[0] | outputs: LastAsyncEl0NmsPPMuxEl0YOLOV8-Post-Process
[2026-08-14 02:22:26.523] [641050] [HailoRT] [info] [pipeline.cpp:891] [print_deep_description] LastAsyncEl0NmsPPMuxEl0YOLOV8-Post-Process | inputs: NmsPPMuxEl0YOLOV8-Post-Process[0] | outputs: user
[2026-08-14 02:22:26.914] [641108] [HailoRT] [info] [hef.cpp:1929] [get_network_group_and_network_name] No name was given. Addressing all networks of default network_group: yolov8s
[2026-08-14 14:34:49.102] [1374372] [HailoRT] [info] [vdevice.cpp:523] [create] Creating vdevice with params: device_count: 1, scheduling_algorithm: ROUND_ROBIN, multi_process_service: false
[2026-08-14 14:34:49.114] [1374372] [HailoRT] [info] [device.cpp:49] [Device] OS Version: Linux 6.12.34+rpt-rpi-2712 #1 SMP PREEMPT Debian 1:6.12.34-1+rpt1~bookworm (2025-06-26) aarch64
[2026-08-14 14:34:49.118] [1374372] [HailoRT] [info] [control.cpp:108] [control__parse_identify_results] firmware_version is: 4.20.0
[2026-08-14 14:34:49.118] [1374372] [HailoRT] [info] [vdevice.cpp:651] [create] VDevice Infos: 0001:03:00.0
[2026-08-14 14:34:49.158] [1374372] [HailoRT] [info] [hef.cpp:1929] [get_network_group_and_network_name] No name was given. Addressing all networks of default network_group: yolov8s
[2026-08-14 14:34:49.158] [1374372] [HailoRT] [info] [hef.cpp:1929] [get_network_group_and_network_name] No name was given. Addressing all networks of default network_group: yolov8s
[2026-08-14 14:34:49.187] [1374372] [HailoRT] [info] [internal_buffer_manager.cpp:202] [print_execution_results] Default Internal buffer planner failed to meet requirements
[2026-08-14 14:34:49.187] [1374372] [HailoRT] [info] [internal_buffer_manager.cpp:212] [print_execution_results] Default Internal buffer planner executed successfully
[2026-08-14 14:34:49.198] [1374372] [HailoRT] [info] [device_internal.cpp:57] [configure] Configuring HEF took 16.777404 milliseconds
[2026-08-14 14:34:49.198] [1374372] [HailoRT] [info] [vdevice.cpp:749] [configure] Configuring HEF on VDevice took 17.136217 milliseconds
[2026-08-14 14:34:49.198] [1374372] [HailoRT] [info] [infer_model.cpp:436] [configure] Configuring network group 'yolov8s' with params: batch size: 0, power mode: PERFORMANCE, latency: NONE
[2026-08-14 14:34:49.198] [1374372] [HailoRT] [info] [multi_io_elements.cpp:756] [create] Created (AsyncHwEl)
[2026-08-14 14:34:49.198] [1374372] [HailoRT] [info] [queue_elements.cpp:450] [create] Created (EntryPushQEl0yolov8s/input_layer1 | timeout: 10s)
[2026-08-14 14:34:49.198] [1374372] [HailoRT] [info] [filter_elements.cpp:101] [create] Created (PreInferEl3yolov8s/input_layer1 | Reorder - src_order: RGB4, src_shape: (640, 640, 3), dst_order: NHCW, dst_shape: (640, 640, 3))
[2026-08-14 14:34:49.198] [1374372] [HailoRT] [info] [queue_elements.cpp:450] [create] Created (PushQEl3yolov8s/input_layer1 | timeout: 10s)
[2026-08-14 14:34:49.198] [1374372] [HailoRT] [info] [multi_io_elements.cpp:135] [create] Created (NmsPPMuxEl0YOLOV8-Post-Process | Op YOLOV8, Name: YOLOV8-Post-Process, Score threshold: 0.200, IoU threshold: 0.70, Classes: 80, Cross classes: false, NMS results order: BY_CLASS, Max bboxes per class: 100, Image height: 640, Image width: 640)
[2026-08-14 14:34:49.198] [1374372] [HailoRT] [info] [queue_elements.cpp:942] [create] Created (MultiPushQEl0YOLOV8-Post-Process | timeout: 10s)
[2026-08-14 14:34:49.198] [1374372] [HailoRT] [info] [edge_elements.cpp:187] [create] Created (LastAsyncEl0NmsPPMuxEl0YOLOV8-Post-Process)
[2026-08-14 14:34:49.198] [1374372] [HailoRT] [info] [pipeline.cpp:891] [print_deep_description] EntryPushQEl0yolov8s/input_layer1 | inputs: user | outputs: PreInferEl3yolov8s/input_layer1(running in thread_id: 1374425)
[2026-08-14 14:34:49.198] [1374372] [HailoRT] [info] [pipeline.cpp:891] [print_deep_description] PreInferEl3yolov8s/input_layer1 | inputs: EntryPushQEl0yolov8s/input_layer1[0] | outputs: PushQEl3yolov8s/input_layer1
[2026-08-14 14:34:49.198] [1374372] [HailoRT] [info] [pipeline.cpp:891] [print_deep_description] PushQEl3yolov8s/input_layer1 | inputs: PreInferEl3yolov8s/input_layer1[0] | outputs: AsyncHwEl(running in thread_id: 1374426)
[2026-08-14 14:34:49.198] [1374372] [HailoRT] [info] [pipeline.cpp:891] [print_deep_description] AsyncHwEl | inputs: PushQEl3yolov8s/input_layer1[0] | outputs: MultiPushQEl0YOLOV8-Post-Process MultiPushQEl0YOLOV8-Post-Process MultiPushQEl0YOLOV8-Post-Process MultiPushQEl0YOLOV8-Post-Process MultiPushQEl0YOLOV8-Post-Process MultiPushQEl0YOLOV8-Post-Process
[2026-08-14 14:34:49.199] [1374372] [HailoRT] [info] [pipeline.cpp:891] [print_deep_description] MultiPushQEl0YOLOV8-Post-Process | inputs: AsyncHwEl[0] AsyncHwEl[1] AsyncHwEl[2] AsyncHwEl[3] AsyncHwEl[4] AsyncHwEl[5] | outputs: NmsPPMuxEl0YOLOV8-Post-Process(running in thread_id: 1374427)
[2026-08-14 14:34:49.199] [1374372] [HailoRT] [info] [pipeline.cpp:891] [print_deep_description] NmsPPMuxEl0YOLOV8-Post-Process | inputs: MultiPushQEl0YOLOV8-Post-Process[0] | outputs: LastAsyncEl0NmsPPMuxEl0YOLOV8-Post-Process
[2026-08-14 14:34:49.199] [1374372] [HailoRT] [info] [pipeline.cpp:891] [print_deep_description] LastAsyncEl0NmsPPMuxEl0YOLOV8-Post-Process | inputs: NmsPPMuxEl0YOLOV8-Post-Process[0] | outputs: user
[2026-08-14 14:34:49.590] [1374416] [HailoRT] [info] [hef.cpp:1929] [get_network_group_and_network_name] No name was given. Addressing all networks of default network_group: yolov8s
[2026-08-14 14:36:48.109] [1374372] [HailoRT] [info] [async_infer_runner.cpp:86] [shutdown] Pipeline was aborted. Shutting it down
[2026-08-14 14:36:48.110] [1374372] [HailoRT] [info] [queue_elements.cpp:1131] [execute_deactivate] enqueue() in element MultiPushQEl0YOLOV8-Post-Process was aborted, got status = HAILO_SHUTDOWN_EVENT_SIGNALED(57)
[2026-08-14 14:36:48.110] [1374372] [HailoRT] [info] [queue_elements.cpp:1131] [execute_deactivate] enqueue() in element MultiPushQEl0YOLOV8-Post-Process was aborted, got status = HAILO_SHUTDOWN_EVENT_SIGNALED(57)
[2026-08-14 14:36:48.110] [1374372] [HailoRT] [info] [queue_elements.cpp:1131] [execute_deactivate] enqueue() in element MultiPushQEl0YOLOV8-Post-Process was aborted, got status = HAILO_SHUTDOWN_EVENT_SIGNALED(57)
[2026-08-14 14:36:48.110] [1374372] [HailoRT] [info] [queue_elements.cpp:1131] [execute_deactivate] enqueue() in element MultiPushQEl0YOLOV8-Post-Process was aborted, got status = HAILO_SHUTDOWN_EVENT_SIGNALED(57)
[2026-08-14 14:36:48.110] [1374372] [HailoRT] [info] [queue_elements.cpp:1131] [execute_deactivate] enqueue() in element MultiPushQEl0YOLOV8-Post-Process was aborted, got status = HAILO_SHUTDOWN_EVENT_SIGNALED(57)
[2026-08-14 14:36:48.110] [1374372] [HailoRT] [info] [queue_elements.cpp:1131] [execute_deactivate] enqueue() in element MultiPushQEl0YOLOV8-Post-Process was aborted, got status = HAILO_SHUTDOWN_EVENT_SIGNALED(57)
[2026-08-14 14:36:48.110] [1374372] [HailoRT] [info] [queue_elements.cpp:570] [execute_deactivate] enqueue() in element PushQEl3yolov8s/input_layer1 was aborted, got status = HAILO_SHUTDOWN_EVENT_SIGNALED(57)
[2026-08-14 14:36:48.110] [1374372] [HailoRT] [info] [queue_elements.cpp:570] [execute_deactivate] enqueue() in element EntryPushQEl0yolov8s/input_layer1 was aborted, got status = HAILO_SHUTDOWN_EVENT_SIGNALED(57)
[2026-08-14 14:36:48.110] [1374372] [HailoRT] [info] [queue_elements.cpp:46] [~BaseQueueElement] Queue element EntryPushQEl0yolov8s/input_layer1 has 0 frames in his Queue on destruction
[2026-08-14 14:36:48.110] [1374372] [HailoRT] [info] [queue_elements.cpp:46] [~BaseQueueElement] Queue element PushQEl3yolov8s/input_layer1 has 0 frames in his Queue on destruction
[2026-08-14 14:36:52.074] [1376956] [HailoRT] [info] [vdevice.cpp:523] [create] Creating vdevice with params: device_count: 1, scheduling_algorithm: ROUND_ROBIN, multi_process_service: false
[2026-08-14 14:36:52.087] [1376956] [HailoRT] [info] [device.cpp:49] [Device] OS Version: Linux 6.12.34+rpt-rpi-2712 #1 SMP PREEMPT Debian 1:6.12.34-1+rpt1~bookworm (2025-06-26) aarch64
[2026-08-14 14:36:52.088] [1376956] [HailoRT] [info] [control.cpp:108] [control__parse_identify_results] firmware_version is: 4.20.0
[2026-08-14 14:36:52.088] [1376956] [HailoRT] [info] [vdevice.cpp:651] [create] VDevice Infos: 0001:03:00.0
[2026-08-14 14:36:52.125] [1376956] [HailoRT] [info] [hef.cpp:1929] [get_network_group_and_network_name] No name was given. Addressing all networks of default network_group: yolov8s
[2026-08-14 14:36:52.125] [1376956] [HailoRT] [info] [hef.cpp:1929] [get_network_group_and_network_name] No name was given. Addressing all networks of default network_group: yolov8s
[2026-08-14 14:36:52.155] [1376956] [HailoRT] [info] [internal_buffer_manager.cpp:202] [print_execution_results] Default Internal buffer planner failed to meet requirements
[2026-08-14 14:36:52.155] [1376956] [HailoRT] [info] [internal_buffer_manager.cpp:212] [print_execution_results] Default Internal buffer planner executed successfully
[2026-08-14 14:36:52.166] [1376956] [HailoRT] [info] [device_internal.cpp:57] [configure] Configuring HEF took 17.535385 milliseconds
[2026-08-14 14:36:52.166] [1376956] [HailoRT] [info] [vdevice.cpp:749] [configure] Configuring HEF on VDevice took 17.907384 milliseconds
[2026-08-14 14:36:52.166] [1376956] [HailoRT] [info] [infer_model.cpp:436] [configure] Configuring network group 'yolov8s' with params: batch size: 0, power mode: PERFORMANCE, latency: NONE
[2026-08-14 14:36:52.166] [1376956] [HailoRT] [info] [multi_io_elements.cpp:756] [create] Created (AsyncHwEl)
[2026-08-14 14:36:52.166] [1376956] [HailoRT] [info] [queue_elements.cpp:450] [create] Created (EntryPushQEl0yolov8s/input_layer1 | timeout: 10s)
[2026-08-14 14:36:52.166] [1376956] [HailoRT] [info] [filter_elements.cpp:101] [create] Created (PreInferEl3yolov8s/input_layer1 | Reorder - src_order: RGB4, src_shape: (640, 640, 3), dst_order: NHCW, dst_shape: (640, 640, 3))
[2026-08-14 14:36:52.166] [1376956] [HailoRT] [info] [queue_elements.cpp:450] [create] Created (PushQEl3yolov8s/input_layer1 | timeout: 10s)
[2026-08-14 14:36:52.166] [1376956] [HailoRT] [info] [multi_io_elements.cpp:135] [create] Created (NmsPPMuxEl0YOLOV8-Post-Process | Op YOLOV8, Name: YOLOV8-Post-Process, Score threshold: 0.200, IoU threshold: 0.70, Classes: 80, Cross classes: false, NMS results order: BY_CLASS, Max bboxes per class: 100, Image height: 640, Image width: 640)
[2026-08-14 14:36:52.167] [1376956] [HailoRT] [info] [queue_elements.cpp:942] [create] Created (MultiPushQEl0YOLOV8-Post-Process | timeout: 10s)
[2026-08-14 14:36:52.167] [1376956] [HailoRT] [info] [edge_elements.cpp:187] [create] Created (LastAsyncEl0NmsPPMuxEl0YOLOV8-Post-Process)
[2026-08-14 14:36:52.167] [1376956] [HailoRT] [info] [pipeline.cpp:891] [print_deep_description] EntryPushQEl0yolov8s/input_layer1 | inputs: user | outputs: PreInferEl3yolov8s/input_layer1(running in thread_id: 1377015)
[2026-08-14 14:36:52.167] [1376956] [HailoRT] [info] [pipeline.cpp:891] [print_deep_description] PreInferEl3yolov8s/input_layer1 | inputs: EntryPushQEl0yolov8s/input_layer1[0] | outputs: PushQEl3yolov8s/input_layer1
[2026-08-14 14:36:52.167] [1376956] [HailoRT] [info] [pipeline.cpp:891] [print_deep_description] PushQEl3yolov8s/input_layer1 | inputs: PreInferEl3yolov8s/input_layer1[0] | outputs: AsyncHwEl(running in thread_id: 1377016)
[2026-08-14 14:36:52.167] [1376956] [HailoRT] [info] [pipeline.cpp:891] [print_deep_description] AsyncHwEl | inputs: PushQEl3yolov8s/input_layer1[0] | outputs: MultiPushQEl0YOLOV8-Post-Process MultiPushQEl0YOLOV8-Post-Process MultiPushQEl0YOLOV8-Post-Process MultiPushQEl0YOLOV8-Post-Process MultiPushQEl0YOLOV8-Post-Process MultiPushQEl0YOLOV8-Post-Process
[2026-08-14 14:36:52.167] [1376956] [HailoRT] [info] [pipeline.cpp:891] [print_deep_description] MultiPushQEl0YOLOV8-Post-Process | inputs: AsyncHwEl[0] AsyncHwEl[1] AsyncHwEl[2] AsyncHwEl[3] AsyncHwEl[4] AsyncHwEl[5] | outputs: NmsPPMuxEl0YOLOV8-Post-Process(running in thread_id: 1377017)
[2026-08-14 14:36:52.167] [1376956] [HailoRT] [info] [pipeline.cpp:891] [print_deep_description] NmsPPMuxEl0YOLOV8-Post-Process | inputs: MultiPushQEl0YOLOV8-Post-Process[0] | outputs: LastAsyncEl0NmsPPMuxEl0YOLOV8-Post-Process
[2026-08-14 14:36:52.167] [1376956] [HailoRT] [info] [pipeline.cpp:891] [print_deep_description] LastAsyncEl0NmsPPMuxEl0YOLOV8-Post-Process | inputs: NmsPPMuxEl0YOLOV8-Post-Process[0] | outputs: user
[2026-08-14 14:36:52.568] [1377006] [HailoRT] [info] [hef.cpp:1929] [get_network_group_and_network_name] No name was given. Addressing all networks of default network_group: yolov8s
[2026-08-14 14:44:25.340] [1376956] [HailoRT] [info] [async_infer_runner.cpp:86] [shutdown] Pipeline was aborted. Shutting it down
[2026-08-14 14:44:25.340] [1376956] [HailoRT] [info] [queue_elements.cpp:1131] [execute_deactivate] enqueue() in element MultiPushQEl0YOLOV8-Post-Process was aborted, got status = HAILO_SHUTDOWN_EVENT_SIGNALED(57)
[2026-08-14 14:44:25.340] [1376956] [HailoRT] [info] [queue_elements.cpp:1131] [execute_deactivate] enqueue() in element MultiPushQEl0YOLOV8-Post-Process was aborted, got status = HAILO_SHUTDOWN_EVENT_SIGNALED(57)
[2026-08-14 14:44:25.340] [1376956] [HailoRT] [info] [queue_elements.cpp:1131] [execute_deactivate] enqueue() in element MultiPushQEl0YOLOV8-Post-Process was aborted, got status = HAILO_SHUTDOWN_EVENT_SIGNALED(57)
[2026-08-14 14:44:25.340] [1376956] [HailoRT] [info] [queue_elements.cpp:1131] [execute_deactivate] enqueue() in element MultiPushQEl0YOLOV8-Post-Process was aborted, got status = HAILO_SHUTDOWN_EVENT_SIGNALED(57)
[2026-08-14 14:44:25.340] [1376956] [HailoRT] [info] [queue_elements.cpp:1131] [execute_deactivate] enqueue() in element MultiPushQEl0YOLOV8-Post-Process was aborted, got status = HAILO_SHUTDOWN_EVENT_SIGNALED(57)
[2026-08-14 14:44:25.340] [1376956] [HailoRT] [info] [queue_elements.cpp:1131] [execute_deactivate] enqueue() in element MultiPushQEl0YOLOV8-Post-Process was aborted, got status = HAILO_SHUTDOWN_EVENT_SIGNALED(57)
[2026-08-14 14:44:25.340] [1376956] [HailoRT] [info] [queue_elements.cpp:570] [execute_deactivate] enqueue() in element PushQEl3yolov8s/input_layer1 was aborted, got status = HAILO_SHUTDOWN_EVENT_SIGNALED(57)
[2026-08-14 14:44:25.340] [1376956] [HailoRT] [info] [queue_elements.cpp:570] [execute_deactivate] enqueue() in element EntryPushQEl0yolov8s/input_layer1 was aborted, got status = HAILO_SHUTDOWN_EVENT_SIGNALED(57)
[2026-08-14 14:44:25.340] [1376956] [HailoRT] [info] [queue_elements.cpp:46] [~BaseQueueElement] Queue element EntryPushQEl0yolov8s/input_layer1 has 0 frames in his Queue on destruction
[2026-08-14 14:44:25.340] [1376956] [HailoRT] [info] [queue_elements.cpp:46] [~BaseQueueElement] Queue element PushQEl3yolov8s/input_layer1 has 0 frames in his Queue on destruction
[2026-08-14 14:44:25.409] [1376956] [HailoRT] [info] [vdevice.cpp:523] [create] Creating vdevice with params: device_count: 1, scheduling_algorithm: ROUND_ROBIN, multi_process_service: false
[2026-08-14 14:44:25.421] [1376956] [HailoRT] [info] [device.cpp:49] [Device] OS Version: Linux 6.12.34+rpt-rpi-2712 #1 SMP PREEMPT Debian 1:6.12.34-1+rpt1~bookworm (2025-06-26) aarch64
[2026-08-14 14:44:25.423] [1376956] [HailoRT] [info] [control.cpp:108] [control__parse_identify_results] firmware_version is: 4.20.0
[2026-08-14 14:44:25.423] [1376956] [HailoRT] [info] [vdevice.cpp:651] [create] VDevice Infos: 0001:03:00.0
[2026-08-14 14:44:25.461] [1376956] [HailoRT] [info] [hef.cpp:1929] [get_network_group_and_network_name] No name was given. Addressing all networks of default network_group: yolov8s
[2026-08-14 14:44:25.461] [1376956] [HailoRT] [info] [hef.cpp:1929] [get_network_group_and_network_name] No name was given. Addressing all networks of default network_group: yolov8s
[2026-08-14 14:44:25.486] [1376956] [HailoRT] [info] [internal_buffer_manager.cpp:202] [print_execution_results] Default Internal buffer planner failed to meet requirements
[2026-08-14 14:44:25.486] [1376956] [HailoRT] [info] [internal_buffer_manager.cpp:212] [print_execution_results] Default Internal buffer planner executed successfully
[2026-08-14 14:44:25.497] [1376956] [HailoRT] [info] [device_internal.cpp:57] [configure] Configuring HEF took 15.71554 milliseconds
[2026-08-14 14:44:25.497] [1376956] [HailoRT] [info] [vdevice.cpp:749] [configure] Configuring HEF on VDevice took 16.080576 milliseconds
[2026-08-14 14:44:25.497] [1376956] [HailoRT] [info] [infer_model.cpp:436] [configure] Configuring network group 'yolov8s' with params: batch size: 0, power mode: PERFORMANCE, latency: NONE
[2026-08-14 14:44:25.497] [1376956] [HailoRT] [info] [multi_io_elements.cpp:756] [create] Created (AsyncHwEl)
[2026-08-14 14:44:25.497] [1376956] [HailoRT] [info] [queue_elements.cpp:450] [create] Created (EntryPushQEl0yolov8s/input_layer1 | timeout: 10s)
[2026-08-14 14:44:25.497] [1376956] [HailoRT] [info] [filter_elements.cpp:101] [create] Created (PreInferEl3yolov8s/input_layer1 | Reorder - src_order: RGB4, src_shape: (640, 640, 3), dst_order: NHCW, dst_shape: (640, 640, 3))
[2026-08-14 14:44:25.497] [1376956] [HailoRT] [info] [queue_elements.cpp:450] [create] Created (PushQEl3yolov8s/input_layer1 | timeout: 10s)
[2026-08-14 14:44:25.497] [1376956] [HailoRT] [info] [multi_io_elements.cpp:135] [create] Created (NmsPPMuxEl0YOLOV8-Post-Process | Op YOLOV8, Name: YOLOV8-Post-Process, Score threshold: 0.200, IoU threshold: 0.70, Classes: 80, Cross classes: false, NMS results order: BY_CLASS, Max bboxes per class: 100, Image height: 640, Image width: 640)
[2026-08-14 14:44:25.498] [1376956] [HailoRT] [info] [queue_elements.cpp:942] [create] Created (MultiPushQEl0YOLOV8-Post-Process | timeout: 10s)
[2026-08-14 14:44:25.498] [1376956] [HailoRT] [info] [edge_elements.cpp:187] [create] Created (LastAsyncEl0NmsPPMuxEl0YOLOV8-Post-Process)
[2026-08-14 14:44:25.498] [1376956] [HailoRT] [info] [pipeline.cpp:891] [print_deep_description] EntryPushQEl0yolov8s/input_layer1 | inputs: user | outputs: PreInferEl3yolov8s/input_layer1(running in thread_id: 1386055)
[2026-08-14 14:44:25.498] [1376956] [HailoRT] [info] [pipeline.cpp:891] [print_deep_description] PreInferEl3yolov8s/input_layer1 | inputs: EntryPushQEl0yolov8s/input_layer1[0] | outputs: PushQEl3yolov8s/input_layer1
[2026-08-14 14:44:25.498] [1376956] [HailoRT] [info] [pipeline.cpp:891] [print_deep_description] PushQEl3yolov8s/input_layer1 | inputs: PreInferEl3yolov8s/input_layer1[0] | outputs: AsyncHwEl(running in thread_id: 1386056)
[2026-08-14 14:44:25.498] [1376956] [HailoRT] [info] [pipeline.cpp:891] [print_deep_description] AsyncHwEl | inputs: PushQEl3yolov8s/input_layer1[0] | outputs: MultiPushQEl0YOLOV8-Post-Process MultiPushQEl0YOLOV8-Post-Process MultiPushQEl0YOLOV8-Post-Process MultiPushQEl0YOLOV8-Post-Process MultiPushQEl0YOLOV8-Post-Process MultiPushQEl0YOLOV8-Post-Process
[2026-08-14 14:44:25.498] [1376956] [HailoRT] [info] [pipeline.cpp:891] [print_deep_description] MultiPushQEl0YOLOV8-Post-Process | inputs: AsyncHwEl[0] AsyncHwEl[1] AsyncHwEl[2] AsyncHwEl[3] AsyncHwEl[4] AsyncHwEl[5] | outputs: NmsPPMuxEl0YOLOV8-Post-Process(running in thread_id: 1386057)
[2026-08-14 14:44:25.498] [1376956] [HailoRT] [info] [pipeline.cpp:891] [print_deep_description] NmsPPMuxEl0YOLOV8-Post-Process | inputs: MultiPushQEl0YOLOV8-Post-Process[0] | outputs: LastAsyncEl0NmsPPMuxEl0YOLOV8-Post-Process
[2026-08-14 14:44:25.498] [1376956] [HailoRT] [info] [pipeline.cpp:891] [print_deep_description] LastAsyncEl0NmsPPMuxEl0YOLOV8-Post-Process | inputs: NmsPPMuxEl0YOLOV8-Post-Process[0] | outputs: user
[2026-08-14 14:44:25.896] [1377006] [HailoRT] [info] [hef.cpp:1929] [get_network_group_and_network_name] No name was given. Addressing all networks of default network_group: yolov8s
[2026-08-14 14:44:53.154] [1376956] [HailoRT] [info] [async_infer_runner.cpp:86] [shutdown] Pipeline was aborted. Shutting it down
[2026-08-14 14:44:53.155] [1376956] [HailoRT] [info] [queue_elements.cpp:1131] [execute_deactivate] enqueue() in element MultiPushQEl0YOLOV8-Post-Process was aborted, got status = HAILO_SHUTDOWN_EVENT_SIGNALED(57)
[2026-08-14 14:44:53.155] [1376956] [HailoRT] [info] [queue_elements.cpp:1131] [execute_deactivate] enqueue() in element MultiPushQEl0YOLOV8-Post-Process was aborted, got status = HAILO_SHUTDOWN_EVENT_SIGNALED(57)
[2026-08-14 14:44:53.155] [1376956] [HailoRT] [info] [queue_elements.cpp:1131] [execute_deactivate] enqueue() in element MultiPushQEl0YOLOV8-Post-Process was aborted, got status = HAILO_SHUTDOWN_EVENT_SIGNALED(57)
[2026-08-14 14:44:53.155] [1376956] [HailoRT] [info] [queue_elements.cpp:1131] [execute_deactivate] enqueue() in element MultiPushQEl0YOLOV8-Post-Process was aborted, got status = HAILO_SHUTDOWN_EVENT_SIGNALED(57)
[2026-08-14 14:44:53.155] [1376956] [HailoRT] [info] [queue_elements.cpp:1131] [execute_deactivate] enqueue() in element MultiPushQEl0YOLOV8-Post-Process was aborted, got status = HAILO_SHUTDOWN_EVENT_SIGNALED(57)
[2026-08-14 14:44:53.155] [1376956] [HailoRT] [info] [queue_elements.cpp:1131] [execute_deactivate] enqueue() in element MultiPushQEl0YOLOV8-Post-Process was aborted, got status = HAILO_SHUTDOWN_EVENT_SIGNALED(57)
[2026-08-14 14:44:53.155] [1376956] [HailoRT] [info] [queue_elements.cpp:570] [execute_deactivate] enqueue() in element PushQEl3yolov8s/input_layer1 was aborted, got status = HAILO_SHUTDOWN_EVENT_SIGNALED(57)
[2026-08-14 14:44:53.155] [1376956] [HailoRT] [info] [queue_elements.cpp:570] [execute_deactivate] enqueue() in element EntryPushQEl0yolov8s/input_layer1 was aborted, got status = HAILO_SHUTDOWN_EVENT_SIGNALED(57)
[2026-08-14 14:44:53.155] [1376956] [HailoRT] [info] [queue_elements.cpp:46] [~BaseQueueElement] Queue element EntryPushQEl0yolov8s/input_layer1 has 0 frames in his Queue on destruction
[2026-08-14 14:44:53.155] [1376956] [HailoRT] [info] [queue_elements.cpp:46] [~BaseQueueElement] Queue element PushQEl3yolov8s/input_layer1 has 0 frames in his Queue on destruction
[2026-08-14 14:44:53.273] [1376956] [HailoRT] [info] [vdevice.cpp:523] [create] Creating vdevice with params: device_count: 1, scheduling_algorithm: ROUND_ROBIN, multi_process_service: false
[2026-08-14 14:44:53.285] [1376956] [HailoRT] [info] [device.cpp:49] [Device] OS Version: Linux 6.12.34+rpt-rpi-2712 #1 SMP PREEMPT Debian 1:6.12.34-1+rpt1~bookworm (2025-06-26) aarch64
[2026-08-14 14:44:53.286] [1376956] [HailoRT] [info] [control.cpp:108] [control__parse_identify_results] firmware_version is: 4.20.0
[2026-08-14 14:44:53.287] [1376956] [HailoRT] [info] [vdevice.cpp:651] [create] VDevice Infos: 0001:03:00.0
[2026-08-14 14:44:53.323] [1376956] [HailoRT] [info] [hef.cpp:1929] [get_network_group_and_network_name] No name was given. Addressing all networks of default network_group: yolov8s
[2026-08-14 14:44:53.323] [1376956] [HailoRT] [info] [hef.cpp:1929] [get_network_group_and_network_name] No name was given. Addressing all networks of default network_group: yolov8s
[2026-08-14 14:44:53.349] [1376956] [HailoRT] [info] [internal_buffer_manager.cpp:202] [print_execution_results] Default Internal buffer planner failed to meet requirements
[2026-08-14 14:44:53.349] [1376956] [HailoRT] [info] [internal_buffer_manager.cpp:212] [print_execution_results] Default Internal buffer planner executed successfully
[2026-08-14 14:44:53.359] [1376956] [HailoRT] [info] [device_internal.cpp:57] [configure] Configuring HEF took 16.004817 milliseconds
[2026-08-14 14:44:53.359] [1376956] [HailoRT] [info] [vdevice.cpp:749] [configure] Configuring HEF on VDevice took 16.375798 milliseconds
[2026-08-14 14:44:53.359] [1376956] [HailoRT] [info] [infer_model.cpp:436] [configure] Configuring network group 'yolov8s' with params: batch size: 0, power mode: PERFORMANCE, latency: NONE
[2026-08-14 14:44:53.360] [1376956] [HailoRT] [info] [multi_io_elements.cpp:756] [create] Created (AsyncHwEl)
[2026-08-14 14:44:53.360] [1376956] [HailoRT] [info] [queue_elements.cpp:450] [create] Created (EntryPushQEl0yolov8s/input_layer1 | timeout: 10s)
[2026-08-14 14:44:53.360] [1376956] [HailoRT] [info] [filter_elements.cpp:101] [create] Created (PreInferEl3yolov8s/input_layer1 | Reorder - src_order: RGB4, src_shape: (640, 640, 3), dst_order: NHCW, dst_shape: (640, 640, 3))
[2026-08-14 14:44:53.360] [1376956] [HailoRT] [info] [queue_elements.cpp:450] [create] Created (PushQEl3yolov8s/input_layer1 | timeout: 10s)
[2026-08-14 14:44:53.360] [1376956] [HailoRT] [info] [multi_io_elements.cpp:135] [create] Created (NmsPPMuxEl0YOLOV8-Post-Process | Op YOLOV8, Name: YOLOV8-Post-Process, Score threshold: 0.200, IoU threshold: 0.70, Classes: 80, Cross classes: false, NMS results order: BY_CLASS, Max bboxes per class: 100, Image height: 640, Image width: 640)
[2026-08-14 14:44:53.360] [1376956] [HailoRT] [info] [queue_elements.cpp:942] [create] Created (MultiPushQEl0YOLOV8-Post-Process | timeout: 10s)
[2026-08-14 14:44:53.360] [1376956] [HailoRT] [info] [edge_elements.cpp:187] [create] Created (LastAsyncEl0NmsPPMuxEl0YOLOV8-Post-Process)
[2026-08-14 14:44:53.360] [1376956] [HailoRT] [info] [pipeline.cpp:891] [print_deep_description] EntryPushQEl0yolov8s/input_layer1 | inputs: user | outputs: PreInferEl3yolov8s/input_layer1(running in thread_id: 1386785)
[2026-08-14 14:44:53.360] [1376956] [HailoRT] [info] [pipeline.cpp:891] [print_deep_description] PreInferEl3yolov8s/input_layer1 | inputs: EntryPushQEl0yolov8s/input_layer1[0] | outputs: PushQEl3yolov8s/input_layer1
[2026-08-14 14:44:53.360] [1376956] [HailoRT] [info] [pipeline.cpp:891] [print_deep_description] PushQEl3yolov8s/input_layer1 | inputs: PreInferEl3yolov8s/input_layer1[0] | outputs: AsyncHwEl(running in thread_id: 1386786)
[2026-08-14 14:44:53.360] [1376956] [HailoRT] [info] [pipeline.cpp:891] [print_deep_description] AsyncHwEl | inputs: PushQEl3yolov8s/input_layer1[0] | outputs: MultiPushQEl0YOLOV8-Post-Process MultiPushQEl0YOLOV8-Post-Process MultiPushQEl0YOLOV8-Post-Process MultiPushQEl0YOLOV8-Post-Process MultiPushQEl0YOLOV8-Post-Process MultiPushQEl0YOLOV8-Post-Process
[2026-08-14 14:44:53.360] [1376956] [HailoRT] [info] [pipeline.cpp:891] [print_deep_description] MultiPushQEl0YOLOV8-Post-Process | inputs: AsyncHwEl[0] AsyncHwEl[1] AsyncHwEl[2] AsyncHwEl[3] AsyncHwEl[4] AsyncHwEl[5] | outputs: NmsPPMuxEl0YOLOV8-Post-Process(running in thread_id: 1386787)
[2026-08-14 14:44:53.360] [1376956] [HailoRT] [info] [pipeline.cpp:891] [print_deep_description] NmsPPMuxEl0YOLOV8-Post-Process | inputs: MultiPushQEl0YOLOV8-Post-Process[0] | outputs: LastAsyncEl0NmsPPMuxEl0YOLOV8-Post-Process
[2026-08-14 14:44:53.360] [1376956] [HailoRT] [info] [pipeline.cpp:891] [print_deep_description] LastAsyncEl0NmsPPMuxEl0YOLOV8-Post-Process | inputs: NmsPPMuxEl0YOLOV8-Post-Process[0] | outputs: user
[2026-08-14 14:44:53.760] [1377008] [HailoRT] [info] [hef.cpp:1929] [get_network_group_and_network_name] No name was given. Addressing all networks of default network_group: yolov8s
[2026-08-14 14:45:06.970] [1376956] [HailoRT] [info] [async_infer_runner.cpp:86] [shutdown] Pipeline was aborted. Shutting it down
[2026-08-14 14:45:06.970] [1376956] [HailoRT] [info] [queue_elements.cpp:1131] [execute_deactivate] enqueue() in element MultiPushQEl0YOLOV8-Post-Process was aborted, got status = HAILO_SHUTDOWN_EVENT_SIGNALED(57)
[2026-08-14 14:45:06.970] [1376956] [HailoRT] [info] [queue_elements.cpp:1131] [execute_deactivate] enqueue() in element MultiPushQEl0YOLOV8-Post-Process was aborted, got status = HAILO_SHUTDOWN_EVENT_SIGNALED(57)
[2026-08-14 14:45:06.970] [1376956] [HailoRT] [info] [queue_elements.cpp:1131] [execute_deactivate] enqueue() in element MultiPushQEl0YOLOV8-Post-Process was aborted, got status = HAILO_SHUTDOWN_EVENT_SIGNALED(57)
[2026-08-14 14:45:06.970] [1376956] [HailoRT] [info] [queue_elements.cpp:1131] [execute_deactivate] enqueue() in element MultiPushQEl0YOLOV8-Post-Process was aborted, got status = HAILO_SHUTDOWN_EVENT_SIGNALED(57)
[2026-08-14 14:45:06.970] [1376956] [HailoRT] [info] [queue_elements.cpp:1131] [execute_deactivate] enqueue() in element MultiPushQEl0YOLOV8-Post-Process was aborted, got status = HAILO_SHUTDOWN_EVENT_SIGNALED(57)
[2026-08-14 14:45:06.970] [1376956] [HailoRT] [info] [queue_elements.cpp:1131] [execute_deactivate] enqueue() in element MultiPushQEl0YOLOV8-Post-Process was aborted, got status = HAILO_SHUTDOWN_EVENT_SIGNALED(57)
[2026-08-14 14:45:06.970] [1376956] [HailoRT] [info] [queue_elements.cpp:570] [execute_deactivate] enqueue() in element PushQEl3yolov8s/input_layer1 was aborted, got status = HAILO_SHUTDOWN_EVENT_SIGNALED(57)
[2026-08-14 14:45:06.970] [1376956] [HailoRT] [info] [queue_elements.cpp:570] [execute_deactivate] enqueue() in element EntryPushQEl0yolov8s/input_layer1 was aborted, got status = HAILO_SHUTDOWN_EVENT_SIGNALED(57)
[2026-08-14 14:45:06.970] [1376956] [HailoRT] [info] [queue_elements.cpp:46] [~BaseQueueElement] Queue element EntryPushQEl0yolov8s/input_layer1 has 0 frames in his Queue on destruction
[2026-08-14 14:45:06.970] [1376956] [HailoRT] [info] [queue_elements.cpp:46] [~BaseQueueElement] Queue element PushQEl3yolov8s/input_layer1 has 0 frames in his Queue on destruction
[2026-08-14 14:45:07.058] [1376956] [HailoRT] [info] [vdevice.cpp:523] [create] Creating vdevice with params: device_count: 1, scheduling_algorithm: ROUND_ROBIN, multi_process_service: false
[2026-08-14 14:45:07.072] [1376956] [HailoRT] [info] [device.cpp:49] [Device] OS Version: Linux 6.12.34+rpt-rpi-2712 #1 SMP PREEMPT Debian 1:6.12.34-1+rpt1~bookworm (2025-06-26) aarch64
[2026-08-14 14:45:07.073] [1376956] [HailoRT] [info] [control.cpp:108] [control__parse_identify_results] firmware_version is: 4.20.0
[2026-08-14 14:45:07.073] [1376956] [HailoRT] [info] [vdevice.cpp:651] [create] VDevice Infos: 0001:03:00.0
[2026-08-14 14:45:07.112] [1376956] [HailoRT] [info] [hef.cpp:1929] [get_network_group_and_network_name] No name was given. Addressing all networks of default network_group: yolov8s
[2026-08-14 14:45:07.112] [1376956] [HailoRT] [info] [hef.cpp:1929] [get_network_group_and_network_name] No name was given. Addressing all networks of default network_group: yolov8s
[2026-08-14 14:45:07.139] [1376956] [HailoRT] [info] [internal_buffer_manager.cpp:202] [print_execution_results] Default Internal buffer planner failed to meet requirements
[2026-08-14 14:45:07.139] [1376956] [HailoRT] [info] [internal_buffer_manager.cpp:212] [print_execution_results] Default Internal buffer planner executed successfully
[2026-08-14 14:45:07.150] [1376956] [HailoRT] [info] [device_internal.cpp:57] [configure] Configuring HEF took 18.323701 milliseconds
[2026-08-14 14:45:07.150] [1376956] [HailoRT] [info] [vdevice.cpp:749] [configure] Configuring HEF on VDevice took 18.72357 milliseconds
[2026-08-14 14:45:07.150] [1376956] [HailoRT] [info] [infer_model.cpp:436] [configure] Configuring network group 'yolov8s' with params: batch size: 0, power mode: PERFORMANCE, latency: NONE
[2026-08-14 14:45:07.150] [1376956] [HailoRT] [info] [multi_io_elements.cpp:756] [create] Created (AsyncHwEl)
[2026-08-14 14:45:07.150] [1376956] [HailoRT] [info] [queue_elements.cpp:450] [create] Created (EntryPushQEl0yolov8s/input_layer1 | timeout: 10s)
[2026-08-14 14:45:07.150] [1376956] [HailoRT] [info] [filter_elements.cpp:101] [create] Created (PreInferEl3yolov8s/input_layer1 | Reorder - src_order: RGB4, src_shape: (640, 640, 3), dst_order: NHCW, dst_shape: (640, 640, 3))
[2026-08-14 14:45:07.151] [1376956] [HailoRT] [info] [queue_elements.cpp:450] [create] Created (PushQEl3yolov8s/input_layer1 | timeout: 10s)
[2026-08-14 14:45:07.151] [1376956] [HailoRT] [info] [multi_io_elements.cpp:135] [create] Created (NmsPPMuxEl0YOLOV8-Post-Process | Op YOLOV8, Name: YOLOV8-Post-Process, Score threshold: 0.200, IoU threshold: 0.70, Classes: 80, Cross classes: false, NMS results order: BY_CLASS, Max bboxes per class: 100, Image height: 640, Image width: 640)
[2026-08-14 14:45:07.151] [1376956] [HailoRT] [info] [queue_elements.cpp:942] [create] Created (MultiPushQEl0YOLOV8-Post-Process | timeout: 10s)
[2026-08-14 14:45:07.151] [1376956] [HailoRT] [info] [edge_elements.cpp:187] [create] Created (LastAsyncEl0NmsPPMuxEl0YOLOV8-Post-Process)
[2026-08-14 14:45:07.151] [1376956] [HailoRT] [info] [pipeline.cpp:891] [print_deep_description] EntryPushQEl0yolov8s/input_layer1 | inputs: user | outputs: PreInferEl3yolov8s/input_layer1(running in thread_id: 1387168)
[2026-08-14 14:45:07.151] [1376956] [HailoRT] [info] [pipeline.cpp:891] [print_deep_description] PreInferEl3yolov8s/input_layer1 | inputs: EntryPushQEl0yolov8s/input_layer1[0] | outputs: PushQEl3yolov8s/input_layer1
[2026-08-14 14:45:07.151] [1376956] [HailoRT] [info] [pipeline.cpp:891] [print_deep_description] PushQEl3yolov8s/input_layer1 | inputs: PreInferEl3yolov8s/input_layer1[0] | outputs: AsyncHwEl(running in thread_id: 1387169)
[2026-08-14 14:45:07.151] [1376956] [HailoRT] [info] [pipeline.cpp:891] [print_deep_description] AsyncHwEl | inputs: PushQEl3yolov8s/input_layer1[0] | outputs: MultiPushQEl0YOLOV8-Post-Process MultiPushQEl0YOLOV8-Post-Process MultiPushQEl0YOLOV8-Post-Process MultiPushQEl0YOLOV8-Post-Process MultiPushQEl0YOLOV8-Post-Process MultiPushQEl0YOLOV8-Post-Process
[2026-08-14 14:45:07.151] [1376956] [HailoRT] [info] [pipeline.cpp:891] [print_deep_description] MultiPushQEl0YOLOV8-Post-Process | inputs: AsyncHwEl[0] AsyncHwEl[1] AsyncHwEl[2] AsyncHwEl[3] AsyncHwEl[4] AsyncHwEl[5] | outputs: NmsPPMuxEl0YOLOV8-Post-Process(running in thread_id: 1387170)
[2026-08-14 14:45:07.151] [1376956] [HailoRT] [info] [pipeline.cpp:891] [print_deep_description] NmsPPMuxEl0YOLOV8-Post-Process | inputs: MultiPushQEl0YOLOV8-Post-Process[0] | outputs: LastAsyncEl0NmsPPMuxEl0YOLOV8-Post-Process
[2026-08-14 14:45:07.151] [1376956] [HailoRT] [info] [pipeline.cpp:891] [print_deep_description] LastAsyncEl0NmsPPMuxEl0YOLOV8-Post-Process | inputs: NmsPPMuxEl0YOLOV8-Post-Process[0] | outputs: user
[2026-08-14 14:45:07.547] [1377008] [HailoRT] [info] [hef.cpp:1929] [get_network_group_and_network_name] No name was given. Addressing all networks of default network_group: yolov8s
[2026-08-14 14:48:26.412] [1376956] [HailoRT] [info] [async_infer_runner.cpp:86] [shutdown] Pipeline was aborted. Shutting it down
[2026-08-14 14:48:26.419] [1387162] [HailoRT] [info] [network_group.cpp:857] [operator()] Infer request was aborted by user
[2026-08-14 14:48:26.420] [1376956] [HailoRT] [info] [queue_elements.cpp:1131] [execute_deactivate] enqueue() in element MultiPushQEl0YOLOV8-Post-Process was aborted, got status = HAILO_SHUTDOWN_EVENT_SIGNALED(57)
[2026-08-14 14:48:26.420] [1376956] [HailoRT] [info] [queue_elements.cpp:1131] [execute_deactivate] enqueue() in element MultiPushQEl0YOLOV8-Post-Process was aborted, got status = HAILO_SHUTDOWN_EVENT_SIGNALED(57)
[2026-08-14 14:48:26.420] [1376956] [HailoRT] [info] [queue_elements.cpp:1131] [execute_deactivate] enqueue() in element MultiPushQEl0YOLOV8-Post-Process was aborted, got status = HAILO_SHUTDOWN_EVENT_SIGNALED(57)
[2026-08-14 14:48:26.420] [1376956] [HailoRT] [info] [queue_elements.cpp:1131] [execute_deactivate] enqueue() in element MultiPushQEl0YOLOV8-Post-Process was aborted, got status = HAILO_SHUTDOWN_EVENT_SIGNALED(57)
[2026-08-14 14:48:26.420] [1376956] [HailoRT] [info] [queue_elements.cpp:1131] [execute_deactivate] enqueue() in element MultiPushQEl0YOLOV8-Post-Process was aborted, got status = HAILO_SHUTDOWN_EVENT_SIGNALED(57)
[2026-08-14 14:48:26.420] [1376956] [HailoRT] [info] [queue_elements.cpp:1131] [execute_deactivate] enqueue() in element MultiPushQEl0YOLOV8-Post-Process was aborted, got status = HAILO_SHUTDOWN_EVENT_SIGNALED(57)
[2026-08-14 14:48:26.420] [1376956] [HailoRT] [info] [queue_elements.cpp:570] [execute_deactivate] enqueue() in element PushQEl3yolov8s/input_layer1 was aborted, got status = HAILO_SHUTDOWN_EVENT_SIGNALED(57)
[2026-08-14 14:48:26.420] [1376956] [HailoRT] [info] [queue_elements.cpp:570] [execute_deactivate] enqueue() in element EntryPushQEl0yolov8s/input_layer1 was aborted, got status = HAILO_SHUTDOWN_EVENT_SIGNALED(57)
[2026-08-14 14:48:26.420] [1376956] [HailoRT] [info] [queue_elements.cpp:46] [~BaseQueueElement] Queue element EntryPushQEl0yolov8s/input_layer1 has 0 frames in his Queue on destruction
[2026-08-14 14:48:26.420] [1376956] [HailoRT] [info] [queue_elements.cpp:46] [~BaseQueueElement] Queue element PushQEl3yolov8s/input_layer1 has 0 frames in his Queue on destruction
[2026-08-14 14:48:28.822] [1391769] [HailoRT] [info] [vdevice.cpp:523] [create] Creating vdevice with params: device_count: 1, scheduling_algorithm: ROUND_ROBIN, multi_process_service: false
[2026-08-14 14:48:28.834] [1391769] [HailoRT] [info] [device.cpp:49] [Device] OS Version: Linux 6.12.34+rpt-rpi-2712 #1 SMP PREEMPT Debian 1:6.12.34-1+rpt1~bookworm (2025-06-26) aarch64
[2026-08-14 14:48:28.835] [1391769] [HailoRT] [info] [control.cpp:108] [control__parse_identify_results] firmware_version is: 4.20.0
[2026-08-14 14:48:28.835] [1391769] [HailoRT] [info] [vdevice.cpp:651] [create] VDevice Infos: 0001:03:00.0
[2026-08-14 14:48:28.873] [1391769] [HailoRT] [info] [hef.cpp:1929] [get_network_group_and_network_name] No name was given. Addressing all networks of default network_group: yolov8s
[2026-08-14 14:48:28.873] [1391769] [HailoRT] [info] [hef.cpp:1929] [get_network_group_and_network_name] No name was given. Addressing all networks of default network_group: yolov8s
[2026-08-14 14:48:28.903] [1391769] [HailoRT] [info] [internal_buffer_manager.cpp:202] [print_execution_results] Default Internal buffer planner failed to meet requirements
[2026-08-14 14:48:28.903] [1391769] [HailoRT] [info] [internal_buffer_manager.cpp:212] [print_execution_results] Default Internal buffer planner executed successfully
[2026-08-14 14:48:28.913] [1391769] [HailoRT] [info] [device_internal.cpp:57] [configure] Configuring HEF took 16.390539 milliseconds
[2026-08-14 14:48:28.913] [1391769] [HailoRT] [info] [vdevice.cpp:749] [configure] Configuring HEF on VDevice took 16.748742 milliseconds
[2026-08-14 14:48:28.913] [1391769] [HailoRT] [info] [infer_model.cpp:436] [configure] Configuring network group 'yolov8s' with params: batch size: 0, power mode: PERFORMANCE, latency: NONE
[2026-08-14 14:48:28.913] [1391769] [HailoRT] [info] [multi_io_elements.cpp:756] [create] Created (AsyncHwEl)
[2026-08-14 14:48:28.913] [1391769] [HailoRT] [info] [queue_elements.cpp:450] [create] Created (EntryPushQEl0yolov8s/input_layer1 | timeout: 10s)
[2026-08-14 14:48:28.913] [1391769] [HailoRT] [info] [filter_elements.cpp:101] [create] Created (PreInferEl3yolov8s/input_layer1 | Reorder - src_order: RGB4, src_shape: (640, 640, 3), dst_order: NHCW, dst_shape: (640, 640, 3))
[2026-08-14 14:48:28.913] [1391769] [HailoRT] [info] [queue_elements.cpp:450] [create] Created (PushQEl3yolov8s/input_layer1 | timeout: 10s)
[2026-08-14 14:48:28.913] [1391769] [HailoRT] [info] [multi_io_elements.cpp:135] [create] Created (NmsPPMuxEl0YOLOV8-Post-Process | Op YOLOV8, Name: YOLOV8-Post-Process, Score threshold: 0.200, IoU threshold: 0.70, Classes: 80, Cross classes: false, NMS results order: BY_CLASS, Max bboxes per class: 100, Image height: 640, Image width: 640)
[2026-08-14 14:48:28.913] [1391769] [HailoRT] [info] [queue_elements.cpp:942] [create] Created (MultiPushQEl0YOLOV8-Post-Process | timeout: 10s)
[2026-08-14 14:48:28.913] [1391769] [HailoRT] [info] [edge_elements.cpp:187] [create] Created (LastAsyncEl0NmsPPMuxEl0YOLOV8-Post-Process)
[2026-08-14 14:48:28.913] [1391769] [HailoRT] [info] [pipeline.cpp:891] [print_deep_description] EntryPushQEl0yolov8s/input_layer1 | inputs: user | outputs: PreInferEl3yolov8s/input_layer1(running in thread_id: 1391803)
[2026-08-14 14:48:28.913] [1391769] [HailoRT] [info] [pipeline.cpp:891] [print_deep_description] PreInferEl3yolov8s/input_layer1 | inputs: EntryPushQEl0yolov8s/input_layer1[0] | outputs: PushQEl3yolov8s/input_layer1
[2026-08-14 14:48:28.913] [1391769] [HailoRT] [info] [pipeline.cpp:891] [print_deep_description] PushQEl3yolov8s/input_layer1 | inputs: PreInferEl3yolov8s/input_layer1[0] | outputs: AsyncHwEl(running in thread_id: 1391804)
[2026-08-14 14:48:28.913] [1391769] [HailoRT] [info] [pipeline.cpp:891] [print_deep_description] AsyncHwEl | inputs: PushQEl3yolov8s/input_layer1[0] | outputs: MultiPushQEl0YOLOV8-Post-Process MultiPushQEl0YOLOV8-Post-Process MultiPushQEl0YOLOV8-Post-Process MultiPushQEl0YOLOV8-Post-Process MultiPushQEl0YOLOV8-Post-Process MultiPushQEl0YOLOV8-Post-Process
[2026-08-14 14:48:28.914] [1391769] [HailoRT] [info] [pipeline.cpp:891] [print_deep_description] MultiPushQEl0YOLOV8-Post-Process | inputs: AsyncHwEl[0] AsyncHwEl[1] AsyncHwEl[2] AsyncHwEl[3] AsyncHwEl[4] AsyncHwEl[5] | outputs: NmsPPMuxEl0YOLOV8-Post-Process(running in thread_id: 1391805)
[2026-08-14 14:48:28.914] [1391769] [HailoRT] [info] [pipeline.cpp:891] [print_deep_description] NmsPPMuxEl0YOLOV8-Post-Process | inputs: MultiPushQEl0YOLOV8-Post-Process[0] | outputs: LastAsyncEl0NmsPPMuxEl0YOLOV8-Post-Process
[2026-08-14 14:48:28.914] [1391769] [HailoRT] [info] [pipeline.cpp:891] [print_deep_description] LastAsyncEl0NmsPPMuxEl0YOLOV8-Post-Process | inputs: NmsPPMuxEl0YOLOV8-Post-Process[0] | outputs: user
[2026-08-14 14:48:29.324] [1391794] [HailoRT] [info] [hef.cpp:1929] [get_network_group_and_network_name] No name was given. Addressing all networks of default network_group: yolov8s
[2026-08-14 14:49:00.494] [1391769] [HailoRT] [info] [async_infer_runner.cpp:86] [shutdown] Pipeline was aborted. Shutting it down
[2026-08-14 14:49:00.500] [1391789] [HailoRT] [info] [network_group.cpp:857] [operator()] Infer request was aborted by user
[2026-08-14 14:49:00.500] [1391769] [HailoRT] [info] [queue_elements.cpp:1131] [execute_deactivate] enqueue() in element MultiPushQEl0YOLOV8-Post-Process was aborted, got status = HAILO_SHUTDOWN_EVENT_SIGNALED(57)
[2026-08-14 14:49:00.500] [1391769] [HailoRT] [info] [queue_elements.cpp:1131] [execute_deactivate] enqueue() in element MultiPushQEl0YOLOV8-Post-Process was aborted, got status = HAILO_SHUTDOWN_EVENT_SIGNALED(57)
[2026-08-14 14:49:00.500] [1391769] [HailoRT] [info] [queue_elements.cpp:1131] [execute_deactivate] enqueue() in element MultiPushQEl0YOLOV8-Post-Process was aborted, got status = HAILO_SHUTDOWN_EVENT_SIGNALED(57)
[2026-08-14 14:49:00.500] [1391769] [HailoRT] [info] [queue_elements.cpp:1131] [execute_deactivate] enqueue() in element MultiPushQEl0YOLOV8-Post-Process was aborted, got status = HAILO_SHUTDOWN_EVENT_SIGNALED(57)
[2026-08-14 14:49:00.500] [1391769] [HailoRT] [info] [queue_elements.cpp:1131] [execute_deactivate] enqueue() in element MultiPushQEl0YOLOV8-Post-Process was aborted, got status = HAILO_SHUTDOWN_EVENT_SIGNALED(57)
[2026-08-14 14:49:00.500] [1391769] [HailoRT] [info] [queue_elements.cpp:1131] [execute_deactivate] enqueue() in element MultiPushQEl0YOLOV8-Post-Process was aborted, got status = HAILO_SHUTDOWN_EVENT_SIGNALED(57)
[2026-08-14 14:49:00.500] [1391769] [HailoRT] [info] [queue_elements.cpp:570] [execute_deactivate] enqueue() in element PushQEl3yolov8s/input_layer1 was aborted, got status = HAILO_SHUTDOWN_EVENT_SIGNALED(57)
[2026-08-14 14:49:00.500] [1391769] [HailoRT] [info] [queue_elements.cpp:570] [execute_deactivate] enqueue() in element EntryPushQEl0yolov8s/input_layer1 was aborted, got status = HAILO_SHUTDOWN_EVENT_SIGNALED(57)
[2026-08-14 14:49:00.500] [1391769] [HailoRT] [info] [queue_elements.cpp:46] [~BaseQueueElement] Queue element EntryPushQEl0yolov8s/input_layer1 has 0 frames in his Queue on destruction
[2026-08-14 14:49:00.500] [1391769] [HailoRT] [info] [queue_elements.cpp:46] [~BaseQueueElement] Queue element PushQEl3yolov8s/input_layer1 has 0 frames in his Queue on destruction
[2026-08-14 14:49:00.577] [1391769] [HailoRT] [info] [vdevice.cpp:523] [create] Creating vdevice with params: device_count: 1, scheduling_algorithm: ROUND_ROBIN, multi_process_service: false
[2026-08-14 14:49:00.590] [1391769] [HailoRT] [info] [device.cpp:49] [Device] OS Version: Linux 6.12.34+rpt-rpi-2712 #1 SMP PREEMPT Debian 1:6.12.34-1+rpt1~bookworm (2025-06-26) aarch64
[2026-08-14 14:49:00.591] [1391769] [HailoRT] [info] [control.cpp:108] [control__parse_identify_results] firmware_version is: 4.20.0
[2026-08-14 14:49:00.591] [1391769] [HailoRT] [info] [vdevice.cpp:651] [create] VDevice Infos: 0001:03:00.0
[2026-08-14 14:49:00.628] [1391769] [HailoRT] [info] [hef.cpp:1929] [get_network_group_and_network_name] No name was given. Addressing all networks of default network_group: yolov8s
[2026-08-14 14:49:00.628] [1391769] [HailoRT] [info] [hef.cpp:1929] [get_network_group_and_network_name] No name was given. Addressing all networks of default network_group: yolov8s
[2026-08-14 14:49:00.656] [1391769] [HailoRT] [info] [internal_buffer_manager.cpp:202] [print_execution_results] Default Internal buffer planner failed to meet requirements
[2026-08-14 14:49:00.656] [1391769] [HailoRT] [info] [internal_buffer_manager.cpp:212] [print_execution_results] Default Internal buffer planner executed successfully
[2026-08-14 14:49:00.666] [1391769] [HailoRT] [info] [device_internal.cpp:57] [configure] Configuring HEF took 16.769575 milliseconds
[2026-08-14 14:49:00.666] [1391769] [HailoRT] [info] [vdevice.cpp:749] [configure] Configuring HEF on VDevice took 17.296537 milliseconds
[2026-08-14 14:49:00.666] [1391769] [HailoRT] [info] [infer_model.cpp:436] [configure] Configuring network group 'yolov8s' with params: batch size: 0, power mode: PERFORMANCE, latency: NONE
[2026-08-14 14:49:00.666] [1391769] [HailoRT] [info] [multi_io_elements.cpp:756] [create] Created (AsyncHwEl)
[2026-08-14 14:49:00.666] [1391769] [HailoRT] [info] [queue_elements.cpp:450] [create] Created (EntryPushQEl0yolov8s/input_layer1 | timeout: 10s)
[2026-08-14 14:49:00.666] [1391769] [HailoRT] [info] [filter_elements.cpp:101] [create] Created (PreInferEl3yolov8s/input_layer1 | Reorder - src_order: RGB4, src_shape: (640, 640, 3), dst_order: NHCW, dst_shape: (640, 640, 3))
[2026-08-14 14:49:00.666] [1391769] [HailoRT] [info] [queue_elements.cpp:450] [create] Created (PushQEl3yolov8s/input_layer1 | timeout: 10s)
[2026-08-14 14:49:00.667] [1391769] [HailoRT] [info] [multi_io_elements.cpp:135] [create] Created (NmsPPMuxEl0YOLOV8-Post-Process | Op YOLOV8, Name: YOLOV8-Post-Process, Score threshold: 0.200, IoU threshold: 0.70, Classes: 80, Cross classes: false, NMS results order: BY_CLASS, Max bboxes per class: 100, Image height: 640, Image width: 640)
[2026-08-14 14:49:00.667] [1391769] [HailoRT] [info] [queue_elements.cpp:942] [create] Created (MultiPushQEl0YOLOV8-Post-Process | timeout: 10s)
[2026-08-14 14:49:00.667] [1391769] [HailoRT] [info] [edge_elements.cpp:187] [create] Created (LastAsyncEl0NmsPPMuxEl0YOLOV8-Post-Process)
[2026-08-14 14:49:00.667] [1391769] [HailoRT] [info] [pipeline.cpp:891] [print_deep_description] EntryPushQEl0yolov8s/input_layer1 | inputs: user | outputs: PreInferEl3yolov8s/input_layer1(running in thread_id: 1392542)
[2026-08-14 14:49:00.667] [1391769] [HailoRT] [info] [pipeline.cpp:891] [print_deep_description] PreInferEl3yolov8s/input_layer1 | inputs: EntryPushQEl0yolov8s/input_layer1[0] | outputs: PushQEl3yolov8s/input_layer1
[2026-08-14 14:49:00.667] [1391769] [HailoRT] [info] [pipeline.cpp:891] [print_deep_description] PushQEl3yolov8s/input_layer1 | inputs: PreInferEl3yolov8s/input_layer1[0] | outputs: AsyncHwEl(running in thread_id: 1392543)
[2026-08-14 14:49:00.667] [1391769] [HailoRT] [info] [pipeline.cpp:891] [print_deep_description] AsyncHwEl | inputs: PushQEl3yolov8s/input_layer1[0] | outputs: MultiPushQEl0YOLOV8-Post-Process MultiPushQEl0YOLOV8-Post-Process MultiPushQEl0YOLOV8-Post-Process MultiPushQEl0YOLOV8-Post-Process MultiPushQEl0YOLOV8-Post-Process MultiPushQEl0YOLOV8-Post-Process
[2026-08-14 14:49:00.667] [1391769] [HailoRT] [info] [pipeline.cpp:891] [print_deep_description] MultiPushQEl0YOLOV8-Post-Process | inputs: AsyncHwEl[0] AsyncHwEl[1] AsyncHwEl[2] AsyncHwEl[3] AsyncHwEl[4] AsyncHwEl[5] | outputs: NmsPPMuxEl0YOLOV8-Post-Process(running in thread_id: 1392544)
[2026-08-14 14:49:00.667] [1391769] [HailoRT] [info] [pipeline.cpp:891] [print_deep_description] NmsPPMuxEl0YOLOV8-Post-Process | inputs: MultiPushQEl0YOLOV8-Post-Process[0] | outputs: LastAsyncEl0NmsPPMuxEl0YOLOV8-Post-Process
[2026-08-14 14:49:00.667] [1391769] [HailoRT] [info] [pipeline.cpp:891] [print_deep_description] LastAsyncEl0NmsPPMuxEl0YOLOV8-Post-Process | inputs: NmsPPMuxEl0YOLOV8-Post-Process[0] | outputs: user
[2026-08-14 14:49:01.071] [1391794] [HailoRT] [info] [hef.cpp:1929] [get_network_group_and_network_name] No name was given. Addressing all networks of default network_group: yolov8s
[2026-08-14 14:49:45.529] [1391769] [HailoRT] [info] [async_infer_runner.cpp:86] [shutdown] Pipeline was aborted. Shutting it down
[2026-08-14 14:49:45.529] [1391769] [HailoRT] [info] [queue_elements.cpp:1131] [execute_deactivate] enqueue() in element MultiPushQEl0YOLOV8-Post-Process was aborted, got status = HAILO_SHUTDOWN_EVENT_SIGNALED(57)
[2026-08-14 14:49:45.529] [1391769] [HailoRT] [info] [queue_elements.cpp:1131] [execute_deactivate] enqueue() in element MultiPushQEl0YOLOV8-Post-Process was aborted, got status = HAILO_SHUTDOWN_EVENT_SIGNALED(57)
[2026-08-14 14:49:45.529] [1391769] [HailoRT] [info] [queue_elements.cpp:1131] [execute_deactivate] enqueue() in element MultiPushQEl0YOLOV8-Post-Process was aborted, got status = HAILO_SHUTDOWN_EVENT_SIGNALED(57)
[2026-08-14 14:49:45.529] [1391769] [HailoRT] [info] [queue_elements.cpp:1131] [execute_deactivate] enqueue() in element MultiPushQEl0YOLOV8-Post-Process was aborted, got status = HAILO_SHUTDOWN_EVENT_SIGNALED(57)
[2026-08-14 14:49:45.529] [1391769] [HailoRT] [info] [queue_elements.cpp:1131] [execute_deactivate] enqueue() in element MultiPushQEl0YOLOV8-Post-Process was aborted, got status = HAILO_SHUTDOWN_EVENT_SIGNALED(57)
[2026-08-14 14:49:45.529] [1391769] [HailoRT] [info] [queue_elements.cpp:1131] [execute_deactivate] enqueue() in element MultiPushQEl0YOLOV8-Post-Process was aborted, got status = HAILO_SHUTDOWN_EVENT_SIGNALED(57)
[2026-08-14 14:49:45.529] [1391769] [HailoRT] [info] [queue_elements.cpp:570] [execute_deactivate] enqueue() in element PushQEl3yolov8s/input_layer1 was aborted, got status = HAILO_SHUTDOWN_EVENT_SIGNALED(57)
[2026-08-14 14:49:45.529] [1391769] [HailoRT] [info] [queue_elements.cpp:570] [execute_deactivate] enqueue() in element EntryPushQEl0yolov8s/input_layer1 was aborted, got status = HAILO_SHUTDOWN_EVENT_SIGNALED(57)
[2026-08-14 14:49:45.529] [1391769] [HailoRT] [info] [queue_elements.cpp:46] [~BaseQueueElement] Queue element EntryPushQEl0yolov8s/input_layer1 has 0 frames in his Queue on destruction
[2026-08-14 14:49:45.529] [1391769] [HailoRT] [info] [queue_elements.cpp:46] [~BaseQueueElement] Queue element PushQEl3yolov8s/input_layer1 has 0 frames in his Queue on destruction
[2026-08-14 14:49:45.594] [1391769] [HailoRT] [info] [vdevice.cpp:523] [create] Creating vdevice with params: device_count: 1, scheduling_algorithm: ROUND_ROBIN, multi_process_service: false
[2026-08-14 14:49:45.606] [1391769] [HailoRT] [info] [device.cpp:49] [Device] OS Version: Linux 6.12.34+rpt-rpi-2712 #1 SMP PREEMPT Debian 1:6.12.34-1+rpt1~bookworm (2025-06-26) aarch64
[2026-08-14 14:49:45.607] [1391769] [HailoRT] [info] [control.cpp:108] [control__parse_identify_results] firmware_version is: 4.20.0
[2026-08-14 14:49:45.607] [1391769] [HailoRT] [info] [vdevice.cpp:651] [create] VDevice Infos: 0001:03:00.0
[2026-08-14 14:49:45.607] [1391769] [HailoRT] [error] [file_utils.cpp:40] [read_binary_file] CHECK failed - Error opening file /home/pi/iriv-vision-studio/backend/models/yolov8s_pose.hef
[2026-08-14 14:49:45.607] [1391769] [HailoRT] [error] [hef.cpp:525] [parse_hef_file] CHECK_SUCCESS failed with status=HAILO_OPEN_FILE_FAILURE(13)
[2026-08-14 14:49:45.608] [1391769] [HailoRT] [error] [hef.cpp:1002] [Impl] Failed parsing HEF file
[2026-08-14 14:49:45.608] [1391769] [HailoRT] [error] [hef.cpp:314] [create] Failed creating HEF
[2026-08-14 14:49:45.608] [1391769] [HailoRT] [error] [hef.cpp:170] [create] CHECK_SUCCESS failed with status=HAILO_OPEN_FILE_FAILURE(13)
[2026-08-14 14:49:45.608] [1391769] [HailoRT] [error] [infer_model.cpp:242] [create] CHECK_SUCCESS failed with status=HAILO_OPEN_FILE_FAILURE(13)
[2026-08-14 14:49:45.608] [1391769] [HailoRT] [error] [vdevice.cpp:756] [create_infer_model] CHECK_SUCCESS failed with status=HAILO_OPEN_FILE_FAILURE(13)
[2026-08-14 15:04:35.186] [1411203] [HailoRT] [info] [vdevice.cpp:523] [create] Creating vdevice with params: device_count: 1, scheduling_algorithm: ROUND_ROBIN, multi_process_service: false
[2026-08-14 15:04:35.198] [1411203] [HailoRT] [info] [device.cpp:49] [Device] OS Version: Linux 6.12.34+rpt-rpi-2712 #1 SMP PREEMPT Debian 1:6.12.34-1+rpt1~bookworm (2025-06-26) aarch64
[2026-08-14 15:04:35.200] [1411203] [HailoRT] [info] [control.cpp:108] [control__parse_identify_results] firmware_version is: 4.20.0
[2026-08-14 15:04:35.200] [1411203] [HailoRT] [info] [vdevice.cpp:651] [create] VDevice Infos: 0001:03:00.0
[2026-08-14 15:04:35.238] [1411203] [HailoRT] [info] [hef.cpp:1929] [get_network_group_and_network_name] No name was given. Addressing all networks of default network_group: yolov8s
[2026-08-14 15:04:35.238] [1411203] [HailoRT] [info] [hef.cpp:1929] [get_network_group_and_network_name] No name was given. Addressing all networks of default network_group: yolov8s
[2026-08-14 15:04:35.272] [1411203] [HailoRT] [info] [internal_buffer_manager.cpp:202] [print_execution_results] Default Internal buffer planner failed to meet requirements
[2026-08-14 15:04:35.272] [1411203] [HailoRT] [info] [internal_buffer_manager.cpp:212] [print_execution_results] Default Internal buffer planner executed successfully
[2026-08-14 15:04:35.293] [1411203] [HailoRT] [info] [device_internal.cpp:57] [configure] Configuring HEF took 29.533512 milliseconds
[2026-08-14 15:04:35.293] [1411203] [HailoRT] [info] [vdevice.cpp:749] [configure] Configuring HEF on VDevice took 29.915549 milliseconds
[2026-08-14 15:04:35.293] [1411203] [HailoRT] [info] [infer_model.cpp:436] [configure] Configuring network group 'yolov8s' with params: batch size: 0, power mode: PERFORMANCE, latency: NONE
[2026-08-14 15:04:35.293] [1411203] [HailoRT] [info] [multi_io_elements.cpp:756] [create] Created (AsyncHwEl)
[2026-08-14 15:04:35.298] [1411203] [HailoRT] [info] [queue_elements.cpp:450] [create] Created (EntryPushQEl0yolov8s/input_layer1 | timeout: 10s)
[2026-08-14 15:04:35.299] [1411203] [HailoRT] [info] [filter_elements.cpp:101] [create] Created (PreInferEl3yolov8s/input_layer1 | Reorder - src_order: RGB4, src_shape: (640, 640, 3), dst_order: NHCW, dst_shape: (640, 640, 3))
[2026-08-14 15:04:35.300] [1411203] [HailoRT] [info] [queue_elements.cpp:450] [create] Created (PushQEl3yolov8s/input_layer1 | timeout: 10s)
[2026-08-14 15:04:35.300] [1411203] [HailoRT] [info] [multi_io_elements.cpp:135] [create] Created (NmsPPMuxEl0YOLOV8-Post-Process | Op YOLOV8, Name: YOLOV8-Post-Process, Score threshold: 0.200, IoU threshold: 0.70, Classes: 80, Cross classes: false, NMS results order: BY_CLASS, Max bboxes per class: 100, Image height: 640, Image width: 640)
[2026-08-14 15:04:35.301] [1411203] [HailoRT] [info] [queue_elements.cpp:942] [create] Created (MultiPushQEl0YOLOV8-Post-Process | timeout: 10s)
[2026-08-14 15:04:35.301] [1411203] [HailoRT] [info] [edge_elements.cpp:187] [create] Created (LastAsyncEl0NmsPPMuxEl0YOLOV8-Post-Process)
[2026-08-14 15:04:35.302] [1411203] [HailoRT] [info] [pipeline.cpp:891] [print_deep_description] EntryPushQEl0yolov8s/input_layer1 | inputs: user | outputs: PreInferEl3yolov8s/input_layer1(running in thread_id: 1411256)
[2026-08-14 15:04:35.302] [1411203] [HailoRT] [info] [pipeline.cpp:891] [print_deep_description] PreInferEl3yolov8s/input_layer1 | inputs: EntryPushQEl0yolov8s/input_layer1[0] | outputs: PushQEl3yolov8s/input_layer1
[2026-08-14 15:04:35.302] [1411203] [HailoRT] [info] [pipeline.cpp:891] [print_deep_description] PushQEl3yolov8s/input_layer1 | inputs: PreInferEl3yolov8s/input_layer1[0] | outputs: AsyncHwEl(running in thread_id: 1411260)
[2026-08-14 15:04:35.302] [1411203] [HailoRT] [info] [pipeline.cpp:891] [print_deep_description] AsyncHwEl | inputs: PushQEl3yolov8s/input_layer1[0] | outputs: MultiPushQEl0YOLOV8-Post-Process MultiPushQEl0YOLOV8-Post-Process MultiPushQEl0YOLOV8-Post-Process MultiPushQEl0YOLOV8-Post-Process MultiPushQEl0YOLOV8-Post-Process MultiPushQEl0YOLOV8-Post-Process
[2026-08-14 15:04:35.302] [1411203] [HailoRT] [info] [pipeline.cpp:891] [print_deep_description] MultiPushQEl0YOLOV8-Post-Process | inputs: AsyncHwEl[0] AsyncHwEl[1] AsyncHwEl[2] AsyncHwEl[3] AsyncHwEl[4] AsyncHwEl[5] | outputs: NmsPPMuxEl0YOLOV8-Post-Process(running in thread_id: 1411261)
[2026-08-14 15:04:35.302] [1411203] [HailoRT] [info] [pipeline.cpp:891] [print_deep_description] NmsPPMuxEl0YOLOV8-Post-Process | inputs: MultiPushQEl0YOLOV8-Post-Process[0] | outputs: LastAsyncEl0NmsPPMuxEl0YOLOV8-Post-Process
[2026-08-14 15:04:35.302] [1411203] [HailoRT] [info] [pipeline.cpp:891] [print_deep_description] LastAsyncEl0NmsPPMuxEl0YOLOV8-Post-Process | inputs: NmsPPMuxEl0YOLOV8-Post-Process[0] | outputs: user
[2026-08-14 15:04:35.767] [1411247] [HailoRT] [info] [hef.cpp:1929] [get_network_group_and_network_name] No name was given. Addressing all networks of default network_group: yolov8s
[2026-08-14 15:09:09.944] [1416906] [HailoRT] [info] [vdevice.cpp:523] [create] Creating vdevice with params: device_count: 1, scheduling_algorithm: ROUND_ROBIN, multi_process_service: false
[2026-08-14 15:09:09.955] [1416906] [HailoRT] [info] [device.cpp:49] [Device] OS Version: Linux 6.12.34+rpt-rpi-2712 #1 SMP PREEMPT Debian 1:6.12.34-1+rpt1~bookworm (2025-06-26) aarch64
[2026-08-14 15:09:09.957] [1416906] [HailoRT] [info] [control.cpp:108] [control__parse_identify_results] firmware_version is: 4.20.0
[2026-08-14 15:09:09.957] [1416906] [HailoRT] [info] [vdevice.cpp:651] [create] VDevice Infos: 0001:03:00.0
[2026-08-14 15:09:09.995] [1416906] [HailoRT] [info] [hef.cpp:1929] [get_network_group_and_network_name] No name was given. Addressing all networks of default network_group: yolov8s
[2026-08-14 15:09:09.995] [1416906] [HailoRT] [info] [hef.cpp:1929] [get_network_group_and_network_name] No name was given. Addressing all networks of default network_group: yolov8s
[2026-08-14 15:09:10.027] [1416906] [HailoRT] [info] [internal_buffer_manager.cpp:202] [print_execution_results] Default Internal buffer planner failed to meet requirements
[2026-08-14 15:09:10.027] [1416906] [HailoRT] [info] [internal_buffer_manager.cpp:212] [print_execution_results] Default Internal buffer planner executed successfully
[2026-08-14 15:09:10.038] [1416906] [HailoRT] [info] [device_internal.cpp:57] [configure] Configuring HEF took 18.85905 milliseconds
[2026-08-14 15:09:10.038] [1416906] [HailoRT] [info] [vdevice.cpp:749] [configure] Configuring HEF on VDevice took 19.217772 milliseconds
[2026-08-14 15:09:10.038] [1416906] [HailoRT] [info] [infer_model.cpp:436] [configure] Configuring network group 'yolov8s' with params: batch size: 0, power mode: PERFORMANCE, latency: NONE
[2026-08-14 15:09:10.038] [1416906] [HailoRT] [info] [multi_io_elements.cpp:756] [create] Created (AsyncHwEl)
[2026-08-14 15:09:10.038] [1416906] [HailoRT] [info] [queue_elements.cpp:450] [create] Created (EntryPushQEl0yolov8s/input_layer1 | timeout: 10s)
[2026-08-14 15:09:10.038] [1416906] [HailoRT] [info] [filter_elements.cpp:101] [create] Created (PreInferEl3yolov8s/input_layer1 | Reorder - src_order: RGB4, src_shape: (640, 640, 3), dst_order: NHCW, dst_shape: (640, 640, 3))
[2026-08-14 15:09:10.038] [1416906] [HailoRT] [info] [queue_elements.cpp:450] [create] Created (PushQEl3yolov8s/input_layer1 | timeout: 10s)
[2026-08-14 15:09:10.038] [1416906] [HailoRT] [info] [multi_io_elements.cpp:135] [create] Created (NmsPPMuxEl0YOLOV8-Post-Process | Op YOLOV8, Name: YOLOV8-Post-Process, Score threshold: 0.200, IoU threshold: 0.70, Classes: 80, Cross classes: false, NMS results order: BY_CLASS, Max bboxes per class: 100, Image height: 640, Image width: 640)
[2026-08-14 15:09:10.038] [1416906] [HailoRT] [info] [queue_elements.cpp:942] [create] Created (MultiPushQEl0YOLOV8-Post-Process | timeout: 10s)
[2026-08-14 15:09:10.038] [1416906] [HailoRT] [info] [edge_elements.cpp:187] [create] Created (LastAsyncEl0NmsPPMuxEl0YOLOV8-Post-Process)
[2026-08-14 15:09:10.038] [1416906] [HailoRT] [info] [pipeline.cpp:891] [print_deep_description] EntryPushQEl0yolov8s/input_layer1 | inputs: user | outputs: PreInferEl3yolov8s/input_layer1(running in thread_id: 1416967)
[2026-08-14 15:09:10.038] [1416906] [HailoRT] [info] [pipeline.cpp:891] [print_deep_description] PreInferEl3yolov8s/input_layer1 | inputs: EntryPushQEl0yolov8s/input_layer1[0] | outputs: PushQEl3yolov8s/input_layer1
[2026-08-14 15:09:10.038] [1416906] [HailoRT] [info] [pipeline.cpp:891] [print_deep_description] PushQEl3yolov8s/input_layer1 | inputs: PreInferEl3yolov8s/input_layer1[0] | outputs: AsyncHwEl(running in thread_id: 1416968)
[2026-08-14 15:09:10.038] [1416906] [HailoRT] [info] [pipeline.cpp:891] [print_deep_description] AsyncHwEl | inputs: PushQEl3yolov8s/input_layer1[0] | outputs: MultiPushQEl0YOLOV8-Post-Process MultiPushQEl0YOLOV8-Post-Process MultiPushQEl0YOLOV8-Post-Process MultiPushQEl0YOLOV8-Post-Process MultiPushQEl0YOLOV8-Post-Process MultiPushQEl0YOLOV8-Post-Process
[2026-08-14 15:09:10.038] [1416906] [HailoRT] [info] [pipeline.cpp:891] [print_deep_description] MultiPushQEl0YOLOV8-Post-Process | inputs: AsyncHwEl[0] AsyncHwEl[1] AsyncHwEl[2] AsyncHwEl[3] AsyncHwEl[4] AsyncHwEl[5] | outputs: NmsPPMuxEl0YOLOV8-Post-Process(running in thread_id: 1416969)
[2026-08-14 15:09:10.038] [1416906] [HailoRT] [info] [pipeline.cpp:891] [print_deep_description] NmsPPMuxEl0YOLOV8-Post-Process | inputs: MultiPushQEl0YOLOV8-Post-Process[0] | outputs: LastAsyncEl0NmsPPMuxEl0YOLOV8-Post-Process
[2026-08-14 15:09:10.038] [1416906] [HailoRT] [info] [pipeline.cpp:891] [print_deep_description] LastAsyncEl0NmsPPMuxEl0YOLOV8-Post-Process | inputs: NmsPPMuxEl0YOLOV8-Post-Process[0] | outputs: user
[2026-08-14 15:09:10.456] [1416958] [HailoRT] [info] [hef.cpp:1929] [get_network_group_and_network_name] No name was given. Addressing all networks of default network_group: yolov8s
[2026-08-14 15:26:01.272] [1416906] [HailoRT] [info] [async_infer_runner.cpp:86] [shutdown] Pipeline was aborted. Shutting it down
[2026-08-14 15:26:01.278] [1416953] [HailoRT] [info] [network_group.cpp:857] [operator()] Infer request was aborted by user
[2026-08-14 15:26:01.279] [1416906] [HailoRT] [info] [queue_elements.cpp:1131] [execute_deactivate] enqueue() in element MultiPushQEl0YOLOV8-Post-Process was aborted, got status = HAILO_SHUTDOWN_EVENT_SIGNALED(57)
[2026-08-14 15:26:01.279] [1416906] [HailoRT] [info] [queue_elements.cpp:1131] [execute_deactivate] enqueue() in element MultiPushQEl0YOLOV8-Post-Process was aborted, got status = HAILO_SHUTDOWN_EVENT_SIGNALED(57)
[2026-08-14 15:26:01.279] [1416906] [HailoRT] [info] [queue_elements.cpp:1131] [execute_deactivate] enqueue() in element MultiPushQEl0YOLOV8-Post-Process was aborted, got status = HAILO_SHUTDOWN_EVENT_SIGNALED(57)
[2026-08-14 15:26:01.279] [1416906] [HailoRT] [info] [queue_elements.cpp:1131] [execute_deactivate] enqueue() in element MultiPushQEl0YOLOV8-Post-Process was aborted, got status = HAILO_SHUTDOWN_EVENT_SIGNALED(57)
[2026-08-14 15:26:01.279] [1416906] [HailoRT] [info] [queue_elements.cpp:1131] [execute_deactivate] enqueue() in element MultiPushQEl0YOLOV8-Post-Process was aborted, got status = HAILO_SHUTDOWN_EVENT_SIGNALED(57)
[2026-08-14 15:26:01.279] [1416906] [HailoRT] [info] [queue_elements.cpp:1131] [execute_deactivate] enqueue() in element MultiPushQEl0YOLOV8-Post-Process was aborted, got status = HAILO_SHUTDOWN_EVENT_SIGNALED(57)
[2026-08-14 15:26:01.279] [1416906] [HailoRT] [info] [queue_elements.cpp:570] [execute_deactivate] enqueue() in element PushQEl3yolov8s/input_layer1 was aborted, got status = HAILO_SHUTDOWN_EVENT_SIGNALED(57)
[2026-08-14 15:26:01.279] [1416906] [HailoRT] [info] [queue_elements.cpp:570] [execute_deactivate] enqueue() in element EntryPushQEl0yolov8s/input_layer1 was aborted, got status = HAILO_SHUTDOWN_EVENT_SIGNALED(57)
[2026-08-14 15:26:01.279] [1416906] [HailoRT] [info] [queue_elements.cpp:46] [~BaseQueueElement] Queue element EntryPushQEl0yolov8s/input_layer1 has 0 frames in his Queue on destruction
[2026-08-14 15:26:01.279] [1416906] [HailoRT] [info] [queue_elements.cpp:46] [~BaseQueueElement] Queue element PushQEl3yolov8s/input_layer1 has 0 frames in his Queue on destruction
[2026-08-14 15:26:01.434] [1416906] [HailoRT] [info] [vdevice.cpp:523] [create] Creating vdevice with params: device_count: 1, scheduling_algorithm: ROUND_ROBIN, multi_process_service: false
[2026-08-14 15:26:01.446] [1416906] [HailoRT] [info] [device.cpp:49] [Device] OS Version: Linux 6.12.34+rpt-rpi-2712 #1 SMP PREEMPT Debian 1:6.12.34-1+rpt1~bookworm (2025-06-26) aarch64
[2026-08-14 15:26:01.448] [1416906] [HailoRT] [info] [control.cpp:108] [control__parse_identify_results] firmware_version is: 4.20.0
[2026-08-14 15:26:01.448] [1416906] [HailoRT] [info] [vdevice.cpp:651] [create] VDevice Infos: 0001:03:00.0
[2026-08-14 15:26:01.485] [1416906] [HailoRT] [info] [hef.cpp:1929] [get_network_group_and_network_name] No name was given. Addressing all networks of default network_group: yolov8s
[2026-08-14 15:26:01.485] [1416906] [HailoRT] [info] [hef.cpp:1929] [get_network_group_and_network_name] No name was given. Addressing all networks of default network_group: yolov8s
[2026-08-14 15:26:01.496] [1416906] [HailoRT] [info] [internal_buffer_manager.cpp:202] [print_execution_results] Default Internal buffer planner failed to meet requirements
[2026-08-14 15:26:01.496] [1416906] [HailoRT] [info] [internal_buffer_manager.cpp:212] [print_execution_results] Default Internal buffer planner executed successfully
[2026-08-14 15:26:01.506] [1416906] [HailoRT] [info] [device_internal.cpp:57] [configure] Configuring HEF took 16.115157 milliseconds
[2026-08-14 15:26:01.506] [1416906] [HailoRT] [info] [vdevice.cpp:749] [configure] Configuring HEF on VDevice took 16.558008 milliseconds
[2026-08-14 15:26:01.507] [1416906] [HailoRT] [info] [infer_model.cpp:436] [configure] Configuring network group 'yolov8s' with params: batch size: 0, power mode: PERFORMANCE, latency: NONE
[2026-08-14 15:26:01.507] [1416906] [HailoRT] [info] [multi_io_elements.cpp:756] [create] Created (AsyncHwEl)
[2026-08-14 15:26:01.507] [1416906] [HailoRT] [info] [queue_elements.cpp:450] [create] Created (EntryPushQEl0yolov8s/input_layer1 | timeout: 10s)
[2026-08-14 15:26:01.507] [1416906] [HailoRT] [info] [filter_elements.cpp:101] [create] Created (PreInferEl3yolov8s/input_layer1 | Reorder - src_order: RGB4, src_shape: (640, 640, 3), dst_order: NHCW, dst_shape: (640, 640, 3))
[2026-08-14 15:26:01.507] [1416906] [HailoRT] [info] [queue_elements.cpp:450] [create] Created (PushQEl3yolov8s/input_layer1 | timeout: 10s)
[2026-08-14 15:26:01.507] [1416906] [HailoRT] [info] [multi_io_elements.cpp:135] [create] Created (NmsPPMuxEl0YOLOV8-Post-Process | Op YOLOV8, Name: YOLOV8-Post-Process, Score threshold: 0.200, IoU threshold: 0.70, Classes: 80, Cross classes: false, NMS results order: BY_CLASS, Max bboxes per class: 100, Image height: 640, Image width: 640)
[2026-08-14 15:26:01.507] [1416906] [HailoRT] [info] [queue_elements.cpp:942] [create] Created (MultiPushQEl0YOLOV8-Post-Process | timeout: 10s)
[2026-08-14 15:26:01.507] [1416906] [HailoRT] [info] [edge_elements.cpp:187] [create] Created (LastAsyncEl0NmsPPMuxEl0YOLOV8-Post-Process)
[2026-08-14 15:26:01.507] [1416906] [HailoRT] [info] [pipeline.cpp:891] [print_deep_description] EntryPushQEl0yolov8s/input_layer1 | inputs: user | outputs: PreInferEl3yolov8s/input_layer1(running in thread_id: 1437732)
[2026-08-14 15:26:01.507] [1416906] [HailoRT] [info] [pipeline.cpp:891] [print_deep_description] PreInferEl3yolov8s/input_layer1 | inputs: EntryPushQEl0yolov8s/input_layer1[0] | outputs: PushQEl3yolov8s/input_layer1
[2026-08-14 15:26:01.507] [1416906] [HailoRT] [info] [pipeline.cpp:891] [print_deep_description] PushQEl3yolov8s/input_layer1 | inputs: PreInferEl3yolov8s/input_layer1[0] | outputs: AsyncHwEl(running in thread_id: 1437733)
[2026-08-14 15:26:01.507] [1416906] [HailoRT] [info] [pipeline.cpp:891] [print_deep_description] AsyncHwEl | inputs: PushQEl3yolov8s/input_layer1[0] | outputs: MultiPushQEl0YOLOV8-Post-Process MultiPushQEl0YOLOV8-Post-Process MultiPushQEl0YOLOV8-Post-Process MultiPushQEl0YOLOV8-Post-Process MultiPushQEl0YOLOV8-Post-Process MultiPushQEl0YOLOV8-Post-Process
[2026-08-14 15:26:01.507] [1416906] [HailoRT] [info] [pipeline.cpp:891] [print_deep_description] MultiPushQEl0YOLOV8-Post-Process | inputs: AsyncHwEl[0] AsyncHwEl[1] AsyncHwEl[2] AsyncHwEl[3] AsyncHwEl[4] AsyncHwEl[5] | outputs: NmsPPMuxEl0YOLOV8-Post-Process(running in thread_id: 1437734)
[2026-08-14 15:26:01.507] [1416906] [HailoRT] [info] [pipeline.cpp:891] [print_deep_description] NmsPPMuxEl0YOLOV8-Post-Process | inputs: MultiPushQEl0YOLOV8-Post-Process[0] | outputs: LastAsyncEl0NmsPPMuxEl0YOLOV8-Post-Process
[2026-08-14 15:26:01.507] [1416906] [HailoRT] [info] [pipeline.cpp:891] [print_deep_description] LastAsyncEl0NmsPPMuxEl0YOLOV8-Post-Process | inputs: NmsPPMuxEl0YOLOV8-Post-Process[0] | outputs: user
[2026-08-14 15:26:18.706] [1438143] [HailoRT] [info] [vdevice.cpp:523] [create] Creating vdevice with params: device_count: 1, scheduling_algorithm: ROUND_ROBIN, multi_process_service: false
[2026-08-14 15:26:18.718] [1438143] [HailoRT] [info] [device.cpp:49] [Device] OS Version: Linux 6.12.34+rpt-rpi-2712 #1 SMP PREEMPT Debian 1:6.12.34-1+rpt1~bookworm (2025-06-26) aarch64
[2026-08-14 15:26:18.719] [1438143] [HailoRT] [info] [control.cpp:108] [control__parse_identify_results] firmware_version is: 4.20.0
[2026-08-14 15:26:18.719] [1438143] [HailoRT] [info] [vdevice.cpp:651] [create] VDevice Infos: 0001:03:00.0
[2026-08-14 15:26:18.757] [1438143] [HailoRT] [info] [hef.cpp:1929] [get_network_group_and_network_name] No name was given. Addressing all networks of default network_group: yolov8s
[2026-08-14 15:26:18.757] [1438143] [HailoRT] [info] [hef.cpp:1929] [get_network_group_and_network_name] No name was given. Addressing all networks of default network_group: yolov8s
[2026-08-14 15:26:18.786] [1438143] [HailoRT] [info] [internal_buffer_manager.cpp:202] [print_execution_results] Default Internal buffer planner failed to meet requirements
[2026-08-14 15:26:18.786] [1438143] [HailoRT] [info] [internal_buffer_manager.cpp:212] [print_execution_results] Default Internal buffer planner executed successfully
[2026-08-14 15:26:18.796] [1438143] [HailoRT] [info] [device_internal.cpp:57] [configure] Configuring HEF took 16.480119 milliseconds
[2026-08-14 15:26:18.797] [1438143] [HailoRT] [info] [vdevice.cpp:749] [configure] Configuring HEF on VDevice took 16.83947 milliseconds
[2026-08-14 15:26:18.797] [1438143] [HailoRT] [info] [infer_model.cpp:436] [configure] Configuring network group 'yolov8s' with params: batch size: 0, power mode: PERFORMANCE, latency: NONE
[2026-08-14 15:26:18.797] [1438143] [HailoRT] [info] [multi_io_elements.cpp:756] [create] Created (AsyncHwEl)
[2026-08-14 15:26:18.797] [1438143] [HailoRT] [info] [queue_elements.cpp:450] [create] Created (EntryPushQEl0yolov8s/input_layer1 | timeout: 10s)
[2026-08-14 15:26:18.797] [1438143] [HailoRT] [info] [filter_elements.cpp:101] [create] Created (PreInferEl3yolov8s/input_layer1 | Reorder - src_order: RGB4, src_shape: (640, 640, 3), dst_order: NHCW, dst_shape: (640, 640, 3))
[2026-08-14 15:26:18.797] [1438143] [HailoRT] [info] [queue_elements.cpp:450] [create] Created (PushQEl3yolov8s/input_layer1 | timeout: 10s)
[2026-08-14 15:26:18.797] [1438143] [HailoRT] [info] [multi_io_elements.cpp:135] [create] Created (NmsPPMuxEl0YOLOV8-Post-Process | Op YOLOV8, Name: YOLOV8-Post-Process, Score threshold: 0.200, IoU threshold: 0.70, Classes: 80, Cross classes: false, NMS results order: BY_CLASS, Max bboxes per class: 100, Image height: 640, Image width: 640)
[2026-08-14 15:26:18.797] [1438143] [HailoRT] [info] [queue_elements.cpp:942] [create] Created (MultiPushQEl0YOLOV8-Post-Process | timeout: 10s)
[2026-08-14 15:26:18.797] [1438143] [HailoRT] [info] [edge_elements.cpp:187] [create] Created (LastAsyncEl0NmsPPMuxEl0YOLOV8-Post-Process)
[2026-08-14 15:26:18.797] [1438143] [HailoRT] [info] [pipeline.cpp:891] [print_deep_description] EntryPushQEl0yolov8s/input_layer1 | inputs: user | outputs: PreInferEl3yolov8s/input_layer1(running in thread_id: 1438210)
[2026-08-14 15:26:18.797] [1438143] [HailoRT] [info] [pipeline.cpp:891] [print_deep_description] PreInferEl3yolov8s/input_layer1 | inputs: EntryPushQEl0yolov8s/input_layer1[0] | outputs: PushQEl3yolov8s/input_layer1
[2026-08-14 15:26:18.797] [1438143] [HailoRT] [info] [pipeline.cpp:891] [print_deep_description] PushQEl3yolov8s/input_layer1 | inputs: PreInferEl3yolov8s/input_layer1[0] | outputs: AsyncHwEl(running in thread_id: 1438211)
[2026-08-14 15:26:18.797] [1438143] [HailoRT] [info] [pipeline.cpp:891] [print_deep_description] AsyncHwEl | inputs: PushQEl3yolov8s/input_layer1[0] | outputs: MultiPushQEl0YOLOV8-Post-Process MultiPushQEl0YOLOV8-Post-Process MultiPushQEl0YOLOV8-Post-Process MultiPushQEl0YOLOV8-Post-Process MultiPushQEl0YOLOV8-Post-Process MultiPushQEl0YOLOV8-Post-Process
[2026-08-14 15:26:18.797] [1438143] [HailoRT] [info] [pipeline.cpp:891] [print_deep_description] MultiPushQEl0YOLOV8-Post-Process | inputs: AsyncHwEl[0] AsyncHwEl[1] AsyncHwEl[2] AsyncHwEl[3] AsyncHwEl[4] AsyncHwEl[5] | outputs: NmsPPMuxEl0YOLOV8-Post-Process(running in thread_id: 1438212)
[2026-08-14 15:26:18.797] [1438143] [HailoRT] [info] [pipeline.cpp:891] [print_deep_description] NmsPPMuxEl0YOLOV8-Post-Process | inputs: MultiPushQEl0YOLOV8-Post-Process[0] | outputs: LastAsyncEl0NmsPPMuxEl0YOLOV8-Post-Process
[2026-08-14 15:26:18.797] [1438143] [HailoRT] [info] [pipeline.cpp:891] [print_deep_description] LastAsyncEl0NmsPPMuxEl0YOLOV8-Post-Process | inputs: NmsPPMuxEl0YOLOV8-Post-Process[0] | outputs: user
[2026-08-14 15:26:19.217] [1438201] [HailoRT] [info] [hef.cpp:1929] [get_network_group_and_network_name] No name was given. Addressing all networks of default network_group: yolov8s
[2026-08-14 15:27:42.881] [1438143] [HailoRT] [info] [async_infer_runner.cpp:86] [shutdown] Pipeline was aborted. Shutting it down
[2026-08-14 15:27:42.882] [1438143] [HailoRT] [info] [queue_elements.cpp:1131] [execute_deactivate] enqueue() in element MultiPushQEl0YOLOV8-Post-Process was aborted, got status = HAILO_SHUTDOWN_EVENT_SIGNALED(57)
[2026-08-14 15:27:42.882] [1438143] [HailoRT] [info] [queue_elements.cpp:1131] [execute_deactivate] enqueue() in element MultiPushQEl0YOLOV8-Post-Process was aborted, got status = HAILO_SHUTDOWN_EVENT_SIGNALED(57)
[2026-08-14 15:27:42.882] [1438143] [HailoRT] [info] [queue_elements.cpp:1131] [execute_deactivate] enqueue() in element MultiPushQEl0YOLOV8-Post-Process was aborted, got status = HAILO_SHUTDOWN_EVENT_SIGNALED(57)
[2026-08-14 15:27:42.882] [1438143] [HailoRT] [info] [queue_elements.cpp:1131] [execute_deactivate] enqueue() in element MultiPushQEl0YOLOV8-Post-Process was aborted, got status = HAILO_SHUTDOWN_EVENT_SIGNALED(57)
[2026-08-14 15:27:42.882] [1438143] [HailoRT] [info] [queue_elements.cpp:1131] [execute_deactivate] enqueue() in element MultiPushQEl0YOLOV8-Post-Process was aborted, got status = HAILO_SHUTDOWN_EVENT_SIGNALED(57)
[2026-08-14 15:27:42.882] [1438143] [HailoRT] [info] [queue_elements.cpp:1131] [execute_deactivate] enqueue() in element MultiPushQEl0YOLOV8-Post-Process was aborted, got status = HAILO_SHUTDOWN_EVENT_SIGNALED(57)
[2026-08-14 15:27:42.882] [1438143] [HailoRT] [info] [queue_elements.cpp:570] [execute_deactivate] enqueue() in element PushQEl3yolov8s/input_layer1 was aborted, got status = HAILO_SHUTDOWN_EVENT_SIGNALED(57)
[2026-08-14 15:27:42.882] [1438143] [HailoRT] [info] [queue_elements.cpp:570] [execute_deactivate] enqueue() in element EntryPushQEl0yolov8s/input_layer1 was aborted, got status = HAILO_SHUTDOWN_EVENT_SIGNALED(57)
[2026-08-14 15:27:42.882] [1438143] [HailoRT] [info] [queue_elements.cpp:46] [~BaseQueueElement] Queue element EntryPushQEl0yolov8s/input_layer1 has 0 frames in his Queue on destruction
[2026-08-14 15:27:42.882] [1438143] [HailoRT] [info] [queue_elements.cpp:46] [~BaseQueueElement] Queue element PushQEl3yolov8s/input_layer1 has 0 frames in his Queue on destruction
[2026-08-14 15:27:42.962] [1438143] [HailoRT] [info] [vdevice.cpp:523] [create] Creating vdevice with params: device_count: 1, scheduling_algorithm: ROUND_ROBIN, multi_process_service: false
[2026-08-14 15:27:42.973] [1438143] [HailoRT] [info] [device.cpp:49] [Device] OS Version: Linux 6.12.34+rpt-rpi-2712 #1 SMP PREEMPT Debian 1:6.12.34-1+rpt1~bookworm (2025-06-26) aarch64
[2026-08-14 15:27:42.974] [1438143] [HailoRT] [info] [control.cpp:108] [control__parse_identify_results] firmware_version is: 4.20.0
[2026-08-14 15:27:42.974] [1438143] [HailoRT] [info] [vdevice.cpp:651] [create] VDevice Infos: 0001:03:00.0
[2026-08-14 15:27:43.012] [1438143] [HailoRT] [info] [hef.cpp:1929] [get_network_group_and_network_name] No name was given. Addressing all networks of default network_group: yolov8s
[2026-08-14 15:27:43.012] [1438143] [HailoRT] [info] [hef.cpp:1929] [get_network_group_and_network_name] No name was given. Addressing all networks of default network_group: yolov8s
[2026-08-14 15:27:43.039] [1438143] [HailoRT] [info] [internal_buffer_manager.cpp:202] [print_execution_results] Default Internal buffer planner failed to meet requirements
[2026-08-14 15:27:43.039] [1438143] [HailoRT] [info] [internal_buffer_manager.cpp:212] [print_execution_results] Default Internal buffer planner executed successfully
[2026-08-14 15:27:43.049] [1438143] [HailoRT] [info] [device_internal.cpp:57] [configure] Configuring HEF took 15.658491 milliseconds
[2026-08-14 15:27:43.049] [1438143] [HailoRT] [info] [vdevice.cpp:749] [configure] Configuring HEF on VDevice took 16.049656 milliseconds
[2026-08-14 15:27:43.049] [1438143] [HailoRT] [info] [infer_model.cpp:436] [configure] Configuring network group 'yolov8s' with params: batch size: 0, power mode: PERFORMANCE, latency: NONE
[2026-08-14 15:27:43.049] [1438143] [HailoRT] [info] [multi_io_elements.cpp:756] [create] Created (AsyncHwEl)
[2026-08-14 15:27:43.049] [1438143] [HailoRT] [info] [queue_elements.cpp:450] [create] Created (EntryPushQEl0yolov8s/input_layer1 | timeout: 10s)
[2026-08-14 15:27:43.049] [1438143] [HailoRT] [info] [filter_elements.cpp:101] [create] Created (PreInferEl3yolov8s/input_layer1 | Reorder - src_order: RGB4, src_shape: (640, 640, 3), dst_order: NHCW, dst_shape: (640, 640, 3))
[2026-08-14 15:27:43.049] [1438143] [HailoRT] [info] [queue_elements.cpp:450] [create] Created (PushQEl3yolov8s/input_layer1 | timeout: 10s)
[2026-08-14 15:27:43.049] [1438143] [HailoRT] [info] [multi_io_elements.cpp:135] [create] Created (NmsPPMuxEl0YOLOV8-Post-Process | Op YOLOV8, Name: YOLOV8-Post-Process, Score threshold: 0.200, IoU threshold: 0.70, Classes: 80, Cross classes: false, NMS results order: BY_CLASS, Max bboxes per class: 100, Image height: 640, Image width: 640)
[2026-08-14 15:27:43.049] [1438143] [HailoRT] [info] [queue_elements.cpp:942] [create] Created (MultiPushQEl0YOLOV8-Post-Process | timeout: 10s)
[2026-08-14 15:27:43.049] [1438143] [HailoRT] [info] [edge_elements.cpp:187] [create] Created (LastAsyncEl0NmsPPMuxEl0YOLOV8-Post-Process)
[2026-08-14 15:27:43.050] [1438143] [HailoRT] [info] [pipeline.cpp:891] [print_deep_description] EntryPushQEl0yolov8s/input_layer1 | inputs: user | outputs: PreInferEl3yolov8s/input_layer1(running in thread_id: 1440095)
[2026-08-14 15:27:43.050] [1438143] [HailoRT] [info] [pipeline.cpp:891] [print_deep_description] PreInferEl3yolov8s/input_layer1 | inputs: EntryPushQEl0yolov8s/input_layer1[0] | outputs: PushQEl3yolov8s/input_layer1
[2026-08-14 15:27:43.050] [1438143] [HailoRT] [info] [pipeline.cpp:891] [print_deep_description] PushQEl3yolov8s/input_layer1 | inputs: PreInferEl3yolov8s/input_layer1[0] | outputs: AsyncHwEl(running in thread_id: 1440096)
[2026-08-14 15:27:43.050] [1438143] [HailoRT] [info] [pipeline.cpp:891] [print_deep_description] AsyncHwEl | inputs: PushQEl3yolov8s/input_layer1[0] | outputs: MultiPushQEl0YOLOV8-Post-Process MultiPushQEl0YOLOV8-Post-Process MultiPushQEl0YOLOV8-Post-Process MultiPushQEl0YOLOV8-Post-Process MultiPushQEl0YOLOV8-Post-Process MultiPushQEl0YOLOV8-Post-Process
[2026-08-14 15:27:43.050] [1438143] [HailoRT] [info] [pipeline.cpp:891] [print_deep_description] MultiPushQEl0YOLOV8-Post-Process | inputs: AsyncHwEl[0] AsyncHwEl[1] AsyncHwEl[2] AsyncHwEl[3] AsyncHwEl[4] AsyncHwEl[5] | outputs: NmsPPMuxEl0YOLOV8-Post-Process(running in thread_id: 1440097)
[2026-08-14 15:27:43.050] [1438143] [HailoRT] [info] [pipeline.cpp:891] [print_deep_description] NmsPPMuxEl0YOLOV8-Post-Process | inputs: MultiPushQEl0YOLOV8-Post-Process[0] | outputs: LastAsyncEl0NmsPPMuxEl0YOLOV8-Post-Process
[2026-08-14 15:27:43.050] [1438143] [HailoRT] [info] [pipeline.cpp:891] [print_deep_description] LastAsyncEl0NmsPPMuxEl0YOLOV8-Post-Process | inputs: NmsPPMuxEl0YOLOV8-Post-Process[0] | outputs: user
[2026-08-14 15:27:43.439] [1438203] [HailoRT] [info] [hef.cpp:1929] [get_network_group_and_network_name] No name was given. Addressing all networks of default network_group: yolov8s
[2026-08-14 15:28:05.600] [1438143] [HailoRT] [info] [async_infer_runner.cpp:86] [shutdown] Pipeline was aborted. Shutting it down
[2026-08-14 15:28:05.601] [1438143] [HailoRT] [info] [queue_elements.cpp:1131] [execute_deactivate] enqueue() in element MultiPushQEl0YOLOV8-Post-Process was aborted, got status = HAILO_SHUTDOWN_EVENT_SIGNALED(57)
[2026-08-14 15:28:05.601] [1438143] [HailoRT] [info] [queue_elements.cpp:1131] [execute_deactivate] enqueue() in element MultiPushQEl0YOLOV8-Post-Process was aborted, got status = HAILO_SHUTDOWN_EVENT_SIGNALED(57)
[2026-08-14 15:28:05.601] [1438143] [HailoRT] [info] [queue_elements.cpp:1131] [execute_deactivate] enqueue() in element MultiPushQEl0YOLOV8-Post-Process was aborted, got status = HAILO_SHUTDOWN_EVENT_SIGNALED(57)
[2026-08-14 15:28:05.601] [1438143] [HailoRT] [info] [queue_elements.cpp:1131] [execute_deactivate] enqueue() in element MultiPushQEl0YOLOV8-Post-Process was aborted, got status = HAILO_SHUTDOWN_EVENT_SIGNALED(57)
[2026-08-14 15:28:05.601] [1438143] [HailoRT] [info] [queue_elements.cpp:1131] [execute_deactivate] enqueue() in element MultiPushQEl0YOLOV8-Post-Process was aborted, got status = HAILO_SHUTDOWN_EVENT_SIGNALED(57)
[2026-08-14 15:28:05.601] [1438143] [HailoRT] [info] [queue_elements.cpp:1131] [execute_deactivate] enqueue() in element MultiPushQEl0YOLOV8-Post-Process was aborted, got status = HAILO_SHUTDOWN_EVENT_SIGNALED(57)
[2026-08-14 15:28:05.601] [1438143] [HailoRT] [info] [queue_elements.cpp:570] [execute_deactivate] enqueue() in element PushQEl3yolov8s/input_layer1 was aborted, got status = HAILO_SHUTDOWN_EVENT_SIGNALED(57)
[2026-08-14 15:28:05.601] [1438143] [HailoRT] [info] [queue_elements.cpp:570] [execute_deactivate] enqueue() in element EntryPushQEl0yolov8s/input_layer1 was aborted, got status = HAILO_SHUTDOWN_EVENT_SIGNALED(57)
[2026-08-14 15:28:05.601] [1438143] [HailoRT] [info] [queue_elements.cpp:46] [~BaseQueueElement] Queue element EntryPushQEl0yolov8s/input_layer1 has 0 frames in his Queue on destruction
[2026-08-14 15:28:05.601] [1438143] [HailoRT] [info] [queue_elements.cpp:46] [~BaseQueueElement] Queue element PushQEl3yolov8s/input_layer1 has 0 frames in his Queue on destruction
[2026-08-14 15:28:05.677] [1438143] [HailoRT] [info] [vdevice.cpp:523] [create] Creating vdevice with params: device_count: 1, scheduling_algorithm: ROUND_ROBIN, multi_process_service: false
[2026-08-14 15:28:05.690] [1438143] [HailoRT] [info] [device.cpp:49] [Device] OS Version: Linux 6.12.34+rpt-rpi-2712 #1 SMP PREEMPT Debian 1:6.12.34-1+rpt1~bookworm (2025-06-26) aarch64
[2026-08-14 15:28:05.691] [1438143] [HailoRT] [info] [control.cpp:108] [control__parse_identify_results] firmware_version is: 4.20.0
[2026-08-14 15:28:05.691] [1438143] [HailoRT] [info] [vdevice.cpp:651] [create] VDevice Infos: 0001:03:00.0
[2026-08-14 15:28:05.728] [1438143] [HailoRT] [info] [hef.cpp:1929] [get_network_group_and_network_name] No name was given. Addressing all networks of default network_group: yolov8s
[2026-08-14 15:28:05.728] [1438143] [HailoRT] [info] [hef.cpp:1929] [get_network_group_and_network_name] No name was given. Addressing all networks of default network_group: yolov8s
[2026-08-14 15:28:05.755] [1438143] [HailoRT] [info] [internal_buffer_manager.cpp:202] [print_execution_results] Default Internal buffer planner failed to meet requirements
[2026-08-14 15:28:05.755] [1438143] [HailoRT] [info] [internal_buffer_manager.cpp:212] [print_execution_results] Default Internal buffer planner executed successfully
[2026-08-14 15:28:05.765] [1438143] [HailoRT] [info] [device_internal.cpp:57] [configure] Configuring HEF took 15.686935 milliseconds
[2026-08-14 15:28:05.765] [1438143] [HailoRT] [info] [vdevice.cpp:749] [configure] Configuring HEF on VDevice took 16.048676 milliseconds
[2026-08-14 15:28:05.765] [1438143] [HailoRT] [info] [infer_model.cpp:436] [configure] Configuring network group 'yolov8s' with params: batch size: 0, power mode: PERFORMANCE, latency: NONE
[2026-08-14 15:28:05.765] [1438143] [HailoRT] [info] [multi_io_elements.cpp:756] [create] Created (AsyncHwEl)
[2026-08-14 15:28:05.766] [1438143] [HailoRT] [info] [queue_elements.cpp:450] [create] Created (EntryPushQEl0yolov8s/input_layer1 | timeout: 10s)
[2026-08-14 15:28:05.766] [1438143] [HailoRT] [info] [filter_elements.cpp:101] [create] Created (PreInferEl3yolov8s/input_layer1 | Reorder - src_order: RGB4, src_shape: (640, 640, 3), dst_order: NHCW, dst_shape: (640, 640, 3))
[2026-08-14 15:28:05.766] [1438143] [HailoRT] [info] [queue_elements.cpp:450] [create] Created (PushQEl3yolov8s/input_layer1 | timeout: 10s)
[2026-08-14 15:28:05.766] [1438143] [HailoRT] [info] [multi_io_elements.cpp:135] [create] Created (NmsPPMuxEl0YOLOV8-Post-Process | Op YOLOV8, Name: YOLOV8-Post-Process, Score threshold: 0.200, IoU threshold: 0.70, Classes: 80, Cross classes: false, NMS results order: BY_CLASS, Max bboxes per class: 100, Image height: 640, Image width: 640)
[2026-08-14 15:28:05.766] [1438143] [HailoRT] [info] [queue_elements.cpp:942] [create] Created (MultiPushQEl0YOLOV8-Post-Process | timeout: 10s)
[2026-08-14 15:28:05.766] [1438143] [HailoRT] [info] [edge_elements.cpp:187] [create] Created (LastAsyncEl0NmsPPMuxEl0YOLOV8-Post-Process)
[2026-08-14 15:28:05.766] [1438143] [HailoRT] [info] [pipeline.cpp:891] [print_deep_description] EntryPushQEl0yolov8s/input_layer1 | inputs: user | outputs: PreInferEl3yolov8s/input_layer1(running in thread_id: 1440645)
[2026-08-14 15:28:05.766] [1438143] [HailoRT] [info] [pipeline.cpp:891] [print_deep_description] PreInferEl3yolov8s/input_layer1 | inputs: EntryPushQEl0yolov8s/input_layer1[0] | outputs: PushQEl3yolov8s/input_layer1
[2026-08-14 15:28:05.766] [1438143] [HailoRT] [info] [pipeline.cpp:891] [print_deep_description] PushQEl3yolov8s/input_layer1 | inputs: PreInferEl3yolov8s/input_layer1[0] | outputs: AsyncHwEl(running in thread_id: 1440646)
[2026-08-14 15:28:05.766] [1438143] [HailoRT] [info] [pipeline.cpp:891] [print_deep_description] AsyncHwEl | inputs: PushQEl3yolov8s/input_layer1[0] | outputs: MultiPushQEl0YOLOV8-Post-Process MultiPushQEl0YOLOV8-Post-Process MultiPushQEl0YOLOV8-Post-Process MultiPushQEl0YOLOV8-Post-Process MultiPushQEl0YOLOV8-Post-Process MultiPushQEl0YOLOV8-Post-Process
[2026-08-14 15:28:05.766] [1438143] [HailoRT] [info] [pipeline.cpp:891] [print_deep_description] MultiPushQEl0YOLOV8-Post-Process | inputs: AsyncHwEl[0] AsyncHwEl[1] AsyncHwEl[2] AsyncHwEl[3] AsyncHwEl[4] AsyncHwEl[5] | outputs: NmsPPMuxEl0YOLOV8-Post-Process(running in thread_id: 1440647)
[2026-08-14 15:28:05.766] [1438143] [HailoRT] [info] [pipeline.cpp:891] [print_deep_description] NmsPPMuxEl0YOLOV8-Post-Process | inputs: MultiPushQEl0YOLOV8-Post-Process[0] | outputs: LastAsyncEl0NmsPPMuxEl0YOLOV8-Post-Process
[2026-08-14 15:28:05.766] [1438143] [HailoRT] [info] [pipeline.cpp:891] [print_deep_description] LastAsyncEl0NmsPPMuxEl0YOLOV8-Post-Process | inputs: NmsPPMuxEl0YOLOV8-Post-Process[0] | outputs: user
[2026-08-14 15:28:06.153] [1438202] [HailoRT] [info] [hef.cpp:1929] [get_network_group_and_network_name] No name was given. Addressing all networks of default network_group: yolov8s
[2026-08-14 15:30:37.263] [1438143] [HailoRT] [info] [async_infer_runner.cpp:86] [shutdown] Pipeline was aborted. Shutting it down
[2026-08-14 15:30:37.263] [1438143] [HailoRT] [info] [queue_elements.cpp:1131] [execute_deactivate] enqueue() in element MultiPushQEl0YOLOV8-Post-Process was aborted, got status = HAILO_SHUTDOWN_EVENT_SIGNALED(57)
[2026-08-14 15:30:37.263] [1438143] [HailoRT] [info] [queue_elements.cpp:1131] [execute_deactivate] enqueue() in element MultiPushQEl0YOLOV8-Post-Process was aborted, got status = HAILO_SHUTDOWN_EVENT_SIGNALED(57)
[2026-08-14 15:30:37.263] [1438143] [HailoRT] [info] [queue_elements.cpp:1131] [execute_deactivate] enqueue() in element MultiPushQEl0YOLOV8-Post-Process was aborted, got status = HAILO_SHUTDOWN_EVENT_SIGNALED(57)
[2026-08-14 15:30:37.263] [1438143] [HailoRT] [info] [queue_elements.cpp:1131] [execute_deactivate] enqueue() in element MultiPushQEl0YOLOV8-Post-Process was aborted, got status = HAILO_SHUTDOWN_EVENT_SIGNALED(57)
[2026-08-14 15:30:37.263] [1438143] [HailoRT] [info] [queue_elements.cpp:1131] [execute_deactivate] enqueue() in element MultiPushQEl0YOLOV8-Post-Process was aborted, got status = HAILO_SHUTDOWN_EVENT_SIGNALED(57)
[2026-08-14 15:30:37.263] [1438143] [HailoRT] [info] [queue_elements.cpp:1131] [execute_deactivate] enqueue() in element MultiPushQEl0YOLOV8-Post-Process was aborted, got status = HAILO_SHUTDOWN_EVENT_SIGNALED(57)
[2026-08-14 15:30:37.263] [1438143] [HailoRT] [info] [queue_elements.cpp:570] [execute_deactivate] enqueue() in element PushQEl3yolov8s/input_layer1 was aborted, got status = HAILO_SHUTDOWN_EVENT_SIGNALED(57)
[2026-08-14 15:30:37.263] [1438143] [HailoRT] [info] [queue_elements.cpp:570] [execute_deactivate] enqueue() in element EntryPushQEl0yolov8s/input_layer1 was aborted, got status = HAILO_SHUTDOWN_EVENT_SIGNALED(57)
[2026-08-14 15:30:37.263] [1438143] [HailoRT] [info] [queue_elements.cpp:46] [~BaseQueueElement] Queue element EntryPushQEl0yolov8s/input_layer1 has 0 frames in his Queue on destruction
[2026-08-14 15:30:37.263] [1438143] [HailoRT] [info] [queue_elements.cpp:46] [~BaseQueueElement] Queue element PushQEl3yolov8s/input_layer1 has 0 frames in his Queue on destruction
[2026-08-14 15:30:37.392] [1438143] [HailoRT] [info] [vdevice.cpp:523] [create] Creating vdevice with params: device_count: 1, scheduling_algorithm: ROUND_ROBIN, multi_process_service: false
[2026-08-14 15:30:37.403] [1438143] [HailoRT] [info] [device.cpp:49] [Device] OS Version: Linux 6.12.34+rpt-rpi-2712 #1 SMP PREEMPT Debian 1:6.12.34-1+rpt1~bookworm (2025-06-26) aarch64
[2026-08-14 15:30:37.404] [1438143] [HailoRT] [info] [control.cpp:108] [control__parse_identify_results] firmware_version is: 4.20.0
[2026-08-14 15:30:37.404] [1438143] [HailoRT] [info] [vdevice.cpp:651] [create] VDevice Infos: 0001:03:00.0
[2026-08-14 15:30:37.441] [1438143] [HailoRT] [info] [hef.cpp:1929] [get_network_group_and_network_name] No name was given. Addressing all networks of default network_group: yolov8s
[2026-08-14 15:30:37.441] [1438143] [HailoRT] [info] [hef.cpp:1929] [get_network_group_and_network_name] No name was given. Addressing all networks of default network_group: yolov8s
[2026-08-14 15:30:37.451] [1438143] [HailoRT] [info] [internal_buffer_manager.cpp:202] [print_execution_results] Default Internal buffer planner failed to meet requirements
[2026-08-14 15:30:37.451] [1438143] [HailoRT] [info] [internal_buffer_manager.cpp:212] [print_execution_results] Default Internal buffer planner executed successfully
[2026-08-14 15:30:37.462] [1438143] [HailoRT] [info] [device_internal.cpp:57] [configure] Configuring HEF took 15.762249 milliseconds
[2026-08-14 15:30:37.462] [1438143] [HailoRT] [info] [vdevice.cpp:749] [configure] Configuring HEF on VDevice took 16.125804 milliseconds
[2026-08-14 15:30:37.462] [1438143] [HailoRT] [info] [infer_model.cpp:436] [configure] Configuring network group 'yolov8s' with params: batch size: 0, power mode: PERFORMANCE, latency: NONE
[2026-08-14 15:30:37.462] [1438143] [HailoRT] [info] [multi_io_elements.cpp:756] [create] Created (AsyncHwEl)
[2026-08-14 15:30:37.462] [1438143] [HailoRT] [info] [queue_elements.cpp:450] [create] Created (EntryPushQEl0yolov8s/input_layer1 | timeout: 10s)
[2026-08-14 15:30:37.462] [1438143] [HailoRT] [info] [filter_elements.cpp:101] [create] Created (PreInferEl3yolov8s/input_layer1 | Reorder - src_order: RGB4, src_shape: (640, 640, 3), dst_order: NHCW, dst_shape: (640, 640, 3))
[2026-08-14 15:30:37.462] [1438143] [HailoRT] [info] [queue_elements.cpp:450] [create] Created (PushQEl3yolov8s/input_layer1 | timeout: 10s)
[2026-08-14 15:30:37.462] [1438143] [HailoRT] [info] [multi_io_elements.cpp:135] [create] Created (NmsPPMuxEl0YOLOV8-Post-Process | Op YOLOV8, Name: YOLOV8-Post-Process, Score threshold: 0.200, IoU threshold: 0.70, Classes: 80, Cross classes: false, NMS results order: BY_CLASS, Max bboxes per class: 100, Image height: 640, Image width: 640)
[2026-08-14 15:30:37.462] [1438143] [HailoRT] [info] [queue_elements.cpp:942] [create] Created (MultiPushQEl0YOLOV8-Post-Process | timeout: 10s)
[2026-08-14 15:30:37.462] [1438143] [HailoRT] [info] [edge_elements.cpp:187] [create] Created (LastAsyncEl0NmsPPMuxEl0YOLOV8-Post-Process)
[2026-08-14 15:30:37.462] [1438143] [HailoRT] [info] [pipeline.cpp:891] [print_deep_description] EntryPushQEl0yolov8s/input_layer1 | inputs: user | outputs: PreInferEl3yolov8s/input_layer1(running in thread_id: 1444085)
[2026-08-14 15:30:37.462] [1438143] [HailoRT] [info] [pipeline.cpp:891] [print_deep_description] PreInferEl3yolov8s/input_layer1 | inputs: EntryPushQEl0yolov8s/input_layer1[0] | outputs: PushQEl3yolov8s/input_layer1
[2026-08-14 15:30:37.462] [1438143] [HailoRT] [info] [pipeline.cpp:891] [print_deep_description] PushQEl3yolov8s/input_layer1 | inputs: PreInferEl3yolov8s/input_layer1[0] | outputs: AsyncHwEl(running in thread_id: 1444086)
[2026-08-14 15:30:37.462] [1438143] [HailoRT] [info] [pipeline.cpp:891] [print_deep_description] AsyncHwEl | inputs: PushQEl3yolov8s/input_layer1[0] | outputs: MultiPushQEl0YOLOV8-Post-Process MultiPushQEl0YOLOV8-Post-Process MultiPushQEl0YOLOV8-Post-Process MultiPushQEl0YOLOV8-Post-Process MultiPushQEl0YOLOV8-Post-Process MultiPushQEl0YOLOV8-Post-Process
[2026-08-14 15:30:37.462] [1438143] [HailoRT] [info] [pipeline.cpp:891] [print_deep_description] MultiPushQEl0YOLOV8-Post-Process | inputs: AsyncHwEl[0] AsyncHwEl[1] AsyncHwEl[2] AsyncHwEl[3] AsyncHwEl[4] AsyncHwEl[5] | outputs: NmsPPMuxEl0YOLOV8-Post-Process(running in thread_id: 1444087)
[2026-08-14 15:30:37.462] [1438143] [HailoRT] [info] [pipeline.cpp:891] [print_deep_description] NmsPPMuxEl0YOLOV8-Post-Process | inputs: MultiPushQEl0YOLOV8-Post-Process[0] | outputs: LastAsyncEl0NmsPPMuxEl0YOLOV8-Post-Process
[2026-08-14 15:30:37.462] [1438143] [HailoRT] [info] [pipeline.cpp:891] [print_deep_description] LastAsyncEl0NmsPPMuxEl0YOLOV8-Post-Process | inputs: NmsPPMuxEl0YOLOV8-Post-Process[0] | outputs: user
[2026-08-14 15:30:37.875] [1440660] [HailoRT] [info] [hef.cpp:1929] [get_network_group_and_network_name] No name was given. Addressing all networks of default network_group: yolov8s
[2026-08-14 15:35:23.448] [1438143] [HailoRT] [info] [async_infer_runner.cpp:86] [shutdown] Pipeline was aborted. Shutting it down
[2026-08-14 15:35:23.448] [1438143] [HailoRT] [info] [queue_elements.cpp:1131] [execute_deactivate] enqueue() in element MultiPushQEl0YOLOV8-Post-Process was aborted, got status = HAILO_SHUTDOWN_EVENT_SIGNALED(57)
[2026-08-14 15:35:23.448] [1438143] [HailoRT] [info] [queue_elements.cpp:1131] [execute_deactivate] enqueue() in element MultiPushQEl0YOLOV8-Post-Process was aborted, got status = HAILO_SHUTDOWN_EVENT_SIGNALED(57)
[2026-08-14 15:35:23.448] [1438143] [HailoRT] [info] [queue_elements.cpp:1131] [execute_deactivate] enqueue() in element MultiPushQEl0YOLOV8-Post-Process was aborted, got status = HAILO_SHUTDOWN_EVENT_SIGNALED(57)
[2026-08-14 15:35:23.448] [1438143] [HailoRT] [info] [queue_elements.cpp:1131] [execute_deactivate] enqueue() in element MultiPushQEl0YOLOV8-Post-Process was aborted, got status = HAILO_SHUTDOWN_EVENT_SIGNALED(57)
[2026-08-14 15:35:23.448] [1438143] [HailoRT] [info] [queue_elements.cpp:1131] [execute_deactivate] enqueue() in element MultiPushQEl0YOLOV8-Post-Process was aborted, got status = HAILO_SHUTDOWN_EVENT_SIGNALED(57)
[2026-08-14 15:35:23.448] [1438143] [HailoRT] [info] [queue_elements.cpp:1131] [execute_deactivate] enqueue() in element MultiPushQEl0YOLOV8-Post-Process was aborted, got status = HAILO_SHUTDOWN_EVENT_SIGNALED(57)
[2026-08-14 15:35:23.448] [1438143] [HailoRT] [info] [queue_elements.cpp:570] [execute_deactivate] enqueue() in element PushQEl3yolov8s/input_layer1 was aborted, got status = HAILO_SHUTDOWN_EVENT_SIGNALED(57)
[2026-08-14 15:35:23.448] [1438143] [HailoRT] [info] [queue_elements.cpp:570] [execute_deactivate] enqueue() in element EntryPushQEl0yolov8s/input_layer1 was aborted, got status = HAILO_SHUTDOWN_EVENT_SIGNALED(57)
[2026-08-14 15:35:23.448] [1438143] [HailoRT] [info] [queue_elements.cpp:46] [~BaseQueueElement] Queue element EntryPushQEl0yolov8s/input_layer1 has 0 frames in his Queue on destruction
[2026-08-14 15:35:23.448] [1438143] [HailoRT] [info] [queue_elements.cpp:46] [~BaseQueueElement] Queue element PushQEl3yolov8s/input_layer1 has 0 frames in his Queue on destruction
[2026-08-14 15:35:23.544] [1438143] [HailoRT] [info] [vdevice.cpp:523] [create] Creating vdevice with params: device_count: 1, scheduling_algorithm: ROUND_ROBIN, multi_process_service: false
[2026-08-14 15:35:23.555] [1438143] [HailoRT] [info] [device.cpp:49] [Device] OS Version: Linux 6.12.34+rpt-rpi-2712 #1 SMP PREEMPT Debian 1:6.12.34-1+rpt1~bookworm (2025-06-26) aarch64
[2026-08-14 15:35:23.556] [1438143] [HailoRT] [info] [control.cpp:108] [control__parse_identify_results] firmware_version is: 4.20.0
[2026-08-14 15:35:23.556] [1438143] [HailoRT] [info] [vdevice.cpp:651] [create] VDevice Infos: 0001:03:00.0
[2026-08-14 15:35:23.594] [1438143] [HailoRT] [info] [hef.cpp:1929] [get_network_group_and_network_name] No name was given. Addressing all networks of default network_group: yolov8s
[2026-08-14 15:35:23.594] [1438143] [HailoRT] [info] [hef.cpp:1929] [get_network_group_and_network_name] No name was given. Addressing all networks of default network_group: yolov8s
[2026-08-14 15:35:23.603] [1438143] [HailoRT] [info] [internal_buffer_manager.cpp:202] [print_execution_results] Default Internal buffer planner failed to meet requirements
[2026-08-14 15:35:23.603] [1438143] [HailoRT] [info] [internal_buffer_manager.cpp:212] [print_execution_results] Default Internal buffer planner executed successfully
[2026-08-14 15:35:23.614] [1438143] [HailoRT] [info] [device_internal.cpp:57] [configure] Configuring HEF took 15.744813 milliseconds
[2026-08-14 15:35:23.614] [1438143] [HailoRT] [info] [vdevice.cpp:749] [configure] Configuring HEF on VDevice took 16.143239 milliseconds
[2026-08-14 15:35:23.614] [1438143] [HailoRT] [info] [infer_model.cpp:436] [configure] Configuring network group 'yolov8s' with params: batch size: 0, power mode: PERFORMANCE, latency: NONE
[2026-08-14 15:35:23.614] [1438143] [HailoRT] [info] [multi_io_elements.cpp:756] [create] Created (AsyncHwEl)
[2026-08-14 15:35:23.614] [1438143] [HailoRT] [info] [queue_elements.cpp:450] [create] Created (EntryPushQEl0yolov8s/input_layer1 | timeout: 10s)
[2026-08-14 15:35:23.614] [1438143] [HailoRT] [info] [filter_elements.cpp:101] [create] Created (PreInferEl3yolov8s/input_layer1 | Reorder - src_order: RGB4, src_shape: (640, 640, 3), dst_order: NHCW, dst_shape: (640, 640, 3))
[2026-08-14 15:35:23.614] [1438143] [HailoRT] [info] [queue_elements.cpp:450] [create] Created (PushQEl3yolov8s/input_layer1 | timeout: 10s)
[2026-08-14 15:35:23.614] [1438143] [HailoRT] [info] [multi_io_elements.cpp:135] [create] Created (NmsPPMuxEl0YOLOV8-Post-Process | Op YOLOV8, Name: YOLOV8-Post-Process, Score threshold: 0.200, IoU threshold: 0.70, Classes: 80, Cross classes: false, NMS results order: BY_CLASS, Max bboxes per class: 100, Image height: 640, Image width: 640)
[2026-08-14 15:35:23.615] [1438143] [HailoRT] [info] [queue_elements.cpp:942] [create] Created (MultiPushQEl0YOLOV8-Post-Process | timeout: 10s)
[2026-08-14 15:35:23.615] [1438143] [HailoRT] [info] [edge_elements.cpp:187] [create] Created (LastAsyncEl0NmsPPMuxEl0YOLOV8-Post-Process)
[2026-08-14 15:35:23.615] [1438143] [HailoRT] [info] [pipeline.cpp:891] [print_deep_description] EntryPushQEl0yolov8s/input_layer1 | inputs: user | outputs: PreInferEl3yolov8s/input_layer1(running in thread_id: 1450556)
[2026-08-14 15:35:23.615] [1438143] [HailoRT] [info] [pipeline.cpp:891] [print_deep_description] PreInferEl3yolov8s/input_layer1 | inputs: EntryPushQEl0yolov8s/input_layer1[0] | outputs: PushQEl3yolov8s/input_layer1
[2026-08-14 15:35:23.615] [1438143] [HailoRT] [info] [pipeline.cpp:891] [print_deep_description] PushQEl3yolov8s/input_layer1 | inputs: PreInferEl3yolov8s/input_layer1[0] | outputs: AsyncHwEl(running in thread_id: 1450557)
[2026-08-14 15:35:23.615] [1438143] [HailoRT] [info] [pipeline.cpp:891] [print_deep_description] AsyncHwEl | inputs: PushQEl3yolov8s/input_layer1[0] | outputs: MultiPushQEl0YOLOV8-Post-Process MultiPushQEl0YOLOV8-Post-Process MultiPushQEl0YOLOV8-Post-Process MultiPushQEl0YOLOV8-Post-Process MultiPushQEl0YOLOV8-Post-Process MultiPushQEl0YOLOV8-Post-Process
[2026-08-14 15:35:23.615] [1438143] [HailoRT] [info] [pipeline.cpp:891] [print_deep_description] MultiPushQEl0YOLOV8-Post-Process | inputs: AsyncHwEl[0] AsyncHwEl[1] AsyncHwEl[2] AsyncHwEl[3] AsyncHwEl[4] AsyncHwEl[5] | outputs: NmsPPMuxEl0YOLOV8-Post-Process(running in thread_id: 1450558)
[2026-08-14 15:35:23.615] [1438143] [HailoRT] [info] [pipeline.cpp:891] [print_deep_description] NmsPPMuxEl0YOLOV8-Post-Process | inputs: MultiPushQEl0YOLOV8-Post-Process[0] | outputs: LastAsyncEl0NmsPPMuxEl0YOLOV8-Post-Process
[2026-08-14 15:35:23.615] [1438143] [HailoRT] [info] [pipeline.cpp:891] [print_deep_description] LastAsyncEl0NmsPPMuxEl0YOLOV8-Post-Process | inputs: NmsPPMuxEl0YOLOV8-Post-Process[0] | outputs: user
[2026-08-14 15:35:23.906] [1440660] [HailoRT] [info] [hef.cpp:1929] [get_network_group_and_network_name] No name was given. Addressing all networks of default network_group: yolov8s
[2026-08-14 15:47:43.740] [1465826] [HailoRT] [info] [vdevice.cpp:523] [create] Creating vdevice with params: device_count: 1, scheduling_algorithm: ROUND_ROBIN, multi_process_service: false
[2026-08-14 15:47:43.751] [1465826] [HailoRT] [info] [device.cpp:49] [Device] OS Version: Linux 6.12.34+rpt-rpi-2712 #1 SMP PREEMPT Debian 1:6.12.34-1+rpt1~bookworm (2025-06-26) aarch64
[2026-08-14 15:47:43.753] [1465826] [HailoRT] [info] [control.cpp:108] [control__parse_identify_results] firmware_version is: 4.20.0
[2026-08-14 15:47:43.753] [1465826] [HailoRT] [info] [vdevice.cpp:651] [create] VDevice Infos: 0001:03:00.0
[2026-08-14 15:47:43.790] [1465826] [HailoRT] [info] [hef.cpp:1929] [get_network_group_and_network_name] No name was given. Addressing all networks of default network_group: yolov8s
[2026-08-14 15:47:43.790] [1465826] [HailoRT] [info] [hef.cpp:1929] [get_network_group_and_network_name] No name was given. Addressing all networks of default network_group: yolov8s
[2026-08-14 15:47:43.819] [1465826] [HailoRT] [info] [internal_buffer_manager.cpp:202] [print_execution_results] Default Internal buffer planner failed to meet requirements
[2026-08-14 15:47:43.819] [1465826] [HailoRT] [info] [internal_buffer_manager.cpp:212] [print_execution_results] Default Internal buffer planner executed successfully
[2026-08-14 15:47:43.830] [1465826] [HailoRT] [info] [device_internal.cpp:57] [configure] Configuring HEF took 16.83272 milliseconds
[2026-08-14 15:47:43.830] [1465826] [HailoRT] [info] [vdevice.cpp:749] [configure] Configuring HEF on VDevice took 17.191294 milliseconds
[2026-08-14 15:47:43.830] [1465826] [HailoRT] [info] [infer_model.cpp:436] [configure] Configuring network group 'yolov8s' with params: batch size: 0, power mode: PERFORMANCE, latency: NONE
[2026-08-14 15:47:43.830] [1465826] [HailoRT] [info] [multi_io_elements.cpp:756] [create] Created (AsyncHwEl)
[2026-08-14 15:47:43.830] [1465826] [HailoRT] [info] [queue_elements.cpp:450] [create] Created (EntryPushQEl0yolov8s/input_layer1 | timeout: 10s)
[2026-08-14 15:47:43.830] [1465826] [HailoRT] [info] [filter_elements.cpp:101] [create] Created (PreInferEl3yolov8s/input_layer1 | Reorder - src_order: RGB4, src_shape: (640, 640, 3), dst_order: NHCW, dst_shape: (640, 640, 3))
[2026-08-14 15:47:43.830] [1465826] [HailoRT] [info] [queue_elements.cpp:450] [create] Created (PushQEl3yolov8s/input_layer1 | timeout: 10s)
[2026-08-14 15:47:43.830] [1465826] [HailoRT] [info] [multi_io_elements.cpp:135] [create] Created (NmsPPMuxEl0YOLOV8-Post-Process | Op YOLOV8, Name: YOLOV8-Post-Process, Score threshold: 0.200, IoU threshold: 0.70, Classes: 80, Cross classes: false, NMS results order: BY_CLASS, Max bboxes per class: 100, Image height: 640, Image width: 640)
[2026-08-14 15:47:43.830] [1465826] [HailoRT] [info] [queue_elements.cpp:942] [create] Created (MultiPushQEl0YOLOV8-Post-Process | timeout: 10s)
[2026-08-14 15:47:43.830] [1465826] [HailoRT] [info] [edge_elements.cpp:187] [create] Created (LastAsyncEl0NmsPPMuxEl0YOLOV8-Post-Process)
[2026-08-14 15:47:43.830] [1465826] [HailoRT] [info] [pipeline.cpp:891] [print_deep_description] EntryPushQEl0yolov8s/input_layer1 | inputs: user | outputs: PreInferEl3yolov8s/input_layer1(running in thread_id: 1467636)
[2026-08-14 15:47:43.830] [1465826] [HailoRT] [info] [pipeline.cpp:891] [print_deep_description] PreInferEl3yolov8s/input_layer1 | inputs: EntryPushQEl0yolov8s/input_layer1[0] | outputs: PushQEl3yolov8s/input_layer1
[2026-08-14 15:47:43.830] [1465826] [HailoRT] [info] [pipeline.cpp:891] [print_deep_description] PushQEl3yolov8s/input_layer1 | inputs: PreInferEl3yolov8s/input_layer1[0] | outputs: AsyncHwEl(running in thread_id: 1467637)
[2026-08-14 15:47:43.830] [1465826] [HailoRT] [info] [pipeline.cpp:891] [print_deep_description] AsyncHwEl | inputs: PushQEl3yolov8s/input_layer1[0] | outputs: MultiPushQEl0YOLOV8-Post-Process MultiPushQEl0YOLOV8-Post-Process MultiPushQEl0YOLOV8-Post-Process MultiPushQEl0YOLOV8-Post-Process MultiPushQEl0YOLOV8-Post-Process MultiPushQEl0YOLOV8-Post-Process
[2026-08-14 15:47:43.830] [1465826] [HailoRT] [info] [pipeline.cpp:891] [print_deep_description] MultiPushQEl0YOLOV8-Post-Process | inputs: AsyncHwEl[0] AsyncHwEl[1] AsyncHwEl[2] AsyncHwEl[3] AsyncHwEl[4] AsyncHwEl[5] | outputs: NmsPPMuxEl0YOLOV8-Post-Process(running in thread_id: 1467638)
[2026-08-14 15:47:43.830] [1465826] [HailoRT] [info] [pipeline.cpp:891] [print_deep_description] NmsPPMuxEl0YOLOV8-Post-Process | inputs: MultiPushQEl0YOLOV8-Post-Process[0] | outputs: LastAsyncEl0NmsPPMuxEl0YOLOV8-Post-Process
[2026-08-14 15:47:43.830] [1465826] [HailoRT] [info] [pipeline.cpp:891] [print_deep_description] LastAsyncEl0NmsPPMuxEl0YOLOV8-Post-Process | inputs: NmsPPMuxEl0YOLOV8-Post-Process[0] | outputs: user
[2026-08-14 15:47:44.236] [1467627] [HailoRT] [info] [hef.cpp:1929] [get_network_group_and_network_name] No name was given. Addressing all networks of default network_group: yolov8s
[2026-08-14 15:47:59.749] [1465826] [HailoRT] [info] [async_infer_runner.cpp:86] [shutdown] Pipeline was aborted. Shutting it down
[2026-08-14 15:47:59.754] [1467622] [HailoRT] [info] [network_group.cpp:857] [operator()] Infer request was aborted by user
[2026-08-14 15:47:59.755] [1465826] [HailoRT] [info] [queue_elements.cpp:1131] [execute_deactivate] enqueue() in element MultiPushQEl0YOLOV8-Post-Process was aborted, got status = HAILO_SHUTDOWN_EVENT_SIGNALED(57)
[2026-08-14 15:47:59.755] [1465826] [HailoRT] [info] [queue_elements.cpp:1131] [execute_deactivate] enqueue() in element MultiPushQEl0YOLOV8-Post-Process was aborted, got status = HAILO_SHUTDOWN_EVENT_SIGNALED(57)
[2026-08-14 15:47:59.755] [1465826] [HailoRT] [info] [queue_elements.cpp:1131] [execute_deactivate] enqueue() in element MultiPushQEl0YOLOV8-Post-Process was aborted, got status = HAILO_SHUTDOWN_EVENT_SIGNALED(57)
[2026-08-14 15:47:59.755] [1465826] [HailoRT] [info] [queue_elements.cpp:1131] [execute_deactivate] enqueue() in element MultiPushQEl0YOLOV8-Post-Process was aborted, got status = HAILO_SHUTDOWN_EVENT_SIGNALED(57)
[2026-08-14 15:47:59.755] [1465826] [HailoRT] [info] [queue_elements.cpp:1131] [execute_deactivate] enqueue() in element MultiPushQEl0YOLOV8-Post-Process was aborted, got status = HAILO_SHUTDOWN_EVENT_SIGNALED(57)
[2026-08-14 15:47:59.755] [1465826] [HailoRT] [info] [queue_elements.cpp:1131] [execute_deactivate] enqueue() in element MultiPushQEl0YOLOV8-Post-Process was aborted, got status = HAILO_SHUTDOWN_EVENT_SIGNALED(57)
[2026-08-14 15:47:59.755] [1465826] [HailoRT] [info] [queue_elements.cpp:570] [execute_deactivate] enqueue() in element PushQEl3yolov8s/input_layer1 was aborted, got status = HAILO_SHUTDOWN_EVENT_SIGNALED(57)
[2026-08-14 15:47:59.755] [1465826] [HailoRT] [info] [queue_elements.cpp:570] [execute_deactivate] enqueue() in element EntryPushQEl0yolov8s/input_layer1 was aborted, got status = HAILO_SHUTDOWN_EVENT_SIGNALED(57)
[2026-08-14 15:47:59.755] [1465826] [HailoRT] [info] [queue_elements.cpp:46] [~BaseQueueElement] Queue element EntryPushQEl0yolov8s/input_layer1 has 0 frames in his Queue on destruction
[2026-08-14 15:47:59.755] [1465826] [HailoRT] [info] [queue_elements.cpp:46] [~BaseQueueElement] Queue element PushQEl3yolov8s/input_layer1 has 0 frames in his Queue on destruction
[2026-08-14 15:47:59.833] [1465826] [HailoRT] [info] [vdevice.cpp:523] [create] Creating vdevice with params: device_count: 1, scheduling_algorithm: ROUND_ROBIN, multi_process_service: false
[2026-08-14 15:47:59.845] [1465826] [HailoRT] [info] [device.cpp:49] [Device] OS Version: Linux 6.12.34+rpt-rpi-2712 #1 SMP PREEMPT Debian 1:6.12.34-1+rpt1~bookworm (2025-06-26) aarch64
[2026-08-14 15:47:59.847] [1465826] [HailoRT] [info] [control.cpp:108] [control__parse_identify_results] firmware_version is: 4.20.0
[2026-08-14 15:47:59.847] [1465826] [HailoRT] [info] [vdevice.cpp:651] [create] VDevice Infos: 0001:03:00.0
[2026-08-14 15:47:59.885] [1465826] [HailoRT] [info] [hef.cpp:1929] [get_network_group_and_network_name] No name was given. Addressing all networks of default network_group: yolov8s
[2026-08-14 15:47:59.885] [1465826] [HailoRT] [info] [hef.cpp:1929] [get_network_group_and_network_name] No name was given. Addressing all networks of default network_group: yolov8s
[2026-08-14 15:47:59.913] [1465826] [HailoRT] [info] [internal_buffer_manager.cpp:202] [print_execution_results] Default Internal buffer planner failed to meet requirements
[2026-08-14 15:47:59.914] [1465826] [HailoRT] [info] [internal_buffer_manager.cpp:212] [print_execution_results] Default Internal buffer planner executed successfully
[2026-08-14 15:47:59.925] [1465826] [HailoRT] [info] [device_internal.cpp:57] [configure] Configuring HEF took 18.095441 milliseconds
[2026-08-14 15:47:59.925] [1465826] [HailoRT] [info] [vdevice.cpp:749] [configure] Configuring HEF on VDevice took 18.603162 milliseconds
[2026-08-14 15:47:59.925] [1465826] [HailoRT] [info] [infer_model.cpp:436] [configure] Configuring network group 'yolov8s' with params: batch size: 0, power mode: PERFORMANCE, latency: NONE
[2026-08-14 15:47:59.925] [1465826] [HailoRT] [info] [multi_io_elements.cpp:756] [create] Created (AsyncHwEl)
[2026-08-14 15:47:59.925] [1465826] [HailoRT] [info] [queue_elements.cpp:450] [create] Created (EntryPushQEl0yolov8s/input_layer1 | timeout: 10s)
[2026-08-14 15:47:59.925] [1465826] [HailoRT] [info] [filter_elements.cpp:101] [create] Created (PreInferEl3yolov8s/input_layer1 | Reorder - src_order: RGB4, src_shape: (640, 640, 3), dst_order: NHCW, dst_shape: (640, 640, 3))
[2026-08-14 15:47:59.926] [1465826] [HailoRT] [info] [queue_elements.cpp:450] [create] Created (PushQEl3yolov8s/input_layer1 | timeout: 10s)
[2026-08-14 15:47:59.926] [1465826] [HailoRT] [info] [multi_io_elements.cpp:135] [create] Created (NmsPPMuxEl0YOLOV8-Post-Process | Op YOLOV8, Name: YOLOV8-Post-Process, Score threshold: 0.200, IoU threshold: 0.70, Classes: 80, Cross classes: false, NMS results order: BY_CLASS, Max bboxes per class: 100, Image height: 640, Image width: 640)
[2026-08-14 15:47:59.926] [1465826] [HailoRT] [info] [queue_elements.cpp:942] [create] Created (MultiPushQEl0YOLOV8-Post-Process | timeout: 10s)
[2026-08-14 15:47:59.926] [1465826] [HailoRT] [info] [edge_elements.cpp:187] [create] Created (LastAsyncEl0NmsPPMuxEl0YOLOV8-Post-Process)
[2026-08-14 15:47:59.926] [1465826] [HailoRT] [info] [pipeline.cpp:891] [print_deep_description] EntryPushQEl0yolov8s/input_layer1 | inputs: user | outputs: PreInferEl3yolov8s/input_layer1(running in thread_id: 1468076)
[2026-08-14 15:47:59.926] [1465826] [HailoRT] [info] [pipeline.cpp:891] [print_deep_description] PreInferEl3yolov8s/input_layer1 | inputs: EntryPushQEl0yolov8s/input_layer1[0] | outputs: PushQEl3yolov8s/input_layer1
[2026-08-14 15:47:59.926] [1465826] [HailoRT] [info] [pipeline.cpp:891] [print_deep_description] PushQEl3yolov8s/input_layer1 | inputs: PreInferEl3yolov8s/input_layer1[0] | outputs: AsyncHwEl(running in thread_id: 1468077)
[2026-08-14 15:47:59.926] [1465826] [HailoRT] [info] [pipeline.cpp:891] [print_deep_description] AsyncHwEl | inputs: PushQEl3yolov8s/input_layer1[0] | outputs: MultiPushQEl0YOLOV8-Post-Process MultiPushQEl0YOLOV8-Post-Process MultiPushQEl0YOLOV8-Post-Process MultiPushQEl0YOLOV8-Post-Process MultiPushQEl0YOLOV8-Post-Process MultiPushQEl0YOLOV8-Post-Process
[2026-08-14 15:47:59.926] [1465826] [HailoRT] [info] [pipeline.cpp:891] [print_deep_description] MultiPushQEl0YOLOV8-Post-Process | inputs: AsyncHwEl[0] AsyncHwEl[1] AsyncHwEl[2] AsyncHwEl[3] AsyncHwEl[4] AsyncHwEl[5] | outputs: NmsPPMuxEl0YOLOV8-Post-Process(running in thread_id: 1468078)
[2026-08-14 15:47:59.926] [1465826] [HailoRT] [info] [pipeline.cpp:891] [print_deep_description] NmsPPMuxEl0YOLOV8-Post-Process | inputs: MultiPushQEl0YOLOV8-Post-Process[0] | outputs: LastAsyncEl0NmsPPMuxEl0YOLOV8-Post-Process
[2026-08-14 15:47:59.926] [1465826] [HailoRT] [info] [pipeline.cpp:891] [print_deep_description] LastAsyncEl0NmsPPMuxEl0YOLOV8-Post-Process | inputs: NmsPPMuxEl0YOLOV8-Post-Process[0] | outputs: user
[2026-08-14 15:48:00.333] [1467628] [HailoRT] [info] [hef.cpp:1929] [get_network_group_and_network_name] No name was given. Addressing all networks of default network_group: yolov8s
[2026-08-14 15:48:22.722] [1465826] [HailoRT] [info] [async_infer_runner.cpp:86] [shutdown] Pipeline was aborted. Shutting it down
[2026-08-14 15:48:22.722] [1465826] [HailoRT] [info] [queue_elements.cpp:1131] [execute_deactivate] enqueue() in element MultiPushQEl0YOLOV8-Post-Process was aborted, got status = HAILO_SHUTDOWN_EVENT_SIGNALED(57)
[2026-08-14 15:48:22.722] [1465826] [HailoRT] [info] [queue_elements.cpp:1131] [execute_deactivate] enqueue() in element MultiPushQEl0YOLOV8-Post-Process was aborted, got status = HAILO_SHUTDOWN_EVENT_SIGNALED(57)
[2026-08-14 15:48:22.722] [1465826] [HailoRT] [info] [queue_elements.cpp:1131] [execute_deactivate] enqueue() in element MultiPushQEl0YOLOV8-Post-Process was aborted, got status = HAILO_SHUTDOWN_EVENT_SIGNALED(57)
[2026-08-14 15:48:22.722] [1465826] [HailoRT] [info] [queue_elements.cpp:1131] [execute_deactivate] enqueue() in element MultiPushQEl0YOLOV8-Post-Process was aborted, got status = HAILO_SHUTDOWN_EVENT_SIGNALED(57)
[2026-08-14 15:48:22.722] [1465826] [HailoRT] [info] [queue_elements.cpp:1131] [execute_deactivate] enqueue() in element MultiPushQEl0YOLOV8-Post-Process was aborted, got status = HAILO_SHUTDOWN_EVENT_SIGNALED(57)
[2026-08-14 15:48:22.722] [1465826] [HailoRT] [info] [queue_elements.cpp:1131] [execute_deactivate] enqueue() in element MultiPushQEl0YOLOV8-Post-Process was aborted, got status = HAILO_SHUTDOWN_EVENT_SIGNALED(57)
[2026-08-14 15:48:22.722] [1465826] [HailoRT] [info] [queue_elements.cpp:570] [execute_deactivate] enqueue() in element PushQEl3yolov8s/input_layer1 was aborted, got status = HAILO_SHUTDOWN_EVENT_SIGNALED(57)
[2026-08-14 15:48:22.722] [1465826] [HailoRT] [info] [queue_elements.cpp:570] [execute_deactivate] enqueue() in element EntryPushQEl0yolov8s/input_layer1 was aborted, got status = HAILO_SHUTDOWN_EVENT_SIGNALED(57)
[2026-08-14 15:48:22.722] [1465826] [HailoRT] [info] [queue_elements.cpp:46] [~BaseQueueElement] Queue element EntryPushQEl0yolov8s/input_layer1 has 0 frames in his Queue on destruction
[2026-08-14 15:48:22.722] [1465826] [HailoRT] [info] [queue_elements.cpp:46] [~BaseQueueElement] Queue element PushQEl3yolov8s/input_layer1 has 0 frames in his Queue on destruction
[2026-08-14 15:48:22.859] [1465826] [HailoRT] [info] [vdevice.cpp:523] [create] Creating vdevice with params: device_count: 1, scheduling_algorithm: ROUND_ROBIN, multi_process_service: false
[2026-08-14 15:48:22.871] [1465826] [HailoRT] [info] [device.cpp:49] [Device] OS Version: Linux 6.12.34+rpt-rpi-2712 #1 SMP PREEMPT Debian 1:6.12.34-1+rpt1~bookworm (2025-06-26) aarch64
[2026-08-14 15:48:22.872] [1465826] [HailoRT] [info] [control.cpp:108] [control__parse_identify_results] firmware_version is: 4.20.0
[2026-08-14 15:48:22.872] [1465826] [HailoRT] [info] [vdevice.cpp:651] [create] VDevice Infos: 0001:03:00.0
[2026-08-14 15:48:22.910] [1465826] [HailoRT] [info] [hef.cpp:1929] [get_network_group_and_network_name] No name was given. Addressing all networks of default network_group: yolov8s
[2026-08-14 15:48:22.910] [1465826] [HailoRT] [info] [hef.cpp:1929] [get_network_group_and_network_name] No name was given. Addressing all networks of default network_group: yolov8s
[2026-08-14 15:48:22.920] [1465826] [HailoRT] [info] [internal_buffer_manager.cpp:202] [print_execution_results] Default Internal buffer planner failed to meet requirements
[2026-08-14 15:48:22.920] [1465826] [HailoRT] [info] [internal_buffer_manager.cpp:212] [print_execution_results] Default Internal buffer planner executed successfully
[2026-08-14 15:48:22.930] [1465826] [HailoRT] [info] [device_internal.cpp:57] [configure] Configuring HEF took 15.333573 milliseconds
[2026-08-14 15:48:22.930] [1465826] [HailoRT] [info] [vdevice.cpp:749] [configure] Configuring HEF on VDevice took 15.803017 milliseconds
[2026-08-14 15:48:22.930] [1465826] [HailoRT] [info] [infer_model.cpp:436] [configure] Configuring network group 'yolov8s' with params: batch size: 0, power mode: PERFORMANCE, latency: NONE
[2026-08-14 15:48:22.930] [1465826] [HailoRT] [info] [multi_io_elements.cpp:756] [create] Created (AsyncHwEl)
[2026-08-14 15:48:22.930] [1465826] [HailoRT] [info] [queue_elements.cpp:450] [create] Created (EntryPushQEl0yolov8s/input_layer1 | timeout: 10s)
[2026-08-14 15:48:22.930] [1465826] [HailoRT] [info] [filter_elements.cpp:101] [create] Created (PreInferEl3yolov8s/input_layer1 | Reorder - src_order: RGB4, src_shape: (640, 640, 3), dst_order: NHCW, dst_shape: (640, 640, 3))
[2026-08-14 15:48:22.930] [1465826] [HailoRT] [info] [queue_elements.cpp:450] [create] Created (PushQEl3yolov8s/input_layer1 | timeout: 10s)
[2026-08-14 15:48:22.930] [1465826] [HailoRT] [info] [multi_io_elements.cpp:135] [create] Created (NmsPPMuxEl0YOLOV8-Post-Process | Op YOLOV8, Name: YOLOV8-Post-Process, Score threshold: 0.200, IoU threshold: 0.70, Classes: 80, Cross classes: false, NMS results order: BY_CLASS, Max bboxes per class: 100, Image height: 640, Image width: 640)
[2026-08-14 15:48:22.930] [1465826] [HailoRT] [info] [queue_elements.cpp:942] [create] Created (MultiPushQEl0YOLOV8-Post-Process | timeout: 10s)
[2026-08-14 15:48:22.930] [1465826] [HailoRT] [info] [edge_elements.cpp:187] [create] Created (LastAsyncEl0NmsPPMuxEl0YOLOV8-Post-Process)
[2026-08-14 15:48:22.930] [1465826] [HailoRT] [info] [pipeline.cpp:891] [print_deep_description] EntryPushQEl0yolov8s/input_layer1 | inputs: user | outputs: PreInferEl3yolov8s/input_layer1(running in thread_id: 1468636)
[2026-08-14 15:48:22.930] [1465826] [HailoRT] [info] [pipeline.cpp:891] [print_deep_description] PreInferEl3yolov8s/input_layer1 | inputs: EntryPushQEl0yolov8s/input_layer1[0] | outputs: PushQEl3yolov8s/input_layer1
[2026-08-14 15:48:22.930] [1465826] [HailoRT] [info] [pipeline.cpp:891] [print_deep_description] PushQEl3yolov8s/input_layer1 | inputs: PreInferEl3yolov8s/input_layer1[0] | outputs: AsyncHwEl(running in thread_id: 1468637)
[2026-08-14 15:48:22.930] [1465826] [HailoRT] [info] [pipeline.cpp:891] [print_deep_description] AsyncHwEl | inputs: PushQEl3yolov8s/input_layer1[0] | outputs: MultiPushQEl0YOLOV8-Post-Process MultiPushQEl0YOLOV8-Post-Process MultiPushQEl0YOLOV8-Post-Process MultiPushQEl0YOLOV8-Post-Process MultiPushQEl0YOLOV8-Post-Process MultiPushQEl0YOLOV8-Post-Process
[2026-08-14 15:48:22.930] [1465826] [HailoRT] [info] [pipeline.cpp:891] [print_deep_description] MultiPushQEl0YOLOV8-Post-Process | inputs: AsyncHwEl[0] AsyncHwEl[1] AsyncHwEl[2] AsyncHwEl[3] AsyncHwEl[4] AsyncHwEl[5] | outputs: NmsPPMuxEl0YOLOV8-Post-Process(running in thread_id: 1468638)
[2026-08-14 15:48:22.930] [1465826] [HailoRT] [info] [pipeline.cpp:891] [print_deep_description] NmsPPMuxEl0YOLOV8-Post-Process | inputs: MultiPushQEl0YOLOV8-Post-Process[0] | outputs: LastAsyncEl0NmsPPMuxEl0YOLOV8-Post-Process
[2026-08-14 15:48:22.930] [1465826] [HailoRT] [info] [pipeline.cpp:891] [print_deep_description] LastAsyncEl0NmsPPMuxEl0YOLOV8-Post-Process | inputs: NmsPPMuxEl0YOLOV8-Post-Process[0] | outputs: user
[2026-08-14 15:48:23.329] [1467628] [HailoRT] [info] [hef.cpp:1929] [get_network_group_and_network_name] No name was given. Addressing all networks of default network_group: yolov8s
[2026-08-14 16:54:05.851] [1527288] [HailoRT] [info] [vdevice.cpp:523] [create] Creating vdevice with params: device_count: 1, scheduling_algorithm: ROUND_ROBIN, multi_process_service: false
[2026-08-14 16:54:05.863] [1527288] [HailoRT] [info] [device.cpp:49] [Device] OS Version: Linux 6.12.34+rpt-rpi-2712 #1 SMP PREEMPT Debian 1:6.12.34-1+rpt1~bookworm (2025-06-26) aarch64
[2026-08-14 16:54:05.865] [1527288] [HailoRT] [info] [control.cpp:108] [control__parse_identify_results] firmware_version is: 4.20.0
[2026-08-14 16:54:05.865] [1527288] [HailoRT] [info] [vdevice.cpp:651] [create] VDevice Infos: 0001:03:00.0
[2026-08-14 16:54:05.904] [1527288] [HailoRT] [info] [hef.cpp:1929] [get_network_group_and_network_name] No name was given. Addressing all networks of default network_group: yolov8s
[2026-08-14 16:54:05.904] [1527288] [HailoRT] [info] [hef.cpp:1929] [get_network_group_and_network_name] No name was given. Addressing all networks of default network_group: yolov8s
[2026-08-14 16:54:05.918] [1527288] [HailoRT] [info] [internal_buffer_manager.cpp:202] [print_execution_results] Default Internal buffer planner failed to meet requirements
[2026-08-14 16:54:05.918] [1527288] [HailoRT] [info] [internal_buffer_manager.cpp:212] [print_execution_results] Default Internal buffer planner executed successfully
[2026-08-14 16:54:05.928] [1527288] [HailoRT] [info] [device_internal.cpp:57] [configure] Configuring HEF took 16.171262 milliseconds
[2026-08-14 16:54:05.928] [1527288] [HailoRT] [info] [vdevice.cpp:749] [configure] Configuring HEF on VDevice took 16.532836 milliseconds
[2026-08-14 16:54:05.928] [1527288] [HailoRT] [info] [infer_model.cpp:436] [configure] Configuring network group 'yolov8s' with params: batch size: 0, power mode: PERFORMANCE, latency: NONE
[2026-08-14 16:54:05.928] [1527288] [HailoRT] [info] [multi_io_elements.cpp:756] [create] Created (AsyncHwEl)
[2026-08-14 16:54:05.929] [1527288] [HailoRT] [info] [queue_elements.cpp:450] [create] Created (EntryPushQEl0yolov8s/input_layer1 | timeout: 10s)
[2026-08-14 16:54:05.929] [1527288] [HailoRT] [info] [filter_elements.cpp:101] [create] Created (PreInferEl3yolov8s/input_layer1 | Reorder - src_order: RGB4, src_shape: (640, 640, 3), dst_order: NHCW, dst_shape: (640, 640, 3))
[2026-08-14 16:54:05.929] [1527288] [HailoRT] [info] [queue_elements.cpp:450] [create] Created (PushQEl3yolov8s/input_layer1 | timeout: 10s)
[2026-08-14 16:54:05.929] [1527288] [HailoRT] [info] [multi_io_elements.cpp:135] [create] Created (NmsPPMuxEl0YOLOV8-Post-Process | Op YOLOV8, Name: YOLOV8-Post-Process, Score threshold: 0.200, IoU threshold: 0.70, Classes: 80, Cross classes: false, NMS results order: BY_CLASS, Max bboxes per class: 100, Image height: 640, Image width: 640)
[2026-08-14 16:54:05.929] [1527288] [HailoRT] [info] [queue_elements.cpp:942] [create] Created (MultiPushQEl0YOLOV8-Post-Process | timeout: 10s)
[2026-08-14 16:54:05.929] [1527288] [HailoRT] [info] [edge_elements.cpp:187] [create] Created (LastAsyncEl0NmsPPMuxEl0YOLOV8-Post-Process)
[2026-08-14 16:54:05.929] [1527288] [HailoRT] [info] [pipeline.cpp:891] [print_deep_description] EntryPushQEl0yolov8s/input_layer1 | inputs: user | outputs: PreInferEl3yolov8s/input_layer1(running in thread_id: 1547662)
[2026-08-14 16:54:05.929] [1527288] [HailoRT] [info] [pipeline.cpp:891] [print_deep_description] PreInferEl3yolov8s/input_layer1 | inputs: EntryPushQEl0yolov8s/input_layer1[0] | outputs: PushQEl3yolov8s/input_layer1
[2026-08-14 16:54:05.929] [1527288] [HailoRT] [info] [pipeline.cpp:891] [print_deep_description] PushQEl3yolov8s/input_layer1 | inputs: PreInferEl3yolov8s/input_layer1[0] | outputs: AsyncHwEl(running in thread_id: 1547663)
[2026-08-14 16:54:05.929] [1527288] [HailoRT] [info] [pipeline.cpp:891] [print_deep_description] AsyncHwEl | inputs: PushQEl3yolov8s/input_layer1[0] | outputs: MultiPushQEl0YOLOV8-Post-Process MultiPushQEl0YOLOV8-Post-Process MultiPushQEl0YOLOV8-Post-Process MultiPushQEl0YOLOV8-Post-Process MultiPushQEl0YOLOV8-Post-Process MultiPushQEl0YOLOV8-Post-Process
[2026-08-14 16:54:05.929] [1527288] [HailoRT] [info] [pipeline.cpp:891] [print_deep_description] MultiPushQEl0YOLOV8-Post-Process | inputs: AsyncHwEl[0] AsyncHwEl[1] AsyncHwEl[2] AsyncHwEl[3] AsyncHwEl[4] AsyncHwEl[5] | outputs: NmsPPMuxEl0YOLOV8-Post-Process(running in thread_id: 1547664)
[2026-08-14 16:54:05.929] [1527288] [HailoRT] [info] [pipeline.cpp:891] [print_deep_description] NmsPPMuxEl0YOLOV8-Post-Process | inputs: MultiPushQEl0YOLOV8-Post-Process[0] | outputs: LastAsyncEl0NmsPPMuxEl0YOLOV8-Post-Process
[2026-08-14 16:54:05.929] [1527288] [HailoRT] [info] [pipeline.cpp:891] [print_deep_description] LastAsyncEl0NmsPPMuxEl0YOLOV8-Post-Process | inputs: NmsPPMuxEl0YOLOV8-Post-Process[0] | outputs: user
[2026-08-14 16:54:06.253] [1547652] [HailoRT] [info] [hef.cpp:1929] [get_network_group_and_network_name] No name was given. Addressing all networks of default network_group: yolov8s
[2026-08-14 17:22:57.536] [1576668] [HailoRT] [info] [vdevice.cpp:523] [create] Creating vdevice with params: device_count: 1, scheduling_algorithm: ROUND_ROBIN, multi_process_service: false
[2026-08-14 17:22:57.548] [1576668] [HailoRT] [info] [device.cpp:49] [Device] OS Version: Linux 6.12.34+rpt-rpi-2712 #1 SMP PREEMPT Debian 1:6.12.34-1+rpt1~bookworm (2025-06-26) aarch64
[2026-08-14 17:22:57.549] [1576668] [HailoRT] [info] [control.cpp:108] [control__parse_identify_results] firmware_version is: 4.20.0
[2026-08-14 17:22:57.549] [1576668] [HailoRT] [info] [vdevice.cpp:651] [create] VDevice Infos: 0001:03:00.0
[2026-08-14 17:22:57.587] [1576668] [HailoRT] [info] [hef.cpp:1929] [get_network_group_and_network_name] No name was given. Addressing all networks of default network_group: yolov8s
[2026-08-14 17:22:57.587] [1576668] [HailoRT] [info] [hef.cpp:1929] [get_network_group_and_network_name] No name was given. Addressing all networks of default network_group: yolov8s
[2026-08-14 17:22:57.601] [1576668] [HailoRT] [info] [internal_buffer_manager.cpp:202] [print_execution_results] Default Internal buffer planner failed to meet requirements
[2026-08-14 17:22:57.601] [1576668] [HailoRT] [info] [internal_buffer_manager.cpp:212] [print_execution_results] Default Internal buffer planner executed successfully
[2026-08-14 17:22:57.612] [1576668] [HailoRT] [info] [device_internal.cpp:57] [configure] Configuring HEF took 17.435043 milliseconds
[2026-08-14 17:22:57.612] [1576668] [HailoRT] [info] [vdevice.cpp:749] [configure] Configuring HEF on VDevice took 17.797228 milliseconds
[2026-08-14 17:22:57.612] [1576668] [HailoRT] [info] [infer_model.cpp:436] [configure] Configuring network group 'yolov8s' with params: batch size: 0, power mode: PERFORMANCE, latency: NONE
[2026-08-14 17:22:57.612] [1576668] [HailoRT] [info] [multi_io_elements.cpp:756] [create] Created (AsyncHwEl)
[2026-08-14 17:22:57.612] [1576668] [HailoRT] [info] [queue_elements.cpp:450] [create] Created (EntryPushQEl0yolov8s/input_layer1 | timeout: 10s)
[2026-08-14 17:22:57.612] [1576668] [HailoRT] [info] [filter_elements.cpp:101] [create] Created (PreInferEl3yolov8s/input_layer1 | Reorder - src_order: RGB4, src_shape: (640, 640, 3), dst_order: NHCW, dst_shape: (640, 640, 3))
[2026-08-14 17:22:57.612] [1576668] [HailoRT] [info] [queue_elements.cpp:450] [create] Created (PushQEl3yolov8s/input_layer1 | timeout: 10s)
[2026-08-14 17:22:57.612] [1576668] [HailoRT] [info] [multi_io_elements.cpp:135] [create] Created (NmsPPMuxEl0YOLOV8-Post-Process | Op YOLOV8, Name: YOLOV8-Post-Process, Score threshold: 0.200, IoU threshold: 0.70, Classes: 80, Cross classes: false, NMS results order: BY_CLASS, Max bboxes per class: 100, Image height: 640, Image width: 640)
[2026-08-14 17:22:57.613] [1576668] [HailoRT] [info] [queue_elements.cpp:942] [create] Created (MultiPushQEl0YOLOV8-Post-Process | timeout: 10s)
[2026-08-14 17:22:57.613] [1576668] [HailoRT] [info] [edge_elements.cpp:187] [create] Created (LastAsyncEl0NmsPPMuxEl0YOLOV8-Post-Process)
[2026-08-14 17:22:57.613] [1576668] [HailoRT] [info] [pipeline.cpp:891] [print_deep_description] EntryPushQEl0yolov8s/input_layer1 | inputs: user | outputs: PreInferEl3yolov8s/input_layer1(running in thread_id: 1582560)
[2026-08-14 17:22:57.613] [1576668] [HailoRT] [info] [pipeline.cpp:891] [print_deep_description] PreInferEl3yolov8s/input_layer1 | inputs: EntryPushQEl0yolov8s/input_layer1[0] | outputs: PushQEl3yolov8s/input_layer1
[2026-08-14 17:22:57.613] [1576668] [HailoRT] [info] [pipeline.cpp:891] [print_deep_description] PushQEl3yolov8s/input_layer1 | inputs: PreInferEl3yolov8s/input_layer1[0] | outputs: AsyncHwEl(running in thread_id: 1582561)
[2026-08-14 17:22:57.613] [1576668] [HailoRT] [info] [pipeline.cpp:891] [print_deep_description] AsyncHwEl | inputs: PushQEl3yolov8s/input_layer1[0] | outputs: MultiPushQEl0YOLOV8-Post-Process MultiPushQEl0YOLOV8-Post-Process MultiPushQEl0YOLOV8-Post-Process MultiPushQEl0YOLOV8-Post-Process MultiPushQEl0YOLOV8-Post-Process MultiPushQEl0YOLOV8-Post-Process
[2026-08-14 17:22:57.613] [1576668] [HailoRT] [info] [pipeline.cpp:891] [print_deep_description] MultiPushQEl0YOLOV8-Post-Process | inputs: AsyncHwEl[0] AsyncHwEl[1] AsyncHwEl[2] AsyncHwEl[3] AsyncHwEl[4] AsyncHwEl[5] | outputs: NmsPPMuxEl0YOLOV8-Post-Process(running in thread_id: 1582562)
[2026-08-14 17:22:57.613] [1576668] [HailoRT] [info] [pipeline.cpp:891] [print_deep_description] NmsPPMuxEl0YOLOV8-Post-Process | inputs: MultiPushQEl0YOLOV8-Post-Process[0] | outputs: LastAsyncEl0NmsPPMuxEl0YOLOV8-Post-Process
[2026-08-14 17:22:57.613] [1576668] [HailoRT] [info] [pipeline.cpp:891] [print_deep_description] LastAsyncEl0NmsPPMuxEl0YOLOV8-Post-Process | inputs: NmsPPMuxEl0YOLOV8-Post-Process[0] | outputs: user
[2026-08-14 17:22:57.936] [1582550] [HailoRT] [info] [hef.cpp:1929] [get_network_group_and_network_name] No name was given. Addressing all networks of default network_group: yolov8s
[2026-08-14 17:25:07.535] [1576668] [HailoRT] [info] [async_infer_runner.cpp:86] [shutdown] Pipeline was aborted. Shutting it down
[2026-08-14 17:25:07.540] [1582548] [HailoRT] [info] [network_group.cpp:857] [operator()] Infer request was aborted by user
[2026-08-14 17:25:07.541] [1576668] [HailoRT] [info] [queue_elements.cpp:1131] [execute_deactivate] enqueue() in element MultiPushQEl0YOLOV8-Post-Process was aborted, got status = HAILO_SHUTDOWN_EVENT_SIGNALED(57)
[2026-08-14 17:25:07.541] [1576668] [HailoRT] [info] [queue_elements.cpp:1131] [execute_deactivate] enqueue() in element MultiPushQEl0YOLOV8-Post-Process was aborted, got status = HAILO_SHUTDOWN_EVENT_SIGNALED(57)
[2026-08-14 17:25:07.541] [1576668] [HailoRT] [info] [queue_elements.cpp:1131] [execute_deactivate] enqueue() in element MultiPushQEl0YOLOV8-Post-Process was aborted, got status = HAILO_SHUTDOWN_EVENT_SIGNALED(57)
[2026-08-14 17:25:07.541] [1576668] [HailoRT] [info] [queue_elements.cpp:1131] [execute_deactivate] enqueue() in element MultiPushQEl0YOLOV8-Post-Process was aborted, got status = HAILO_SHUTDOWN_EVENT_SIGNALED(57)
[2026-08-14 17:25:07.541] [1576668] [HailoRT] [info] [queue_elements.cpp:1131] [execute_deactivate] enqueue() in element MultiPushQEl0YOLOV8-Post-Process was aborted, got status = HAILO_SHUTDOWN_EVENT_SIGNALED(57)
[2026-08-14 17:25:07.541] [1576668] [HailoRT] [info] [queue_elements.cpp:1131] [execute_deactivate] enqueue() in element MultiPushQEl0YOLOV8-Post-Process was aborted, got status = HAILO_SHUTDOWN_EVENT_SIGNALED(57)
[2026-08-14 17:25:07.541] [1576668] [HailoRT] [info] [queue_elements.cpp:570] [execute_deactivate] enqueue() in element PushQEl3yolov8s/input_layer1 was aborted, got status = HAILO_SHUTDOWN_EVENT_SIGNALED(57)
[2026-08-14 17:25:07.541] [1576668] [HailoRT] [info] [queue_elements.cpp:570] [execute_deactivate] enqueue() in element EntryPushQEl0yolov8s/input_layer1 was aborted, got status = HAILO_SHUTDOWN_EVENT_SIGNALED(57)
[2026-08-14 17:25:07.541] [1576668] [HailoRT] [info] [queue_elements.cpp:46] [~BaseQueueElement] Queue element EntryPushQEl0yolov8s/input_layer1 has 0 frames in his Queue on destruction
[2026-08-14 17:25:07.541] [1576668] [HailoRT] [info] [queue_elements.cpp:46] [~BaseQueueElement] Queue element PushQEl3yolov8s/input_layer1 has 0 frames in his Queue on destruction
[2026-08-14 17:25:07.614] [1576668] [HailoRT] [info] [vdevice.cpp:523] [create] Creating vdevice with params: device_count: 1, scheduling_algorithm: ROUND_ROBIN, multi_process_service: false
[2026-08-14 17:25:07.627] [1576668] [HailoRT] [info] [device.cpp:49] [Device] OS Version: Linux 6.12.34+rpt-rpi-2712 #1 SMP PREEMPT Debian 1:6.12.34-1+rpt1~bookworm (2025-06-26) aarch64
[2026-08-14 17:25:07.628] [1576668] [HailoRT] [info] [control.cpp:108] [control__parse_identify_results] firmware_version is: 4.20.0
[2026-08-14 17:25:07.628] [1576668] [HailoRT] [info] [vdevice.cpp:651] [create] VDevice Infos: 0001:03:00.0
[2026-08-14 17:25:07.671] [1576668] [HailoRT] [info] [hef.cpp:1929] [get_network_group_and_network_name] No name was given. Addressing all networks of default network_group: yolov8s
[2026-08-14 17:25:07.671] [1576668] [HailoRT] [info] [hef.cpp:1929] [get_network_group_and_network_name] No name was given. Addressing all networks of default network_group: yolov8s
[2026-08-14 17:25:07.683] [1576668] [HailoRT] [info] [internal_buffer_manager.cpp:202] [print_execution_results] Default Internal buffer planner failed to meet requirements
[2026-08-14 17:25:07.683] [1576668] [HailoRT] [info] [internal_buffer_manager.cpp:212] [print_execution_results] Default Internal buffer planner executed successfully
[2026-08-14 17:25:07.693] [1576668] [HailoRT] [info] [device_internal.cpp:57] [configure] Configuring HEF took 16.01351 milliseconds
[2026-08-14 17:25:07.693] [1576668] [HailoRT] [info] [vdevice.cpp:749] [configure] Configuring HEF on VDevice took 16.603806 milliseconds
[2026-08-14 17:25:07.693] [1576668] [HailoRT] [info] [infer_model.cpp:436] [configure] Configuring network group 'yolov8s' with params: batch size: 0, power mode: PERFORMANCE, latency: NONE
[2026-08-14 17:25:07.693] [1576668] [HailoRT] [info] [multi_io_elements.cpp:756] [create] Created (AsyncHwEl)
[2026-08-14 17:25:07.693] [1576668] [HailoRT] [info] [queue_elements.cpp:450] [create] Created (EntryPushQEl0yolov8s/input_layer1 | timeout: 10s)
[2026-08-14 17:25:07.693] [1576668] [HailoRT] [info] [filter_elements.cpp:101] [create] Created (PreInferEl3yolov8s/input_layer1 | Reorder - src_order: RGB4, src_shape: (640, 640, 3), dst_order: NHCW, dst_shape: (640, 640, 3))
[2026-08-14 17:25:07.694] [1576668] [HailoRT] [info] [queue_elements.cpp:450] [create] Created (PushQEl3yolov8s/input_layer1 | timeout: 10s)
[2026-08-14 17:25:07.694] [1576668] [HailoRT] [info] [multi_io_elements.cpp:135] [create] Created (NmsPPMuxEl0YOLOV8-Post-Process | Op YOLOV8, Name: YOLOV8-Post-Process, Score threshold: 0.200, IoU threshold: 0.70, Classes: 80, Cross classes: false, NMS results order: BY_CLASS, Max bboxes per class: 100, Image height: 640, Image width: 640)
[2026-08-14 17:25:07.694] [1576668] [HailoRT] [info] [queue_elements.cpp:942] [create] Created (MultiPushQEl0YOLOV8-Post-Process | timeout: 10s)
[2026-08-14 17:25:07.694] [1576668] [HailoRT] [info] [edge_elements.cpp:187] [create] Created (LastAsyncEl0NmsPPMuxEl0YOLOV8-Post-Process)
[2026-08-14 17:25:07.694] [1576668] [HailoRT] [info] [pipeline.cpp:891] [print_deep_description] EntryPushQEl0yolov8s/input_layer1 | inputs: user | outputs: PreInferEl3yolov8s/input_layer1(running in thread_id: 1585414)
[2026-08-14 17:25:07.694] [1576668] [HailoRT] [info] [pipeline.cpp:891] [print_deep_description] PreInferEl3yolov8s/input_layer1 | inputs: EntryPushQEl0yolov8s/input_layer1[0] | outputs: PushQEl3yolov8s/input_layer1
[2026-08-14 17:25:07.694] [1576668] [HailoRT] [info] [pipeline.cpp:891] [print_deep_description] PushQEl3yolov8s/input_layer1 | inputs: PreInferEl3yolov8s/input_layer1[0] | outputs: AsyncHwEl(running in thread_id: 1585415)
[2026-08-14 17:25:07.694] [1576668] [HailoRT] [info] [pipeline.cpp:891] [print_deep_description] AsyncHwEl | inputs: PushQEl3yolov8s/input_layer1[0] | outputs: MultiPushQEl0YOLOV8-Post-Process MultiPushQEl0YOLOV8-Post-Process MultiPushQEl0YOLOV8-Post-Process MultiPushQEl0YOLOV8-Post-Process MultiPushQEl0YOLOV8-Post-Process MultiPushQEl0YOLOV8-Post-Process
[2026-08-14 17:25:07.694] [1576668] [HailoRT] [info] [pipeline.cpp:891] [print_deep_description] MultiPushQEl0YOLOV8-Post-Process | inputs: AsyncHwEl[0] AsyncHwEl[1] AsyncHwEl[2] AsyncHwEl[3] AsyncHwEl[4] AsyncHwEl[5] | outputs: NmsPPMuxEl0YOLOV8-Post-Process(running in thread_id: 1585416)
[2026-08-14 17:25:07.694] [1576668] [HailoRT] [info] [pipeline.cpp:891] [print_deep_description] NmsPPMuxEl0YOLOV8-Post-Process | inputs: MultiPushQEl0YOLOV8-Post-Process[0] | outputs: LastAsyncEl0NmsPPMuxEl0YOLOV8-Post-Process
[2026-08-14 17:25:07.694] [1576668] [HailoRT] [info] [pipeline.cpp:891] [print_deep_description] LastAsyncEl0NmsPPMuxEl0YOLOV8-Post-Process | inputs: NmsPPMuxEl0YOLOV8-Post-Process[0] | outputs: user
[2026-08-14 17:25:07.931] [1582550] [HailoRT] [info] [hef.cpp:1929] [get_network_group_and_network_name] No name was given. Addressing all networks of default network_group: yolov8s
[2026-08-14 17:25:27.919] [1576668] [HailoRT] [info] [async_infer_runner.cpp:86] [shutdown] Pipeline was aborted. Shutting it down
[2026-08-14 17:25:27.920] [1576668] [HailoRT] [info] [queue_elements.cpp:1131] [execute_deactivate] enqueue() in element MultiPushQEl0YOLOV8-Post-Process was aborted, got status = HAILO_SHUTDOWN_EVENT_SIGNALED(57)
[2026-08-14 17:25:27.920] [1576668] [HailoRT] [info] [queue_elements.cpp:1131] [execute_deactivate] enqueue() in element MultiPushQEl0YOLOV8-Post-Process was aborted, got status = HAILO_SHUTDOWN_EVENT_SIGNALED(57)
[2026-08-14 17:25:27.920] [1576668] [HailoRT] [info] [queue_elements.cpp:1131] [execute_deactivate] enqueue() in element MultiPushQEl0YOLOV8-Post-Process was aborted, got status = HAILO_SHUTDOWN_EVENT_SIGNALED(57)
[2026-08-14 17:25:27.920] [1576668] [HailoRT] [info] [queue_elements.cpp:1131] [execute_deactivate] enqueue() in element MultiPushQEl0YOLOV8-Post-Process was aborted, got status = HAILO_SHUTDOWN_EVENT_SIGNALED(57)
[2026-08-14 17:25:27.920] [1576668] [HailoRT] [info] [queue_elements.cpp:1131] [execute_deactivate] enqueue() in element MultiPushQEl0YOLOV8-Post-Process was aborted, got status = HAILO_SHUTDOWN_EVENT_SIGNALED(57)
[2026-08-14 17:25:27.920] [1576668] [HailoRT] [info] [queue_elements.cpp:1131] [execute_deactivate] enqueue() in element MultiPushQEl0YOLOV8-Post-Process was aborted, got status = HAILO_SHUTDOWN_EVENT_SIGNALED(57)
[2026-08-14 17:25:27.920] [1576668] [HailoRT] [info] [queue_elements.cpp:570] [execute_deactivate] enqueue() in element PushQEl3yolov8s/input_layer1 was aborted, got status = HAILO_SHUTDOWN_EVENT_SIGNALED(57)
[2026-08-14 17:25:27.920] [1576668] [HailoRT] [info] [queue_elements.cpp:570] [execute_deactivate] enqueue() in element EntryPushQEl0yolov8s/input_layer1 was aborted, got status = HAILO_SHUTDOWN_EVENT_SIGNALED(57)
[2026-08-14 17:25:27.920] [1576668] [HailoRT] [info] [queue_elements.cpp:46] [~BaseQueueElement] Queue element EntryPushQEl0yolov8s/input_layer1 has 0 frames in his Queue on destruction
[2026-08-14 17:25:27.920] [1576668] [HailoRT] [info] [queue_elements.cpp:46] [~BaseQueueElement] Queue element PushQEl3yolov8s/input_layer1 has 0 frames in his Queue on destruction
[2026-08-14 17:25:27.997] [1576668] [HailoRT] [info] [vdevice.cpp:523] [create] Creating vdevice with params: device_count: 1, scheduling_algorithm: ROUND_ROBIN, multi_process_service: false
[2026-08-14 17:25:28.008] [1576668] [HailoRT] [info] [device.cpp:49] [Device] OS Version: Linux 6.12.34+rpt-rpi-2712 #1 SMP PREEMPT Debian 1:6.12.34-1+rpt1~bookworm (2025-06-26) aarch64
[2026-08-14 17:25:28.009] [1576668] [HailoRT] [info] [control.cpp:108] [control__parse_identify_results] firmware_version is: 4.20.0
[2026-08-14 17:25:28.009] [1576668] [HailoRT] [info] [vdevice.cpp:651] [create] VDevice Infos: 0001:03:00.0
[2026-08-14 17:25:28.048] [1576668] [HailoRT] [info] [hef.cpp:1929] [get_network_group_and_network_name] No name was given. Addressing all networks of default network_group: yolov8s
[2026-08-14 17:25:28.048] [1576668] [HailoRT] [info] [hef.cpp:1929] [get_network_group_and_network_name] No name was given. Addressing all networks of default network_group: yolov8s
[2026-08-14 17:25:28.059] [1576668] [HailoRT] [info] [internal_buffer_manager.cpp:202] [print_execution_results] Default Internal buffer planner failed to meet requirements
[2026-08-14 17:25:28.059] [1576668] [HailoRT] [info] [internal_buffer_manager.cpp:212] [print_execution_results] Default Internal buffer planner executed successfully
[2026-08-14 17:25:28.069] [1576668] [HailoRT] [info] [device_internal.cpp:57] [configure] Configuring HEF took 15.676066 milliseconds
[2026-08-14 17:25:28.069] [1576668] [HailoRT] [info] [vdevice.cpp:749] [configure] Configuring HEF on VDevice took 16.046954 milliseconds
[2026-08-14 17:25:28.069] [1576668] [HailoRT] [info] [infer_model.cpp:436] [configure] Configuring network group 'yolov8s' with params: batch size: 0, power mode: PERFORMANCE, latency: NONE
[2026-08-14 17:25:28.069] [1576668] [HailoRT] [info] [multi_io_elements.cpp:756] [create] Created (AsyncHwEl)
[2026-08-14 17:25:28.069] [1576668] [HailoRT] [info] [queue_elements.cpp:450] [create] Created (EntryPushQEl0yolov8s/input_layer1 | timeout: 10s)
[2026-08-14 17:25:28.069] [1576668] [HailoRT] [info] [filter_elements.cpp:101] [create] Created (PreInferEl3yolov8s/input_layer1 | Reorder - src_order: RGB4, src_shape: (640, 640, 3), dst_order: NHCW, dst_shape: (640, 640, 3))
[2026-08-14 17:25:28.069] [1576668] [HailoRT] [info] [queue_elements.cpp:450] [create] Created (PushQEl3yolov8s/input_layer1 | timeout: 10s)
[2026-08-14 17:25:28.069] [1576668] [HailoRT] [info] [multi_io_elements.cpp:135] [create] Created (NmsPPMuxEl0YOLOV8-Post-Process | Op YOLOV8, Name: YOLOV8-Post-Process, Score threshold: 0.200, IoU threshold: 0.70, Classes: 80, Cross classes: false, NMS results order: BY_CLASS, Max bboxes per class: 100, Image height: 640, Image width: 640)
[2026-08-14 17:25:28.070] [1576668] [HailoRT] [info] [queue_elements.cpp:942] [create] Created (MultiPushQEl0YOLOV8-Post-Process | timeout: 10s)
[2026-08-14 17:25:28.070] [1576668] [HailoRT] [info] [edge_elements.cpp:187] [create] Created (LastAsyncEl0NmsPPMuxEl0YOLOV8-Post-Process)
[2026-08-14 17:25:28.070] [1576668] [HailoRT] [info] [pipeline.cpp:891] [print_deep_description] EntryPushQEl0yolov8s/input_layer1 | inputs: user | outputs: PreInferEl3yolov8s/input_layer1(running in thread_id: 1585963)
[2026-08-14 17:25:28.070] [1576668] [HailoRT] [info] [pipeline.cpp:891] [print_deep_description] PreInferEl3yolov8s/input_layer1 | inputs: EntryPushQEl0yolov8s/input_layer1[0] | outputs: PushQEl3yolov8s/input_layer1
[2026-08-14 17:25:28.070] [1576668] [HailoRT] [info] [pipeline.cpp:891] [print_deep_description] PushQEl3yolov8s/input_layer1 | inputs: PreInferEl3yolov8s/input_layer1[0] | outputs: AsyncHwEl(running in thread_id: 1585964)
[2026-08-14 17:25:28.070] [1576668] [HailoRT] [info] [pipeline.cpp:891] [print_deep_description] AsyncHwEl | inputs: PushQEl3yolov8s/input_layer1[0] | outputs: MultiPushQEl0YOLOV8-Post-Process MultiPushQEl0YOLOV8-Post-Process MultiPushQEl0YOLOV8-Post-Process MultiPushQEl0YOLOV8-Post-Process MultiPushQEl0YOLOV8-Post-Process MultiPushQEl0YOLOV8-Post-Process
[2026-08-14 17:25:28.070] [1576668] [HailoRT] [info] [pipeline.cpp:891] [print_deep_description] MultiPushQEl0YOLOV8-Post-Process | inputs: AsyncHwEl[0] AsyncHwEl[1] AsyncHwEl[2] AsyncHwEl[3] AsyncHwEl[4] AsyncHwEl[5] | outputs: NmsPPMuxEl0YOLOV8-Post-Process(running in thread_id: 1585965)
[2026-08-14 17:25:28.070] [1576668] [HailoRT] [info] [pipeline.cpp:891] [print_deep_description] NmsPPMuxEl0YOLOV8-Post-Process | inputs: MultiPushQEl0YOLOV8-Post-Process[0] | outputs: LastAsyncEl0NmsPPMuxEl0YOLOV8-Post-Process
[2026-08-14 17:25:28.070] [1576668] [HailoRT] [info] [pipeline.cpp:891] [print_deep_description] LastAsyncEl0NmsPPMuxEl0YOLOV8-Post-Process | inputs: NmsPPMuxEl0YOLOV8-Post-Process[0] | outputs: user
[2026-08-14 17:25:28.418] [1582551] [HailoRT] [info] [hef.cpp:1929] [get_network_group_and_network_name] No name was given. Addressing all networks of default network_group: yolov8s
[2026-08-14 17:34:07.566] [1576668] [HailoRT] [info] [async_infer_runner.cpp:86] [shutdown] Pipeline was aborted. Shutting it down
[2026-08-14 17:34:07.566] [1576668] [HailoRT] [info] [queue_elements.cpp:1131] [execute_deactivate] enqueue() in element MultiPushQEl0YOLOV8-Post-Process was aborted, got status = HAILO_SHUTDOWN_EVENT_SIGNALED(57)
[2026-08-14 17:34:07.566] [1576668] [HailoRT] [info] [queue_elements.cpp:1131] [execute_deactivate] enqueue() in element MultiPushQEl0YOLOV8-Post-Process was aborted, got status = HAILO_SHUTDOWN_EVENT_SIGNALED(57)
[2026-08-14 17:34:07.566] [1576668] [HailoRT] [info] [queue_elements.cpp:1131] [execute_deactivate] enqueue() in element MultiPushQEl0YOLOV8-Post-Process was aborted, got status = HAILO_SHUTDOWN_EVENT_SIGNALED(57)
[2026-08-14 17:34:07.566] [1576668] [HailoRT] [info] [queue_elements.cpp:1131] [execute_deactivate] enqueue() in element MultiPushQEl0YOLOV8-Post-Process was aborted, got status = HAILO_SHUTDOWN_EVENT_SIGNALED(57)
[2026-08-14 17:34:07.566] [1576668] [HailoRT] [info] [queue_elements.cpp:1131] [execute_deactivate] enqueue() in element MultiPushQEl0YOLOV8-Post-Process was aborted, got status = HAILO_SHUTDOWN_EVENT_SIGNALED(57)
[2026-08-14 17:34:07.566] [1576668] [HailoRT] [info] [queue_elements.cpp:1131] [execute_deactivate] enqueue() in element MultiPushQEl0YOLOV8-Post-Process was aborted, got status = HAILO_SHUTDOWN_EVENT_SIGNALED(57)
[2026-08-14 17:34:07.566] [1576668] [HailoRT] [info] [queue_elements.cpp:570] [execute_deactivate] enqueue() in element PushQEl3yolov8s/input_layer1 was aborted, got status = HAILO_SHUTDOWN_EVENT_SIGNALED(57)
[2026-08-14 17:34:07.566] [1576668] [HailoRT] [info] [queue_elements.cpp:570] [execute_deactivate] enqueue() in element EntryPushQEl0yolov8s/input_layer1 was aborted, got status = HAILO_SHUTDOWN_EVENT_SIGNALED(57)
[2026-08-14 17:34:07.566] [1576668] [HailoRT] [info] [queue_elements.cpp:46] [~BaseQueueElement] Queue element EntryPushQEl0yolov8s/input_layer1 has 0 frames in his Queue on destruction
[2026-08-14 17:34:07.566] [1576668] [HailoRT] [info] [queue_elements.cpp:46] [~BaseQueueElement] Queue element PushQEl3yolov8s/input_layer1 has 0 frames in his Queue on destruction
[2026-08-14 17:34:07.662] [1576668] [HailoRT] [info] [vdevice.cpp:523] [create] Creating vdevice with params: device_count: 1, scheduling_algorithm: ROUND_ROBIN, multi_process_service: false
[2026-08-14 17:34:07.674] [1576668] [HailoRT] [info] [device.cpp:49] [Device] OS Version: Linux 6.12.34+rpt-rpi-2712 #1 SMP PREEMPT Debian 1:6.12.34-1+rpt1~bookworm (2025-06-26) aarch64
[2026-08-14 17:34:07.675] [1576668] [HailoRT] [info] [control.cpp:108] [control__parse_identify_results] firmware_version is: 4.20.0
[2026-08-14 17:34:07.675] [1576668] [HailoRT] [info] [vdevice.cpp:651] [create] VDevice Infos: 0001:03:00.0
[2026-08-14 17:34:07.713] [1576668] [HailoRT] [info] [hef.cpp:1929] [get_network_group_and_network_name] No name was given. Addressing all networks of default network_group: yolov8s
[2026-08-14 17:34:07.713] [1576668] [HailoRT] [info] [hef.cpp:1929] [get_network_group_and_network_name] No name was given. Addressing all networks of default network_group: yolov8s
[2026-08-14 17:34:07.724] [1576668] [HailoRT] [info] [internal_buffer_manager.cpp:202] [print_execution_results] Default Internal buffer planner failed to meet requirements
[2026-08-14 17:34:07.724] [1576668] [HailoRT] [info] [internal_buffer_manager.cpp:212] [print_execution_results] Default Internal buffer planner executed successfully
[2026-08-14 17:34:07.734] [1576668] [HailoRT] [info] [device_internal.cpp:57] [configure] Configuring HEF took 15.721902 milliseconds
[2026-08-14 17:34:07.734] [1576668] [HailoRT] [info] [vdevice.cpp:749] [configure] Configuring HEF on VDevice took 16.162864 milliseconds
[2026-08-14 17:34:07.734] [1576668] [HailoRT] [info] [infer_model.cpp:436] [configure] Configuring network group 'yolov8s' with params: batch size: 0, power mode: PERFORMANCE, latency: NONE
[2026-08-14 17:34:07.734] [1576668] [HailoRT] [info] [multi_io_elements.cpp:756] [create] Created (AsyncHwEl)
[2026-08-14 17:34:07.734] [1576668] [HailoRT] [info] [queue_elements.cpp:450] [create] Created (EntryPushQEl0yolov8s/input_layer1 | timeout: 10s)
[2026-08-14 17:34:07.734] [1576668] [HailoRT] [info] [filter_elements.cpp:101] [create] Created (PreInferEl3yolov8s/input_layer1 | Reorder - src_order: RGB4, src_shape: (640, 640, 3), dst_order: NHCW, dst_shape: (640, 640, 3))
[2026-08-14 17:34:07.734] [1576668] [HailoRT] [info] [queue_elements.cpp:450] [create] Created (PushQEl3yolov8s/input_layer1 | timeout: 10s)
[2026-08-14 17:34:07.734] [1576668] [HailoRT] [info] [multi_io_elements.cpp:135] [create] Created (NmsPPMuxEl0YOLOV8-Post-Process | Op YOLOV8, Name: YOLOV8-Post-Process, Score threshold: 0.200, IoU threshold: 0.70, Classes: 80, Cross classes: false, NMS results order: BY_CLASS, Max bboxes per class: 100, Image height: 640, Image width: 640)
[2026-08-14 17:34:07.735] [1576668] [HailoRT] [info] [queue_elements.cpp:942] [create] Created (MultiPushQEl0YOLOV8-Post-Process | timeout: 10s)
[2026-08-14 17:34:07.735] [1576668] [HailoRT] [info] [edge_elements.cpp:187] [create] Created (LastAsyncEl0NmsPPMuxEl0YOLOV8-Post-Process)
[2026-08-14 17:34:07.735] [1576668] [HailoRT] [info] [pipeline.cpp:891] [print_deep_description] EntryPushQEl0yolov8s/input_layer1 | inputs: user | outputs: PreInferEl3yolov8s/input_layer1(running in thread_id: 1596559)
[2026-08-14 17:34:07.735] [1576668] [HailoRT] [info] [pipeline.cpp:891] [print_deep_description] PreInferEl3yolov8s/input_layer1 | inputs: EntryPushQEl0yolov8s/input_layer1[0] | outputs: PushQEl3yolov8s/input_layer1
[2026-08-14 17:34:07.735] [1576668] [HailoRT] [info] [pipeline.cpp:891] [print_deep_description] PushQEl3yolov8s/input_layer1 | inputs: PreInferEl3yolov8s/input_layer1[0] | outputs: AsyncHwEl(running in thread_id: 1596560)
[2026-08-14 17:34:07.735] [1576668] [HailoRT] [info] [pipeline.cpp:891] [print_deep_description] AsyncHwEl | inputs: PushQEl3yolov8s/input_layer1[0] | outputs: MultiPushQEl0YOLOV8-Post-Process MultiPushQEl0YOLOV8-Post-Process MultiPushQEl0YOLOV8-Post-Process MultiPushQEl0YOLOV8-Post-Process MultiPushQEl0YOLOV8-Post-Process MultiPushQEl0YOLOV8-Post-Process
[2026-08-14 17:34:07.735] [1576668] [HailoRT] [info] [pipeline.cpp:891] [print_deep_description] MultiPushQEl0YOLOV8-Post-Process | inputs: AsyncHwEl[0] AsyncHwEl[1] AsyncHwEl[2] AsyncHwEl[3] AsyncHwEl[4] AsyncHwEl[5] | outputs: NmsPPMuxEl0YOLOV8-Post-Process(running in thread_id: 1596561)
[2026-08-14 17:34:07.735] [1576668] [HailoRT] [info] [pipeline.cpp:891] [print_deep_description] NmsPPMuxEl0YOLOV8-Post-Process | inputs: MultiPushQEl0YOLOV8-Post-Process[0] | outputs: LastAsyncEl0NmsPPMuxEl0YOLOV8-Post-Process
[2026-08-14 17:34:07.735] [1576668] [HailoRT] [info] [pipeline.cpp:891] [print_deep_description] LastAsyncEl0NmsPPMuxEl0YOLOV8-Post-Process | inputs: NmsPPMuxEl0YOLOV8-Post-Process[0] | outputs: user
[2026-08-14 17:34:08.131] [1582551] [HailoRT] [info] [hef.cpp:1929] [get_network_group_and_network_name] No name was given. Addressing all networks of default network_group: yolov8s
[2026-08-14 17:45:51.729] [1610149] [HailoRT] [info] [vdevice.cpp:523] [create] Creating vdevice with params: device_count: 1, scheduling_algorithm: ROUND_ROBIN, multi_process_service: false
[2026-08-14 17:45:51.739] [1610149] [HailoRT] [info] [device.cpp:49] [Device] OS Version: Linux 6.12.34+rpt-rpi-2712 #1 SMP PREEMPT Debian 1:6.12.34-1+rpt1~bookworm (2025-06-26) aarch64
[2026-08-14 17:45:51.740] [1610149] [HailoRT] [info] [control.cpp:108] [control__parse_identify_results] firmware_version is: 4.20.0
[2026-08-14 17:45:51.740] [1610149] [HailoRT] [info] [vdevice.cpp:651] [create] VDevice Infos: 0001:03:00.0
[2026-08-14 17:45:51.778] [1610149] [HailoRT] [info] [hef.cpp:1929] [get_network_group_and_network_name] No name was given. Addressing all networks of default network_group: yolov8s
[2026-08-14 17:45:51.778] [1610149] [HailoRT] [info] [hef.cpp:1929] [get_network_group_and_network_name] No name was given. Addressing all networks of default network_group: yolov8s
[2026-08-14 17:45:51.791] [1610149] [HailoRT] [info] [internal_buffer_manager.cpp:202] [print_execution_results] Default Internal buffer planner failed to meet requirements
[2026-08-14 17:45:51.791] [1610149] [HailoRT] [info] [internal_buffer_manager.cpp:212] [print_execution_results] Default Internal buffer planner executed successfully
[2026-08-14 17:45:51.802] [1610149] [HailoRT] [info] [device_internal.cpp:57] [configure] Configuring HEF took 16.235846 milliseconds
[2026-08-14 17:45:51.802] [1610149] [HailoRT] [info] [vdevice.cpp:749] [configure] Configuring HEF on VDevice took 16.598086 milliseconds
[2026-08-14 17:45:51.802] [1610149] [HailoRT] [info] [infer_model.cpp:436] [configure] Configuring network group 'yolov8s' with params: batch size: 0, power mode: PERFORMANCE, latency: NONE
[2026-08-14 17:45:51.802] [1610149] [HailoRT] [info] [multi_io_elements.cpp:756] [create] Created (AsyncHwEl)
[2026-08-14 17:45:51.802] [1610149] [HailoRT] [info] [queue_elements.cpp:450] [create] Created (EntryPushQEl0yolov8s/input_layer1 | timeout: 10s)
[2026-08-14 17:45:51.802] [1610149] [HailoRT] [info] [filter_elements.cpp:101] [create] Created (PreInferEl3yolov8s/input_layer1 | Reorder - src_order: RGB4, src_shape: (640, 640, 3), dst_order: NHCW, dst_shape: (640, 640, 3))
[2026-08-14 17:45:51.802] [1610149] [HailoRT] [info] [queue_elements.cpp:450] [create] Created (PushQEl3yolov8s/input_layer1 | timeout: 10s)
[2026-08-14 17:45:51.803] [1610149] [HailoRT] [info] [multi_io_elements.cpp:135] [create] Created (NmsPPMuxEl0YOLOV8-Post-Process | Op YOLOV8, Name: YOLOV8-Post-Process, Score threshold: 0.200, IoU threshold: 0.70, Classes: 80, Cross classes: false, NMS results order: BY_CLASS, Max bboxes per class: 100, Image height: 640, Image width: 640)
[2026-08-14 17:45:51.803] [1610149] [HailoRT] [info] [queue_elements.cpp:942] [create] Created (MultiPushQEl0YOLOV8-Post-Process | timeout: 10s)
[2026-08-14 17:45:51.803] [1610149] [HailoRT] [info] [edge_elements.cpp:187] [create] Created (LastAsyncEl0NmsPPMuxEl0YOLOV8-Post-Process)
[2026-08-14 17:45:51.803] [1610149] [HailoRT] [info] [pipeline.cpp:891] [print_deep_description] EntryPushQEl0yolov8s/input_layer1 | inputs: user | outputs: PreInferEl3yolov8s/input_layer1(running in thread_id: 1610553)
[2026-08-14 17:45:51.803] [1610149] [HailoRT] [info] [pipeline.cpp:891] [print_deep_description] PreInferEl3yolov8s/input_layer1 | inputs: EntryPushQEl0yolov8s/input_layer1[0] | outputs: PushQEl3yolov8s/input_layer1
[2026-08-14 17:45:51.803] [1610149] [HailoRT] [info] [pipeline.cpp:891] [print_deep_description] PushQEl3yolov8s/input_layer1 | inputs: PreInferEl3yolov8s/input_layer1[0] | outputs: AsyncHwEl(running in thread_id: 1610554)
[2026-08-14 17:45:51.803] [1610149] [HailoRT] [info] [pipeline.cpp:891] [print_deep_description] AsyncHwEl | inputs: PushQEl3yolov8s/input_layer1[0] | outputs: MultiPushQEl0YOLOV8-Post-Process MultiPushQEl0YOLOV8-Post-Process MultiPushQEl0YOLOV8-Post-Process MultiPushQEl0YOLOV8-Post-Process MultiPushQEl0YOLOV8-Post-Process MultiPushQEl0YOLOV8-Post-Process
[2026-08-14 17:45:51.803] [1610149] [HailoRT] [info] [pipeline.cpp:891] [print_deep_description] MultiPushQEl0YOLOV8-Post-Process | inputs: AsyncHwEl[0] AsyncHwEl[1] AsyncHwEl[2] AsyncHwEl[3] AsyncHwEl[4] AsyncHwEl[5] | outputs: NmsPPMuxEl0YOLOV8-Post-Process(running in thread_id: 1610555)
[2026-08-14 17:45:51.803] [1610149] [HailoRT] [info] [pipeline.cpp:891] [print_deep_description] NmsPPMuxEl0YOLOV8-Post-Process | inputs: MultiPushQEl0YOLOV8-Post-Process[0] | outputs: LastAsyncEl0NmsPPMuxEl0YOLOV8-Post-Process
[2026-08-14 17:45:51.803] [1610149] [HailoRT] [info] [pipeline.cpp:891] [print_deep_description] LastAsyncEl0NmsPPMuxEl0YOLOV8-Post-Process | inputs: NmsPPMuxEl0YOLOV8-Post-Process[0] | outputs: user
[2026-08-14 17:45:52.092] [1610544] [HailoRT] [info] [hef.cpp:1929] [get_network_group_and_network_name] No name was given. Addressing all networks of default network_group: yolov8s
[2026-08-14 17:46:37.005] [1610149] [HailoRT] [info] [async_infer_runner.cpp:86] [shutdown] Pipeline was aborted. Shutting it down
[2026-08-14 17:46:37.011] [1610542] [HailoRT] [info] [network_group.cpp:857] [operator()] Infer request was aborted by user
[2026-08-14 17:46:37.011] [1610149] [HailoRT] [info] [queue_elements.cpp:1131] [execute_deactivate] enqueue() in element MultiPushQEl0YOLOV8-Post-Process was aborted, got status = HAILO_SHUTDOWN_EVENT_SIGNALED(57)
[2026-08-14 17:46:37.011] [1610149] [HailoRT] [info] [queue_elements.cpp:1131] [execute_deactivate] enqueue() in element MultiPushQEl0YOLOV8-Post-Process was aborted, got status = HAILO_SHUTDOWN_EVENT_SIGNALED(57)
[2026-08-14 17:46:37.011] [1610149] [HailoRT] [info] [queue_elements.cpp:1131] [execute_deactivate] enqueue() in element MultiPushQEl0YOLOV8-Post-Process was aborted, got status = HAILO_SHUTDOWN_EVENT_SIGNALED(57)
[2026-08-14 17:46:37.011] [1610149] [HailoRT] [info] [queue_elements.cpp:1131] [execute_deactivate] enqueue() in element MultiPushQEl0YOLOV8-Post-Process was aborted, got status = HAILO_SHUTDOWN_EVENT_SIGNALED(57)
[2026-08-14 17:46:37.011] [1610149] [HailoRT] [info] [queue_elements.cpp:1131] [execute_deactivate] enqueue() in element MultiPushQEl0YOLOV8-Post-Process was aborted, got status = HAILO_SHUTDOWN_EVENT_SIGNALED(57)
[2026-08-14 17:46:37.011] [1610149] [HailoRT] [info] [queue_elements.cpp:1131] [execute_deactivate] enqueue() in element MultiPushQEl0YOLOV8-Post-Process was aborted, got status = HAILO_SHUTDOWN_EVENT_SIGNALED(57)
[2026-08-14 17:46:37.011] [1610149] [HailoRT] [info] [queue_elements.cpp:570] [execute_deactivate] enqueue() in element PushQEl3yolov8s/input_layer1 was aborted, got status = HAILO_SHUTDOWN_EVENT_SIGNALED(57)
[2026-08-14 17:46:37.011] [1610149] [HailoRT] [info] [queue_elements.cpp:570] [execute_deactivate] enqueue() in element EntryPushQEl0yolov8s/input_layer1 was aborted, got status = HAILO_SHUTDOWN_EVENT_SIGNALED(57)
[2026-08-14 17:46:37.011] [1610149] [HailoRT] [info] [queue_elements.cpp:46] [~BaseQueueElement] Queue element EntryPushQEl0yolov8s/input_layer1 has 0 frames in his Queue on destruction
[2026-08-14 17:46:37.011] [1610149] [HailoRT] [info] [queue_elements.cpp:46] [~BaseQueueElement] Queue element PushQEl3yolov8s/input_layer1 has 0 frames in his Queue on destruction
[2026-08-14 17:46:37.086] [1610149] [HailoRT] [info] [vdevice.cpp:523] [create] Creating vdevice with params: device_count: 1, scheduling_algorithm: ROUND_ROBIN, multi_process_service: false
[2026-08-14 17:46:37.098] [1610149] [HailoRT] [info] [device.cpp:49] [Device] OS Version: Linux 6.12.34+rpt-rpi-2712 #1 SMP PREEMPT Debian 1:6.12.34-1+rpt1~bookworm (2025-06-26) aarch64
[2026-08-14 17:46:37.099] [1610149] [HailoRT] [info] [control.cpp:108] [control__parse_identify_results] firmware_version is: 4.20.0
[2026-08-14 17:46:37.099] [1610149] [HailoRT] [info] [vdevice.cpp:651] [create] VDevice Infos: 0001:03:00.0
[2026-08-14 17:46:37.137] [1610149] [HailoRT] [info] [hef.cpp:1929] [get_network_group_and_network_name] No name was given. Addressing all networks of default network_group: yolov8s
[2026-08-14 17:46:37.137] [1610149] [HailoRT] [info] [hef.cpp:1929] [get_network_group_and_network_name] No name was given. Addressing all networks of default network_group: yolov8s
[2026-08-14 17:46:37.147] [1610149] [HailoRT] [info] [internal_buffer_manager.cpp:202] [print_execution_results] Default Internal buffer planner failed to meet requirements
[2026-08-14 17:46:37.147] [1610149] [HailoRT] [info] [internal_buffer_manager.cpp:212] [print_execution_results] Default Internal buffer planner executed successfully
[2026-08-14 17:46:37.158] [1610149] [HailoRT] [info] [device_internal.cpp:57] [configure] Configuring HEF took 15.787754 milliseconds
[2026-08-14 17:46:37.158] [1610149] [HailoRT] [info] [vdevice.cpp:749] [configure] Configuring HEF on VDevice took 16.18005 milliseconds
[2026-08-14 17:46:37.158] [1610149] [HailoRT] [info] [infer_model.cpp:436] [configure] Configuring network group 'yolov8s' with params: batch size: 0, power mode: PERFORMANCE, latency: NONE
[2026-08-14 17:46:37.158] [1610149] [HailoRT] [info] [multi_io_elements.cpp:756] [create] Created (AsyncHwEl)
[2026-08-14 17:46:37.158] [1610149] [HailoRT] [info] [queue_elements.cpp:450] [create] Created (EntryPushQEl0yolov8s/input_layer1 | timeout: 10s)
[2026-08-14 17:46:37.158] [1610149] [HailoRT] [info] [filter_elements.cpp:101] [create] Created (PreInferEl3yolov8s/input_layer1 | Reorder - src_order: RGB4, src_shape: (640, 640, 3), dst_order: NHCW, dst_shape: (640, 640, 3))
[2026-08-14 17:46:37.158] [1610149] [HailoRT] [info] [queue_elements.cpp:450] [create] Created (PushQEl3yolov8s/input_layer1 | timeout: 10s)
[2026-08-14 17:46:37.158] [1610149] [HailoRT] [info] [multi_io_elements.cpp:135] [create] Created (NmsPPMuxEl0YOLOV8-Post-Process | Op YOLOV8, Name: YOLOV8-Post-Process, Score threshold: 0.200, IoU threshold: 0.70, Classes: 80, Cross classes: false, NMS results order: BY_CLASS, Max bboxes per class: 100, Image height: 640, Image width: 640)
[2026-08-14 17:46:37.159] [1610149] [HailoRT] [info] [queue_elements.cpp:942] [create] Created (MultiPushQEl0YOLOV8-Post-Process | timeout: 10s)
[2026-08-14 17:46:37.159] [1610149] [HailoRT] [info] [edge_elements.cpp:187] [create] Created (LastAsyncEl0NmsPPMuxEl0YOLOV8-Post-Process)
[2026-08-14 17:46:37.159] [1610149] [HailoRT] [info] [pipeline.cpp:891] [print_deep_description] EntryPushQEl0yolov8s/input_layer1 | inputs: user | outputs: PreInferEl3yolov8s/input_layer1(running in thread_id: 1611621)
[2026-08-14 17:46:37.159] [1610149] [HailoRT] [info] [pipeline.cpp:891] [print_deep_description] PreInferEl3yolov8s/input_layer1 | inputs: EntryPushQEl0yolov8s/input_layer1[0] | outputs: PushQEl3yolov8s/input_layer1
[2026-08-14 17:46:37.159] [1610149] [HailoRT] [info] [pipeline.cpp:891] [print_deep_description] PushQEl3yolov8s/input_layer1 | inputs: PreInferEl3yolov8s/input_layer1[0] | outputs: AsyncHwEl(running in thread_id: 1611622)
[2026-08-14 17:46:37.159] [1610149] [HailoRT] [info] [pipeline.cpp:891] [print_deep_description] AsyncHwEl | inputs: PushQEl3yolov8s/input_layer1[0] | outputs: MultiPushQEl0YOLOV8-Post-Process MultiPushQEl0YOLOV8-Post-Process MultiPushQEl0YOLOV8-Post-Process MultiPushQEl0YOLOV8-Post-Process MultiPushQEl0YOLOV8-Post-Process MultiPushQEl0YOLOV8-Post-Process
[2026-08-14 17:46:37.159] [1610149] [HailoRT] [info] [pipeline.cpp:891] [print_deep_description] MultiPushQEl0YOLOV8-Post-Process | inputs: AsyncHwEl[0] AsyncHwEl[1] AsyncHwEl[2] AsyncHwEl[3] AsyncHwEl[4] AsyncHwEl[5] | outputs: NmsPPMuxEl0YOLOV8-Post-Process(running in thread_id: 1611623)
[2026-08-14 17:46:37.159] [1610149] [HailoRT] [info] [pipeline.cpp:891] [print_deep_description] NmsPPMuxEl0YOLOV8-Post-Process | inputs: MultiPushQEl0YOLOV8-Post-Process[0] | outputs: LastAsyncEl0NmsPPMuxEl0YOLOV8-Post-Process
[2026-08-14 17:46:37.159] [1610149] [HailoRT] [info] [pipeline.cpp:891] [print_deep_description] LastAsyncEl0NmsPPMuxEl0YOLOV8-Post-Process | inputs: NmsPPMuxEl0YOLOV8-Post-Process[0] | outputs: user
[2026-08-14 17:46:37.484] [1610544] [HailoRT] [info] [hef.cpp:1929] [get_network_group_and_network_name] No name was given. Addressing all networks of default network_group: yolov8s
[2026-08-14 17:53:39.356] [1615253] [HailoRT] [info] [vdevice.cpp:523] [create] Creating vdevice with params: device_count: 1, scheduling_algorithm: ROUND_ROBIN, multi_process_service: false
[2026-08-14 17:53:39.367] [1615253] [HailoRT] [info] [device.cpp:49] [Device] OS Version: Linux 6.12.34+rpt-rpi-2712 #1 SMP PREEMPT Debian 1:6.12.34-1+rpt1~bookworm (2025-06-26) aarch64
[2026-08-14 17:53:39.368] [1615253] [HailoRT] [info] [control.cpp:108] [control__parse_identify_results] firmware_version is: 4.20.0
[2026-08-14 17:53:39.368] [1615253] [HailoRT] [info] [vdevice.cpp:651] [create] VDevice Infos: 0001:03:00.0
[2026-08-14 17:53:39.406] [1615253] [HailoRT] [info] [hef.cpp:1929] [get_network_group_and_network_name] No name was given. Addressing all networks of default network_group: yolov8s
[2026-08-14 17:53:39.406] [1615253] [HailoRT] [info] [hef.cpp:1929] [get_network_group_and_network_name] No name was given. Addressing all networks of default network_group: yolov8s
[2026-08-14 17:53:39.419] [1615253] [HailoRT] [info] [internal_buffer_manager.cpp:202] [print_execution_results] Default Internal buffer planner failed to meet requirements
[2026-08-14 17:53:39.419] [1615253] [HailoRT] [info] [internal_buffer_manager.cpp:212] [print_execution_results] Default Internal buffer planner executed successfully
[2026-08-14 17:53:39.429] [1615253] [HailoRT] [info] [device_internal.cpp:57] [configure] Configuring HEF took 15.96075 milliseconds
[2026-08-14 17:53:39.429] [1615253] [HailoRT] [info] [vdevice.cpp:749] [configure] Configuring HEF on VDevice took 16.322602 milliseconds
[2026-08-14 17:53:39.429] [1615253] [HailoRT] [info] [infer_model.cpp:436] [configure] Configuring network group 'yolov8s' with params: batch size: 0, power mode: PERFORMANCE, latency: NONE
[2026-08-14 17:53:39.429] [1615253] [HailoRT] [info] [multi_io_elements.cpp:756] [create] Created (AsyncHwEl)
[2026-08-14 17:53:39.429] [1615253] [HailoRT] [info] [queue_elements.cpp:450] [create] Created (EntryPushQEl0yolov8s/input_layer1 | timeout: 10s)
[2026-08-14 17:53:39.430] [1615253] [HailoRT] [info] [filter_elements.cpp:101] [create] Created (PreInferEl3yolov8s/input_layer1 | Reorder - src_order: RGB4, src_shape: (640, 640, 3), dst_order: NHCW, dst_shape: (640, 640, 3))
[2026-08-14 17:53:39.430] [1615253] [HailoRT] [info] [queue_elements.cpp:450] [create] Created (PushQEl3yolov8s/input_layer1 | timeout: 10s)
[2026-08-14 17:53:39.430] [1615253] [HailoRT] [info] [multi_io_elements.cpp:135] [create] Created (NmsPPMuxEl0YOLOV8-Post-Process | Op YOLOV8, Name: YOLOV8-Post-Process, Score threshold: 0.200, IoU threshold: 0.70, Classes: 80, Cross classes: false, NMS results order: BY_CLASS, Max bboxes per class: 100, Image height: 640, Image width: 640)
[2026-08-14 17:53:39.430] [1615253] [HailoRT] [info] [queue_elements.cpp:942] [create] Created (MultiPushQEl0YOLOV8-Post-Process | timeout: 10s)
[2026-08-14 17:53:39.430] [1615253] [HailoRT] [info] [edge_elements.cpp:187] [create] Created (LastAsyncEl0NmsPPMuxEl0YOLOV8-Post-Process)
[2026-08-14 17:53:39.430] [1615253] [HailoRT] [info] [pipeline.cpp:891] [print_deep_description] EntryPushQEl0yolov8s/input_layer1 | inputs: user | outputs: PreInferEl3yolov8s/input_layer1(running in thread_id: 1615356)
[2026-08-14 17:53:39.430] [1615253] [HailoRT] [info] [pipeline.cpp:891] [print_deep_description] PreInferEl3yolov8s/input_layer1 | inputs: EntryPushQEl0yolov8s/input_layer1[0] | outputs: PushQEl3yolov8s/input_layer1
[2026-08-14 17:53:39.430] [1615253] [HailoRT] [info] [pipeline.cpp:891] [print_deep_description] PushQEl3yolov8s/input_layer1 | inputs: PreInferEl3yolov8s/input_layer1[0] | outputs: AsyncHwEl(running in thread_id: 1615357)
[2026-08-14 17:53:39.430] [1615253] [HailoRT] [info] [pipeline.cpp:891] [print_deep_description] AsyncHwEl | inputs: PushQEl3yolov8s/input_layer1[0] | outputs: MultiPushQEl0YOLOV8-Post-Process MultiPushQEl0YOLOV8-Post-Process MultiPushQEl0YOLOV8-Post-Process MultiPushQEl0YOLOV8-Post-Process MultiPushQEl0YOLOV8-Post-Process MultiPushQEl0YOLOV8-Post-Process
[2026-08-14 17:53:39.430] [1615253] [HailoRT] [info] [pipeline.cpp:891] [print_deep_description] MultiPushQEl0YOLOV8-Post-Process | inputs: AsyncHwEl[0] AsyncHwEl[1] AsyncHwEl[2] AsyncHwEl[3] AsyncHwEl[4] AsyncHwEl[5] | outputs: NmsPPMuxEl0YOLOV8-Post-Process(running in thread_id: 1615358)
[2026-08-14 17:53:39.430] [1615253] [HailoRT] [info] [pipeline.cpp:891] [print_deep_description] NmsPPMuxEl0YOLOV8-Post-Process | inputs: MultiPushQEl0YOLOV8-Post-Process[0] | outputs: LastAsyncEl0NmsPPMuxEl0YOLOV8-Post-Process
[2026-08-14 17:53:39.430] [1615253] [HailoRT] [info] [pipeline.cpp:891] [print_deep_description] LastAsyncEl0NmsPPMuxEl0YOLOV8-Post-Process | inputs: NmsPPMuxEl0YOLOV8-Post-Process[0] | outputs: user
[2026-08-14 17:53:39.826] [1615346] [HailoRT] [info] [hef.cpp:1929] [get_network_group_and_network_name] No name was given. Addressing all networks of default network_group: yolov8s
[2026-08-14 17:54:29.915] [1615253] [HailoRT] [info] [async_infer_runner.cpp:86] [shutdown] Pipeline was aborted. Shutting it down
[2026-08-14 17:54:29.916] [1615253] [HailoRT] [info] [queue_elements.cpp:1131] [execute_deactivate] enqueue() in element MultiPushQEl0YOLOV8-Post-Process was aborted, got status = HAILO_SHUTDOWN_EVENT_SIGNALED(57)
[2026-08-14 17:54:29.916] [1615253] [HailoRT] [info] [queue_elements.cpp:1131] [execute_deactivate] enqueue() in element MultiPushQEl0YOLOV8-Post-Process was aborted, got status = HAILO_SHUTDOWN_EVENT_SIGNALED(57)
[2026-08-14 17:54:29.916] [1615253] [HailoRT] [info] [queue_elements.cpp:1131] [execute_deactivate] enqueue() in element MultiPushQEl0YOLOV8-Post-Process was aborted, got status = HAILO_SHUTDOWN_EVENT_SIGNALED(57)
[2026-08-14 17:54:29.916] [1615253] [HailoRT] [info] [queue_elements.cpp:1131] [execute_deactivate] enqueue() in element MultiPushQEl0YOLOV8-Post-Process was aborted, got status = HAILO_SHUTDOWN_EVENT_SIGNALED(57)
[2026-08-14 17:54:29.916] [1615253] [HailoRT] [info] [queue_elements.cpp:1131] [execute_deactivate] enqueue() in element MultiPushQEl0YOLOV8-Post-Process was aborted, got status = HAILO_SHUTDOWN_EVENT_SIGNALED(57)
[2026-08-14 17:54:29.916] [1615253] [HailoRT] [info] [queue_elements.cpp:1131] [execute_deactivate] enqueue() in element MultiPushQEl0YOLOV8-Post-Process was aborted, got status = HAILO_SHUTDOWN_EVENT_SIGNALED(57)
[2026-08-14 17:54:29.916] [1615253] [HailoRT] [info] [queue_elements.cpp:570] [execute_deactivate] enqueue() in element PushQEl3yolov8s/input_layer1 was aborted, got status = HAILO_SHUTDOWN_EVENT_SIGNALED(57)
[2026-08-14 17:54:29.916] [1615253] [HailoRT] [info] [queue_elements.cpp:570] [execute_deactivate] enqueue() in element EntryPushQEl0yolov8s/input_layer1 was aborted, got status = HAILO_SHUTDOWN_EVENT_SIGNALED(57)
[2026-08-14 17:54:29.916] [1615253] [HailoRT] [info] [queue_elements.cpp:46] [~BaseQueueElement] Queue element EntryPushQEl0yolov8s/input_layer1 has 0 frames in his Queue on destruction
[2026-08-14 17:54:29.916] [1615253] [HailoRT] [info] [queue_elements.cpp:46] [~BaseQueueElement] Queue element PushQEl3yolov8s/input_layer1 has 0 frames in his Queue on destruction
[2026-08-14 17:54:30.017] [1615253] [HailoRT] [info] [vdevice.cpp:523] [create] Creating vdevice with params: device_count: 1, scheduling_algorithm: ROUND_ROBIN, multi_process_service: false
[2026-08-14 17:54:30.030] [1615253] [HailoRT] [info] [device.cpp:49] [Device] OS Version: Linux 6.12.34+rpt-rpi-2712 #1 SMP PREEMPT Debian 1:6.12.34-1+rpt1~bookworm (2025-06-26) aarch64
[2026-08-14 17:54:30.031] [1615253] [HailoRT] [info] [control.cpp:108] [control__parse_identify_results] firmware_version is: 4.20.0
[2026-08-14 17:54:30.031] [1615253] [HailoRT] [info] [vdevice.cpp:651] [create] VDevice Infos: 0001:03:00.0
[2026-08-14 17:54:30.073] [1615253] [HailoRT] [info] [hef.cpp:1929] [get_network_group_and_network_name] No name was given. Addressing all networks of default network_group: yolov8s
[2026-08-14 17:54:30.073] [1615253] [HailoRT] [info] [hef.cpp:1929] [get_network_group_and_network_name] No name was given. Addressing all networks of default network_group: yolov8s
[2026-08-14 17:54:30.083] [1615253] [HailoRT] [info] [internal_buffer_manager.cpp:202] [print_execution_results] Default Internal buffer planner failed to meet requirements
[2026-08-14 17:54:30.083] [1615253] [HailoRT] [info] [internal_buffer_manager.cpp:212] [print_execution_results] Default Internal buffer planner executed successfully
[2026-08-14 17:54:30.093] [1615253] [HailoRT] [info] [device_internal.cpp:57] [configure] Configuring HEF took 16.005325 milliseconds
[2026-08-14 17:54:30.094] [1615253] [HailoRT] [info] [vdevice.cpp:749] [configure] Configuring HEF on VDevice took 16.41162 milliseconds
[2026-08-14 17:54:30.094] [1615253] [HailoRT] [info] [infer_model.cpp:436] [configure] Configuring network group 'yolov8s' with params: batch size: 0, power mode: PERFORMANCE, latency: NONE
[2026-08-14 17:54:30.094] [1615253] [HailoRT] [info] [multi_io_elements.cpp:756] [create] Created (AsyncHwEl)
[2026-08-14 17:54:30.094] [1615253] [HailoRT] [info] [queue_elements.cpp:450] [create] Created (EntryPushQEl0yolov8s/input_layer1 | timeout: 10s)
[2026-08-14 17:54:30.094] [1615253] [HailoRT] [info] [filter_elements.cpp:101] [create] Created (PreInferEl3yolov8s/input_layer1 | Reorder - src_order: RGB4, src_shape: (640, 640, 3), dst_order: NHCW, dst_shape: (640, 640, 3))
[2026-08-14 17:54:30.094] [1615253] [HailoRT] [info] [queue_elements.cpp:450] [create] Created (PushQEl3yolov8s/input_layer1 | timeout: 10s)
[2026-08-14 17:54:30.094] [1615253] [HailoRT] [info] [multi_io_elements.cpp:135] [create] Created (NmsPPMuxEl0YOLOV8-Post-Process | Op YOLOV8, Name: YOLOV8-Post-Process, Score threshold: 0.200, IoU threshold: 0.70, Classes: 80, Cross classes: false, NMS results order: BY_CLASS, Max bboxes per class: 100, Image height: 640, Image width: 640)
[2026-08-14 17:54:30.094] [1615253] [HailoRT] [info] [queue_elements.cpp:942] [create] Created (MultiPushQEl0YOLOV8-Post-Process | timeout: 10s)
[2026-08-14 17:54:30.094] [1615253] [HailoRT] [info] [edge_elements.cpp:187] [create] Created (LastAsyncEl0NmsPPMuxEl0YOLOV8-Post-Process)
[2026-08-14 17:54:30.094] [1615253] [HailoRT] [info] [pipeline.cpp:891] [print_deep_description] EntryPushQEl0yolov8s/input_layer1 | inputs: user | outputs: PreInferEl3yolov8s/input_layer1(running in thread_id: 1615663)
[2026-08-14 17:54:30.094] [1615253] [HailoRT] [info] [pipeline.cpp:891] [print_deep_description] PreInferEl3yolov8s/input_layer1 | inputs: EntryPushQEl0yolov8s/input_layer1[0] | outputs: PushQEl3yolov8s/input_layer1
[2026-08-14 17:54:30.094] [1615253] [HailoRT] [info] [pipeline.cpp:891] [print_deep_description] PushQEl3yolov8s/input_layer1 | inputs: PreInferEl3yolov8s/input_layer1[0] | outputs: AsyncHwEl(running in thread_id: 1615664)
[2026-08-14 17:54:30.094] [1615253] [HailoRT] [info] [pipeline.cpp:891] [print_deep_description] AsyncHwEl | inputs: PushQEl3yolov8s/input_layer1[0] | outputs: MultiPushQEl0YOLOV8-Post-Process MultiPushQEl0YOLOV8-Post-Process MultiPushQEl0YOLOV8-Post-Process MultiPushQEl0YOLOV8-Post-Process MultiPushQEl0YOLOV8-Post-Process MultiPushQEl0YOLOV8-Post-Process
[2026-08-14 17:54:30.094] [1615253] [HailoRT] [info] [pipeline.cpp:891] [print_deep_description] MultiPushQEl0YOLOV8-Post-Process | inputs: AsyncHwEl[0] AsyncHwEl[1] AsyncHwEl[2] AsyncHwEl[3] AsyncHwEl[4] AsyncHwEl[5] | outputs: NmsPPMuxEl0YOLOV8-Post-Process(running in thread_id: 1615665)
[2026-08-14 17:54:30.094] [1615253] [HailoRT] [info] [pipeline.cpp:891] [print_deep_description] NmsPPMuxEl0YOLOV8-Post-Process | inputs: MultiPushQEl0YOLOV8-Post-Process[0] | outputs: LastAsyncEl0NmsPPMuxEl0YOLOV8-Post-Process
[2026-08-14 17:54:30.094] [1615253] [HailoRT] [info] [pipeline.cpp:891] [print_deep_description] LastAsyncEl0NmsPPMuxEl0YOLOV8-Post-Process | inputs: NmsPPMuxEl0YOLOV8-Post-Process[0] | outputs: user
[2026-08-14 17:54:30.369] [1615346] [HailoRT] [info] [hef.cpp:1929] [get_network_group_and_network_name] No name was given. Addressing all networks of default network_group: yolov8s
[2026-08-14 20:05:11.811] [1650671] [HailoRT] [info] [vdevice.cpp:523] [create] Creating vdevice with params: device_count: 1, scheduling_algorithm: ROUND_ROBIN, multi_process_service: false
[2026-08-14 20:05:11.823] [1650671] [HailoRT] [info] [device.cpp:49] [Device] OS Version: Linux 6.12.34+rpt-rpi-2712 #1 SMP PREEMPT Debian 1:6.12.34-1+rpt1~bookworm (2025-06-26) aarch64
[2026-08-14 20:05:11.824] [1650671] [HailoRT] [info] [control.cpp:108] [control__parse_identify_results] firmware_version is: 4.20.0
[2026-08-14 20:05:11.824] [1650671] [HailoRT] [info] [vdevice.cpp:651] [create] VDevice Infos: 0001:03:00.0
[2026-08-14 20:05:11.866] [1650671] [HailoRT] [info] [hef.cpp:1929] [get_network_group_and_network_name] No name was given. Addressing all networks of default network_group: yolov8s
[2026-08-14 20:05:11.866] [1650671] [HailoRT] [info] [hef.cpp:1929] [get_network_group_and_network_name] No name was given. Addressing all networks of default network_group: yolov8s
[2026-08-14 20:05:11.879] [1650671] [HailoRT] [info] [internal_buffer_manager.cpp:202] [print_execution_results] Default Internal buffer planner failed to meet requirements
[2026-08-14 20:05:11.879] [1650671] [HailoRT] [info] [internal_buffer_manager.cpp:212] [print_execution_results] Default Internal buffer planner executed successfully
[2026-08-14 20:05:11.889] [1650671] [HailoRT] [info] [device_internal.cpp:57] [configure] Configuring HEF took 16.259688 milliseconds
[2026-08-14 20:05:11.890] [1650671] [HailoRT] [info] [vdevice.cpp:749] [configure] Configuring HEF on VDevice took 16.622039 milliseconds
[2026-08-14 20:05:11.890] [1650671] [HailoRT] [info] [infer_model.cpp:436] [configure] Configuring network group 'yolov8s' with params: batch size: 0, power mode: PERFORMANCE, latency: NONE
[2026-08-14 20:05:11.890] [1650671] [HailoRT] [info] [multi_io_elements.cpp:756] [create] Created (AsyncHwEl)
[2026-08-14 20:05:11.890] [1650671] [HailoRT] [info] [queue_elements.cpp:450] [create] Created (EntryPushQEl0yolov8s/input_layer1 | timeout: 10s)
[2026-08-14 20:05:11.890] [1650671] [HailoRT] [info] [filter_elements.cpp:101] [create] Created (PreInferEl3yolov8s/input_layer1 | Reorder - src_order: RGB4, src_shape: (640, 640, 3), dst_order: NHCW, dst_shape: (640, 640, 3))
[2026-08-14 20:05:11.890] [1650671] [HailoRT] [info] [queue_elements.cpp:450] [create] Created (PushQEl3yolov8s/input_layer1 | timeout: 10s)
[2026-08-14 20:05:11.890] [1650671] [HailoRT] [info] [multi_io_elements.cpp:135] [create] Created (NmsPPMuxEl0YOLOV8-Post-Process | Op YOLOV8, Name: YOLOV8-Post-Process, Score threshold: 0.200, IoU threshold: 0.70, Classes: 80, Cross classes: false, NMS results order: BY_CLASS, Max bboxes per class: 100, Image height: 640, Image width: 640)
[2026-08-14 20:05:11.890] [1650671] [HailoRT] [info] [queue_elements.cpp:942] [create] Created (MultiPushQEl0YOLOV8-Post-Process | timeout: 10s)
[2026-08-14 20:05:11.890] [1650671] [HailoRT] [info] [edge_elements.cpp:187] [create] Created (LastAsyncEl0NmsPPMuxEl0YOLOV8-Post-Process)
[2026-08-14 20:05:11.890] [1650671] [HailoRT] [info] [pipeline.cpp:891] [print_deep_description] EntryPushQEl0yolov8s/input_layer1 | inputs: user | outputs: PreInferEl3yolov8s/input_layer1(running in thread_id: 1651016)
[2026-08-14 20:05:11.890] [1650671] [HailoRT] [info] [pipeline.cpp:891] [print_deep_description] PreInferEl3yolov8s/input_layer1 | inputs: EntryPushQEl0yolov8s/input_layer1[0] | outputs: PushQEl3yolov8s/input_layer1
[2026-08-14 20:05:11.890] [1650671] [HailoRT] [info] [pipeline.cpp:891] [print_deep_description] PushQEl3yolov8s/input_layer1 | inputs: PreInferEl3yolov8s/input_layer1[0] | outputs: AsyncHwEl(running in thread_id: 1651017)
[2026-08-14 20:05:11.890] [1650671] [HailoRT] [info] [pipeline.cpp:891] [print_deep_description] AsyncHwEl | inputs: PushQEl3yolov8s/input_layer1[0] | outputs: MultiPushQEl0YOLOV8-Post-Process MultiPushQEl0YOLOV8-Post-Process MultiPushQEl0YOLOV8-Post-Process MultiPushQEl0YOLOV8-Post-Process MultiPushQEl0YOLOV8-Post-Process MultiPushQEl0YOLOV8-Post-Process
[2026-08-14 20:05:11.890] [1650671] [HailoRT] [info] [pipeline.cpp:891] [print_deep_description] MultiPushQEl0YOLOV8-Post-Process | inputs: AsyncHwEl[0] AsyncHwEl[1] AsyncHwEl[2] AsyncHwEl[3] AsyncHwEl[4] AsyncHwEl[5] | outputs: NmsPPMuxEl0YOLOV8-Post-Process(running in thread_id: 1651018)
[2026-08-14 20:05:11.890] [1650671] [HailoRT] [info] [pipeline.cpp:891] [print_deep_description] NmsPPMuxEl0YOLOV8-Post-Process | inputs: MultiPushQEl0YOLOV8-Post-Process[0] | outputs: LastAsyncEl0NmsPPMuxEl0YOLOV8-Post-Process
[2026-08-14 20:05:11.890] [1650671] [HailoRT] [info] [pipeline.cpp:891] [print_deep_description] LastAsyncEl0NmsPPMuxEl0YOLOV8-Post-Process | inputs: NmsPPMuxEl0YOLOV8-Post-Process[0] | outputs: user
[2026-08-14 20:05:12.200] [1651006] [HailoRT] [info] [hef.cpp:1929] [get_network_group_and_network_name] No name was given. Addressing all networks of default network_group: yolov8s
[2026-08-14 20:10:20.988] [1650671] [HailoRT] [info] [async_infer_runner.cpp:86] [shutdown] Pipeline was aborted. Shutting it down
[2026-08-14 20:10:20.988] [1650671] [HailoRT] [info] [queue_elements.cpp:1131] [execute_deactivate] enqueue() in element MultiPushQEl0YOLOV8-Post-Process was aborted, got status = HAILO_SHUTDOWN_EVENT_SIGNALED(57)
[2026-08-14 20:10:20.988] [1650671] [HailoRT] [info] [queue_elements.cpp:1131] [execute_deactivate] enqueue() in element MultiPushQEl0YOLOV8-Post-Process was aborted, got status = HAILO_SHUTDOWN_EVENT_SIGNALED(57)
[2026-08-14 20:10:20.988] [1650671] [HailoRT] [info] [queue_elements.cpp:1131] [execute_deactivate] enqueue() in element MultiPushQEl0YOLOV8-Post-Process was aborted, got status = HAILO_SHUTDOWN_EVENT_SIGNALED(57)
[2026-08-14 20:10:20.988] [1650671] [HailoRT] [info] [queue_elements.cpp:1131] [execute_deactivate] enqueue() in element MultiPushQEl0YOLOV8-Post-Process was aborted, got status = HAILO_SHUTDOWN_EVENT_SIGNALED(57)
[2026-08-14 20:10:20.988] [1650671] [HailoRT] [info] [queue_elements.cpp:1131] [execute_deactivate] enqueue() in element MultiPushQEl0YOLOV8-Post-Process was aborted, got status = HAILO_SHUTDOWN_EVENT_SIGNALED(57)
[2026-08-14 20:10:20.988] [1650671] [HailoRT] [info] [queue_elements.cpp:1131] [execute_deactivate] enqueue() in element MultiPushQEl0YOLOV8-Post-Process was aborted, got status = HAILO_SHUTDOWN_EVENT_SIGNALED(57)
[2026-08-14 20:10:20.988] [1650671] [HailoRT] [info] [queue_elements.cpp:570] [execute_deactivate] enqueue() in element PushQEl3yolov8s/input_layer1 was aborted, got status = HAILO_SHUTDOWN_EVENT_SIGNALED(57)
[2026-08-14 20:10:20.988] [1650671] [HailoRT] [info] [queue_elements.cpp:570] [execute_deactivate] enqueue() in element EntryPushQEl0yolov8s/input_layer1 was aborted, got status = HAILO_SHUTDOWN_EVENT_SIGNALED(57)
[2026-08-14 20:10:20.988] [1650671] [HailoRT] [info] [queue_elements.cpp:46] [~BaseQueueElement] Queue element EntryPushQEl0yolov8s/input_layer1 has 0 frames in his Queue on destruction
[2026-08-14 20:10:20.988] [1650671] [HailoRT] [info] [queue_elements.cpp:46] [~BaseQueueElement] Queue element PushQEl3yolov8s/input_layer1 has 0 frames in his Queue on destruction
[2026-08-14 20:10:21.058] [1650671] [HailoRT] [info] [vdevice.cpp:523] [create] Creating vdevice with params: device_count: 1, scheduling_algorithm: ROUND_ROBIN, multi_process_service: false
[2026-08-14 20:10:21.070] [1650671] [HailoRT] [info] [device.cpp:49] [Device] OS Version: Linux 6.12.34+rpt-rpi-2712 #1 SMP PREEMPT Debian 1:6.12.34-1+rpt1~bookworm (2025-06-26) aarch64
[2026-08-14 20:10:21.071] [1650671] [HailoRT] [info] [control.cpp:108] [control__parse_identify_results] firmware_version is: 4.20.0
[2026-08-14 20:10:21.071] [1650671] [HailoRT] [info] [vdevice.cpp:651] [create] VDevice Infos: 0001:03:00.0
[2026-08-14 20:10:21.109] [1650671] [HailoRT] [info] [hef.cpp:1929] [get_network_group_and_network_name] No name was given. Addressing all networks of default network_group: yolov8s
[2026-08-14 20:10:21.109] [1650671] [HailoRT] [info] [hef.cpp:1929] [get_network_group_and_network_name] No name was given. Addressing all networks of default network_group: yolov8s
[2026-08-14 20:10:21.119] [1650671] [HailoRT] [info] [internal_buffer_manager.cpp:202] [print_execution_results] Default Internal buffer planner failed to meet requirements
[2026-08-14 20:10:21.119] [1650671] [HailoRT] [info] [internal_buffer_manager.cpp:212] [print_execution_results] Default Internal buffer planner executed successfully
[2026-08-14 20:10:21.129] [1650671] [HailoRT] [info] [device_internal.cpp:57] [configure] Configuring HEF took 15.836523 milliseconds
[2026-08-14 20:10:21.129] [1650671] [HailoRT] [info] [vdevice.cpp:749] [configure] Configuring HEF on VDevice took 16.193689 milliseconds
[2026-08-14 20:10:21.129] [1650671] [HailoRT] [info] [infer_model.cpp:436] [configure] Configuring network group 'yolov8s' with params: batch size: 0, power mode: PERFORMANCE, latency: NONE
[2026-08-14 20:10:21.129] [1650671] [HailoRT] [info] [multi_io_elements.cpp:756] [create] Created (AsyncHwEl)
[2026-08-14 20:10:21.130] [1650671] [HailoRT] [info] [queue_elements.cpp:450] [create] Created (EntryPushQEl0yolov8s/input_layer1 | timeout: 10s)
[2026-08-14 20:10:21.130] [1650671] [HailoRT] [info] [filter_elements.cpp:101] [create] Created (PreInferEl3yolov8s/input_layer1 | Reorder - src_order: RGB4, src_shape: (640, 640, 3), dst_order: NHCW, dst_shape: (640, 640, 3))
[2026-08-14 20:10:21.130] [1650671] [HailoRT] [info] [queue_elements.cpp:450] [create] Created (PushQEl3yolov8s/input_layer1 | timeout: 10s)
[2026-08-14 20:10:21.130] [1650671] [HailoRT] [info] [multi_io_elements.cpp:135] [create] Created (NmsPPMuxEl0YOLOV8-Post-Process | Op YOLOV8, Name: YOLOV8-Post-Process, Score threshold: 0.200, IoU threshold: 0.70, Classes: 80, Cross classes: false, NMS results order: BY_CLASS, Max bboxes per class: 100, Image height: 640, Image width: 640)
[2026-08-14 20:10:21.130] [1650671] [HailoRT] [info] [queue_elements.cpp:942] [create] Created (MultiPushQEl0YOLOV8-Post-Process | timeout: 10s)
[2026-08-14 20:10:21.130] [1650671] [HailoRT] [info] [edge_elements.cpp:187] [create] Created (LastAsyncEl0NmsPPMuxEl0YOLOV8-Post-Process)
[2026-08-14 20:10:21.130] [1650671] [HailoRT] [info] [pipeline.cpp:891] [print_deep_description] EntryPushQEl0yolov8s/input_layer1 | inputs: user | outputs: PreInferEl3yolov8s/input_layer1(running in thread_id: 1652219)
[2026-08-14 20:10:21.130] [1650671] [HailoRT] [info] [pipeline.cpp:891] [print_deep_description] PreInferEl3yolov8s/input_layer1 | inputs: EntryPushQEl0yolov8s/input_layer1[0] | outputs: PushQEl3yolov8s/input_layer1
[2026-08-14 20:10:21.130] [1650671] [HailoRT] [info] [pipeline.cpp:891] [print_deep_description] PushQEl3yolov8s/input_layer1 | inputs: PreInferEl3yolov8s/input_layer1[0] | outputs: AsyncHwEl(running in thread_id: 1652220)
[2026-08-14 20:10:21.130] [1650671] [HailoRT] [info] [pipeline.cpp:891] [print_deep_description] AsyncHwEl | inputs: PushQEl3yolov8s/input_layer1[0] | outputs: MultiPushQEl0YOLOV8-Post-Process MultiPushQEl0YOLOV8-Post-Process MultiPushQEl0YOLOV8-Post-Process MultiPushQEl0YOLOV8-Post-Process MultiPushQEl0YOLOV8-Post-Process MultiPushQEl0YOLOV8-Post-Process
[2026-08-14 20:10:21.130] [1650671] [HailoRT] [info] [pipeline.cpp:891] [print_deep_description] MultiPushQEl0YOLOV8-Post-Process | inputs: AsyncHwEl[0] AsyncHwEl[1] AsyncHwEl[2] AsyncHwEl[3] AsyncHwEl[4] AsyncHwEl[5] | outputs: NmsPPMuxEl0YOLOV8-Post-Process(running in thread_id: 1652221)
[2026-08-14 20:10:21.130] [1650671] [HailoRT] [info] [pipeline.cpp:891] [print_deep_description] NmsPPMuxEl0YOLOV8-Post-Process | inputs: MultiPushQEl0YOLOV8-Post-Process[0] | outputs: LastAsyncEl0NmsPPMuxEl0YOLOV8-Post-Process
[2026-08-14 20:10:21.130] [1650671] [HailoRT] [info] [pipeline.cpp:891] [print_deep_description] LastAsyncEl0NmsPPMuxEl0YOLOV8-Post-Process | inputs: NmsPPMuxEl0YOLOV8-Post-Process[0] | outputs: user
[2026-08-14 20:10:21.389] [1651007] [HailoRT] [info] [hef.cpp:1929] [get_network_group_and_network_name] No name was given. Addressing all networks of default network_group: yolov8s
[2026-08-17 17:17:06.142] [1756322] [HailoRT] [info] [vdevice.cpp:523] [create] Creating vdevice with params: device_count: 1, scheduling_algorithm: ROUND_ROBIN, multi_process_service: false
[2026-08-17 17:17:06.155] [1756322] [HailoRT] [info] [device.cpp:49] [Device] OS Version: Linux 6.12.34+rpt-rpi-2712 #1 SMP PREEMPT Debian 1:6.12.34-1+rpt1~bookworm (2025-06-26) aarch64
[2026-08-17 17:17:06.156] [1756322] [HailoRT] [info] [control.cpp:108] [control__parse_identify_results] firmware_version is: 4.20.0
[2026-08-17 17:17:06.156] [1756322] [HailoRT] [info] [vdevice.cpp:651] [create] VDevice Infos: 0001:03:00.0
[2026-08-17 17:17:06.194] [1756322] [HailoRT] [info] [hef.cpp:1929] [get_network_group_and_network_name] No name was given. Addressing all networks of default network_group: yolov8s
[2026-08-17 17:17:06.194] [1756322] [HailoRT] [info] [hef.cpp:1929] [get_network_group_and_network_name] No name was given. Addressing all networks of default network_group: yolov8s
[2026-08-17 17:17:06.223] [1756322] [HailoRT] [info] [internal_buffer_manager.cpp:202] [print_execution_results] Default Internal buffer planner failed to meet requirements
[2026-08-17 17:17:06.223] [1756322] [HailoRT] [info] [internal_buffer_manager.cpp:212] [print_execution_results] Default Internal buffer planner executed successfully
[2026-08-17 17:17:06.233] [1756322] [HailoRT] [info] [device_internal.cpp:57] [configure] Configuring HEF took 17.271811 milliseconds
[2026-08-17 17:17:06.233] [1756322] [HailoRT] [info] [vdevice.cpp:749] [configure] Configuring HEF on VDevice took 17.632921 milliseconds
[2026-08-17 17:17:06.233] [1756322] [HailoRT] [info] [infer_model.cpp:436] [configure] Configuring network group 'yolov8s' with params: batch size: 0, power mode: PERFORMANCE, latency: NONE
[2026-08-17 17:17:06.233] [1756322] [HailoRT] [info] [multi_io_elements.cpp:756] [create] Created (AsyncHwEl)
[2026-08-17 17:17:06.233] [1756322] [HailoRT] [info] [queue_elements.cpp:450] [create] Created (EntryPushQEl0yolov8s/input_layer1 | timeout: 10s)
[2026-08-17 17:17:06.233] [1756322] [HailoRT] [info] [filter_elements.cpp:101] [create] Created (PreInferEl3yolov8s/input_layer1 | Reorder - src_order: RGB4, src_shape: (640, 640, 3), dst_order: NHCW, dst_shape: (640, 640, 3))
[2026-08-17 17:17:06.233] [1756322] [HailoRT] [info] [queue_elements.cpp:450] [create] Created (PushQEl3yolov8s/input_layer1 | timeout: 10s)
[2026-08-17 17:17:06.233] [1756322] [HailoRT] [info] [multi_io_elements.cpp:135] [create] Created (NmsPPMuxEl0YOLOV8-Post-Process | Op YOLOV8, Name: YOLOV8-Post-Process, Score threshold: 0.200, IoU threshold: 0.70, Classes: 80, Cross classes: false, NMS results order: BY_CLASS, Max bboxes per class: 100, Image height: 640, Image width: 640)
[2026-08-17 17:17:06.233] [1756322] [HailoRT] [info] [queue_elements.cpp:942] [create] Created (MultiPushQEl0YOLOV8-Post-Process | timeout: 10s)
[2026-08-17 17:17:06.233] [1756322] [HailoRT] [info] [edge_elements.cpp:187] [create] Created (LastAsyncEl0NmsPPMuxEl0YOLOV8-Post-Process)
[2026-08-17 17:17:06.233] [1756322] [HailoRT] [info] [pipeline.cpp:891] [print_deep_description] EntryPushQEl0yolov8s/input_layer1 | inputs: user | outputs: PreInferEl3yolov8s/input_layer1(running in thread_id: 1757659)
[2026-08-17 17:17:06.233] [1756322] [HailoRT] [info] [pipeline.cpp:891] [print_deep_description] PreInferEl3yolov8s/input_layer1 | inputs: EntryPushQEl0yolov8s/input_layer1[0] | outputs: PushQEl3yolov8s/input_layer1
[2026-08-17 17:17:06.233] [1756322] [HailoRT] [info] [pipeline.cpp:891] [print_deep_description] PushQEl3yolov8s/input_layer1 | inputs: PreInferEl3yolov8s/input_layer1[0] | outputs: AsyncHwEl(running in thread_id: 1757660)
[2026-08-17 17:17:06.233] [1756322] [HailoRT] [info] [pipeline.cpp:891] [print_deep_description] AsyncHwEl | inputs: PushQEl3yolov8s/input_layer1[0] | outputs: MultiPushQEl0YOLOV8-Post-Process MultiPushQEl0YOLOV8-Post-Process MultiPushQEl0YOLOV8-Post-Process MultiPushQEl0YOLOV8-Post-Process MultiPushQEl0YOLOV8-Post-Process MultiPushQEl0YOLOV8-Post-Process
[2026-08-17 17:17:06.233] [1756322] [HailoRT] [info] [pipeline.cpp:891] [print_deep_description] MultiPushQEl0YOLOV8-Post-Process | inputs: AsyncHwEl[0] AsyncHwEl[1] AsyncHwEl[2] AsyncHwEl[3] AsyncHwEl[4] AsyncHwEl[5] | outputs: NmsPPMuxEl0YOLOV8-Post-Process(running in thread_id: 1757661)
[2026-08-17 17:17:06.233] [1756322] [HailoRT] [info] [pipeline.cpp:891] [print_deep_description] NmsPPMuxEl0YOLOV8-Post-Process | inputs: MultiPushQEl0YOLOV8-Post-Process[0] | outputs: LastAsyncEl0NmsPPMuxEl0YOLOV8-Post-Process
[2026-08-17 17:17:06.233] [1756322] [HailoRT] [info] [pipeline.cpp:891] [print_deep_description] LastAsyncEl0NmsPPMuxEl0YOLOV8-Post-Process | inputs: NmsPPMuxEl0YOLOV8-Post-Process[0] | outputs: user
[2026-08-17 17:17:06.635] [1756697] [HailoRT] [info] [hef.cpp:1929] [get_network_group_and_network_name] No name was given. Addressing all networks of default network_group: yolov8s
[2026-08-17 17:42:43.546] [1763798] [HailoRT] [info] [vdevice.cpp:523] [create] Creating vdevice with params: device_count: 1, scheduling_algorithm: ROUND_ROBIN, multi_process_service: false
[2026-08-17 17:42:43.559] [1763798] [HailoRT] [info] [device.cpp:49] [Device] OS Version: Linux 6.12.34+rpt-rpi-2712 #1 SMP PREEMPT Debian 1:6.12.34-1+rpt1~bookworm (2025-06-26) aarch64
[2026-08-17 17:42:43.560] [1763798] [HailoRT] [info] [control.cpp:108] [control__parse_identify_results] firmware_version is: 4.20.0
[2026-08-17 17:42:43.560] [1763798] [HailoRT] [info] [vdevice.cpp:651] [create] VDevice Infos: 0001:03:00.0
[2026-08-17 17:42:43.597] [1763798] [HailoRT] [info] [hef.cpp:1929] [get_network_group_and_network_name] No name was given. Addressing all networks of default network_group: yolov8s
[2026-08-17 17:42:43.597] [1763798] [HailoRT] [info] [hef.cpp:1929] [get_network_group_and_network_name] No name was given. Addressing all networks of default network_group: yolov8s
[2026-08-17 17:42:43.627] [1763798] [HailoRT] [info] [internal_buffer_manager.cpp:202] [print_execution_results] Default Internal buffer planner failed to meet requirements
[2026-08-17 17:42:43.627] [1763798] [HailoRT] [info] [internal_buffer_manager.cpp:212] [print_execution_results] Default Internal buffer planner executed successfully
[2026-08-17 17:42:43.640] [1763798] [HailoRT] [info] [device_internal.cpp:57] [configure] Configuring HEF took 19.232081 milliseconds
[2026-08-17 17:42:43.640] [1763798] [HailoRT] [info] [vdevice.cpp:749] [configure] Configuring HEF on VDevice took 19.589471 milliseconds
[2026-08-17 17:42:43.640] [1763798] [HailoRT] [info] [infer_model.cpp:436] [configure] Configuring network group 'yolov8s' with params: batch size: 0, power mode: PERFORMANCE, latency: NONE
[2026-08-17 17:42:43.640] [1763798] [HailoRT] [info] [multi_io_elements.cpp:756] [create] Created (AsyncHwEl)
[2026-08-17 17:42:43.640] [1763798] [HailoRT] [info] [queue_elements.cpp:450] [create] Created (EntryPushQEl0yolov8s/input_layer1 | timeout: 10s)
[2026-08-17 17:42:43.640] [1763798] [HailoRT] [info] [filter_elements.cpp:101] [create] Created (PreInferEl3yolov8s/input_layer1 | Reorder - src_order: RGB4, src_shape: (640, 640, 3), dst_order: NHCW, dst_shape: (640, 640, 3))
[2026-08-17 17:42:43.640] [1763798] [HailoRT] [info] [queue_elements.cpp:450] [create] Created (PushQEl3yolov8s/input_layer1 | timeout: 10s)
[2026-08-17 17:42:43.640] [1763798] [HailoRT] [info] [multi_io_elements.cpp:135] [create] Created (NmsPPMuxEl0YOLOV8-Post-Process | Op YOLOV8, Name: YOLOV8-Post-Process, Score threshold: 0.200, IoU threshold: 0.70, Classes: 80, Cross classes: false, NMS results order: BY_CLASS, Max bboxes per class: 100, Image height: 640, Image width: 640)
[2026-08-17 17:42:43.641] [1763798] [HailoRT] [info] [queue_elements.cpp:942] [create] Created (MultiPushQEl0YOLOV8-Post-Process | timeout: 10s)
[2026-08-17 17:42:43.641] [1763798] [HailoRT] [info] [edge_elements.cpp:187] [create] Created (LastAsyncEl0NmsPPMuxEl0YOLOV8-Post-Process)
[2026-08-17 17:42:43.641] [1763798] [HailoRT] [info] [pipeline.cpp:891] [print_deep_description] EntryPushQEl0yolov8s/input_layer1 | inputs: user | outputs: PreInferEl3yolov8s/input_layer1(running in thread_id: 1764096)
[2026-08-17 17:42:43.641] [1763798] [HailoRT] [info] [pipeline.cpp:891] [print_deep_description] PreInferEl3yolov8s/input_layer1 | inputs: EntryPushQEl0yolov8s/input_layer1[0] | outputs: PushQEl3yolov8s/input_layer1
[2026-08-17 17:42:43.641] [1763798] [HailoRT] [info] [pipeline.cpp:891] [print_deep_description] PushQEl3yolov8s/input_layer1 | inputs: PreInferEl3yolov8s/input_layer1[0] | outputs: AsyncHwEl(running in thread_id: 1764097)
[2026-08-17 17:42:43.641] [1763798] [HailoRT] [info] [pipeline.cpp:891] [print_deep_description] AsyncHwEl | inputs: PushQEl3yolov8s/input_layer1[0] | outputs: MultiPushQEl0YOLOV8-Post-Process MultiPushQEl0YOLOV8-Post-Process MultiPushQEl0YOLOV8-Post-Process MultiPushQEl0YOLOV8-Post-Process MultiPushQEl0YOLOV8-Post-Process MultiPushQEl0YOLOV8-Post-Process
[2026-08-17 17:42:43.641] [1763798] [HailoRT] [info] [pipeline.cpp:891] [print_deep_description] MultiPushQEl0YOLOV8-Post-Process | inputs: AsyncHwEl[0] AsyncHwEl[1] AsyncHwEl[2] AsyncHwEl[3] AsyncHwEl[4] AsyncHwEl[5] | outputs: NmsPPMuxEl0YOLOV8-Post-Process(running in thread_id: 1764098)
[2026-08-17 17:42:43.641] [1763798] [HailoRT] [info] [pipeline.cpp:891] [print_deep_description] NmsPPMuxEl0YOLOV8-Post-Process | inputs: MultiPushQEl0YOLOV8-Post-Process[0] | outputs: LastAsyncEl0NmsPPMuxEl0YOLOV8-Post-Process
[2026-08-17 17:42:43.641] [1763798] [HailoRT] [info] [pipeline.cpp:891] [print_deep_description] LastAsyncEl0NmsPPMuxEl0YOLOV8-Post-Process | inputs: NmsPPMuxEl0YOLOV8-Post-Process[0] | outputs: user
[2026-08-17 17:42:44.040] [1764087] [HailoRT] [info] [hef.cpp:1929] [get_network_group_and_network_name] No name was given. Addressing all networks of default network_group: yolov8s
[2026-08-17 17:54:14.343] [1766765] [HailoRT] [info] [vdevice.cpp:523] [create] Creating vdevice with params: device_count: 1, scheduling_algorithm: ROUND_ROBIN, multi_process_service: false
[2026-08-17 17:54:14.355] [1766765] [HailoRT] [info] [device.cpp:49] [Device] OS Version: Linux 6.12.34+rpt-rpi-2712 #1 SMP PREEMPT Debian 1:6.12.34-1+rpt1~bookworm (2025-06-26) aarch64
[2026-08-17 17:54:14.356] [1766765] [HailoRT] [info] [control.cpp:108] [control__parse_identify_results] firmware_version is: 4.20.0
[2026-08-17 17:54:14.356] [1766765] [HailoRT] [info] [vdevice.cpp:651] [create] VDevice Infos: 0001:03:00.0
[2026-08-17 17:54:14.394] [1766765] [HailoRT] [info] [hef.cpp:1929] [get_network_group_and_network_name] No name was given. Addressing all networks of default network_group: yolov8s
[2026-08-17 17:54:14.394] [1766765] [HailoRT] [info] [hef.cpp:1929] [get_network_group_and_network_name] No name was given. Addressing all networks of default network_group: yolov8s
[2026-08-17 17:54:14.423] [1766765] [HailoRT] [info] [internal_buffer_manager.cpp:202] [print_execution_results] Default Internal buffer planner failed to meet requirements
[2026-08-17 17:54:14.423] [1766765] [HailoRT] [info] [internal_buffer_manager.cpp:212] [print_execution_results] Default Internal buffer planner executed successfully
[2026-08-17 17:54:14.434] [1766765] [HailoRT] [info] [device_internal.cpp:57] [configure] Configuring HEF took 16.722014 milliseconds
[2026-08-17 17:54:14.434] [1766765] [HailoRT] [info] [vdevice.cpp:749] [configure] Configuring HEF on VDevice took 17.078477 milliseconds
[2026-08-17 17:54:14.434] [1766765] [HailoRT] [info] [infer_model.cpp:436] [configure] Configuring network group 'yolov8s' with params: batch size: 0, power mode: PERFORMANCE, latency: NONE
[2026-08-17 17:54:14.434] [1766765] [HailoRT] [info] [multi_io_elements.cpp:756] [create] Created (AsyncHwEl)
[2026-08-17 17:54:14.434] [1766765] [HailoRT] [info] [queue_elements.cpp:450] [create] Created (EntryPushQEl0yolov8s/input_layer1 | timeout: 10s)
[2026-08-17 17:54:14.434] [1766765] [HailoRT] [info] [filter_elements.cpp:101] [create] Created (PreInferEl3yolov8s/input_layer1 | Reorder - src_order: RGB4, src_shape: (640, 640, 3), dst_order: NHCW, dst_shape: (640, 640, 3))
[2026-08-17 17:54:14.434] [1766765] [HailoRT] [info] [queue_elements.cpp:450] [create] Created (PushQEl3yolov8s/input_layer1 | timeout: 10s)
[2026-08-17 17:54:14.434] [1766765] [HailoRT] [info] [multi_io_elements.cpp:135] [create] Created (NmsPPMuxEl0YOLOV8-Post-Process | Op YOLOV8, Name: YOLOV8-Post-Process, Score threshold: 0.200, IoU threshold: 0.70, Classes: 80, Cross classes: false, NMS results order: BY_CLASS, Max bboxes per class: 100, Image height: 640, Image width: 640)
[2026-08-17 17:54:14.435] [1766765] [HailoRT] [info] [queue_elements.cpp:942] [create] Created (MultiPushQEl0YOLOV8-Post-Process | timeout: 10s)
[2026-08-17 17:54:14.435] [1766765] [HailoRT] [info] [edge_elements.cpp:187] [create] Created (LastAsyncEl0NmsPPMuxEl0YOLOV8-Post-Process)
[2026-08-17 17:54:14.435] [1766765] [HailoRT] [info] [pipeline.cpp:891] [print_deep_description] EntryPushQEl0yolov8s/input_layer1 | inputs: user | outputs: PreInferEl3yolov8s/input_layer1(running in thread_id: 1767210)
[2026-08-17 17:54:14.435] [1766765] [HailoRT] [info] [pipeline.cpp:891] [print_deep_description] PreInferEl3yolov8s/input_layer1 | inputs: EntryPushQEl0yolov8s/input_layer1[0] | outputs: PushQEl3yolov8s/input_layer1
[2026-08-17 17:54:14.435] [1766765] [HailoRT] [info] [pipeline.cpp:891] [print_deep_description] PushQEl3yolov8s/input_layer1 | inputs: PreInferEl3yolov8s/input_layer1[0] | outputs: AsyncHwEl(running in thread_id: 1767211)
[2026-08-17 17:54:14.435] [1766765] [HailoRT] [info] [pipeline.cpp:891] [print_deep_description] AsyncHwEl | inputs: PushQEl3yolov8s/input_layer1[0] | outputs: MultiPushQEl0YOLOV8-Post-Process MultiPushQEl0YOLOV8-Post-Process MultiPushQEl0YOLOV8-Post-Process MultiPushQEl0YOLOV8-Post-Process MultiPushQEl0YOLOV8-Post-Process MultiPushQEl0YOLOV8-Post-Process
[2026-08-17 17:54:14.435] [1766765] [HailoRT] [info] [pipeline.cpp:891] [print_deep_description] MultiPushQEl0YOLOV8-Post-Process | inputs: AsyncHwEl[0] AsyncHwEl[1] AsyncHwEl[2] AsyncHwEl[3] AsyncHwEl[4] AsyncHwEl[5] | outputs: NmsPPMuxEl0YOLOV8-Post-Process(running in thread_id: 1767212)
[2026-08-17 17:54:14.435] [1766765] [HailoRT] [info] [pipeline.cpp:891] [print_deep_description] NmsPPMuxEl0YOLOV8-Post-Process | inputs: MultiPushQEl0YOLOV8-Post-Process[0] | outputs: LastAsyncEl0NmsPPMuxEl0YOLOV8-Post-Process
[2026-08-17 17:54:14.435] [1766765] [HailoRT] [info] [pipeline.cpp:891] [print_deep_description] LastAsyncEl0NmsPPMuxEl0YOLOV8-Post-Process | inputs: NmsPPMuxEl0YOLOV8-Post-Process[0] | outputs: user
[2026-08-17 17:54:14.835] [1767201] [HailoRT] [info] [hef.cpp:1929] [get_network_group_and_network_name] No name was given. Addressing all networks of default network_group: yolov8s
[2026-08-17 18:17:52.950] [1772910] [HailoRT] [info] [vdevice.cpp:523] [create] Creating vdevice with params: device_count: 1, scheduling_algorithm: ROUND_ROBIN, multi_process_service: false
[2026-08-17 18:17:52.963] [1772910] [HailoRT] [info] [device.cpp:49] [Device] OS Version: Linux 6.12.34+rpt-rpi-2712 #1 SMP PREEMPT Debian 1:6.12.34-1+rpt1~bookworm (2025-06-26) aarch64
[2026-08-17 18:17:52.964] [1772910] [HailoRT] [info] [control.cpp:108] [control__parse_identify_results] firmware_version is: 4.20.0
[2026-08-17 18:17:52.964] [1772910] [HailoRT] [info] [vdevice.cpp:651] [create] VDevice Infos: 0001:03:00.0
[2026-08-17 18:17:53.001] [1772910] [HailoRT] [info] [hef.cpp:1929] [get_network_group_and_network_name] No name was given. Addressing all networks of default network_group: yolov8s
[2026-08-17 18:17:53.001] [1772910] [HailoRT] [info] [hef.cpp:1929] [get_network_group_and_network_name] No name was given. Addressing all networks of default network_group: yolov8s
[2026-08-17 18:17:53.032] [1772910] [HailoRT] [info] [internal_buffer_manager.cpp:202] [print_execution_results] Default Internal buffer planner failed to meet requirements
[2026-08-17 18:17:53.032] [1772910] [HailoRT] [info] [internal_buffer_manager.cpp:212] [print_execution_results] Default Internal buffer planner executed successfully
[2026-08-17 18:17:53.042] [1772910] [HailoRT] [info] [device_internal.cpp:57] [configure] Configuring HEF took 17.209084 milliseconds
[2026-08-17 18:17:53.042] [1772910] [HailoRT] [info] [vdevice.cpp:749] [configure] Configuring HEF on VDevice took 17.566175 milliseconds
[2026-08-17 18:17:53.042] [1772910] [HailoRT] [info] [infer_model.cpp:436] [configure] Configuring network group 'yolov8s' with params: batch size: 0, power mode: PERFORMANCE, latency: NONE
[2026-08-17 18:17:53.042] [1772910] [HailoRT] [info] [multi_io_elements.cpp:756] [create] Created (AsyncHwEl)
[2026-08-17 18:17:53.042] [1772910] [HailoRT] [info] [queue_elements.cpp:450] [create] Created (EntryPushQEl0yolov8s/input_layer1 | timeout: 10s)
[2026-08-17 18:17:53.042] [1772910] [HailoRT] [info] [filter_elements.cpp:101] [create] Created (PreInferEl3yolov8s/input_layer1 | Reorder - src_order: RGB4, src_shape: (640, 640, 3), dst_order: NHCW, dst_shape: (640, 640, 3))
[2026-08-17 18:17:53.042] [1772910] [HailoRT] [info] [queue_elements.cpp:450] [create] Created (PushQEl3yolov8s/input_layer1 | timeout: 10s)
[2026-08-17 18:17:53.043] [1772910] [HailoRT] [info] [multi_io_elements.cpp:135] [create] Created (NmsPPMuxEl0YOLOV8-Post-Process | Op YOLOV8, Name: YOLOV8-Post-Process, Score threshold: 0.200, IoU threshold: 0.70, Classes: 80, Cross classes: false, NMS results order: BY_CLASS, Max bboxes per class: 100, Image height: 640, Image width: 640)
[2026-08-17 18:17:53.043] [1772910] [HailoRT] [info] [queue_elements.cpp:942] [create] Created (MultiPushQEl0YOLOV8-Post-Process | timeout: 10s)
[2026-08-17 18:17:53.043] [1772910] [HailoRT] [info] [edge_elements.cpp:187] [create] Created (LastAsyncEl0NmsPPMuxEl0YOLOV8-Post-Process)
[2026-08-17 18:17:53.043] [1772910] [HailoRT] [info] [pipeline.cpp:891] [print_deep_description] EntryPushQEl0yolov8s/input_layer1 | inputs: user | outputs: PreInferEl3yolov8s/input_layer1(running in thread_id: 1773153)
[2026-08-17 18:17:53.043] [1772910] [HailoRT] [info] [pipeline.cpp:891] [print_deep_description] PreInferEl3yolov8s/input_layer1 | inputs: EntryPushQEl0yolov8s/input_layer1[0] | outputs: PushQEl3yolov8s/input_layer1
[2026-08-17 18:17:53.043] [1772910] [HailoRT] [info] [pipeline.cpp:891] [print_deep_description] PushQEl3yolov8s/input_layer1 | inputs: PreInferEl3yolov8s/input_layer1[0] | outputs: AsyncHwEl(running in thread_id: 1773154)
[2026-08-17 18:17:53.043] [1772910] [HailoRT] [info] [pipeline.cpp:891] [print_deep_description] AsyncHwEl | inputs: PushQEl3yolov8s/input_layer1[0] | outputs: MultiPushQEl0YOLOV8-Post-Process MultiPushQEl0YOLOV8-Post-Process MultiPushQEl0YOLOV8-Post-Process MultiPushQEl0YOLOV8-Post-Process MultiPushQEl0YOLOV8-Post-Process MultiPushQEl0YOLOV8-Post-Process
[2026-08-17 18:17:53.043] [1772910] [HailoRT] [info] [pipeline.cpp:891] [print_deep_description] MultiPushQEl0YOLOV8-Post-Process | inputs: AsyncHwEl[0] AsyncHwEl[1] AsyncHwEl[2] AsyncHwEl[3] AsyncHwEl[4] AsyncHwEl[5] | outputs: NmsPPMuxEl0YOLOV8-Post-Process(running in thread_id: 1773155)
[2026-08-17 18:17:53.043] [1772910] [HailoRT] [info] [pipeline.cpp:891] [print_deep_description] NmsPPMuxEl0YOLOV8-Post-Process | inputs: MultiPushQEl0YOLOV8-Post-Process[0] | outputs: LastAsyncEl0NmsPPMuxEl0YOLOV8-Post-Process
[2026-08-17 18:17:53.043] [1772910] [HailoRT] [info] [pipeline.cpp:891] [print_deep_description] LastAsyncEl0NmsPPMuxEl0YOLOV8-Post-Process | inputs: NmsPPMuxEl0YOLOV8-Post-Process[0] | outputs: user
[2026-08-17 18:17:53.427] [1773144] [HailoRT] [info] [hef.cpp:1929] [get_network_group_and_network_name] No name was given. Addressing all networks of default network_group: yolov8s
[2026-08-17 18:17:56.700] [1772910] [HailoRT] [info] [async_infer_runner.cpp:86] [shutdown] Pipeline was aborted. Shutting it down
[2026-08-17 18:17:56.702] [1772910] [HailoRT] [info] [queue_elements.cpp:1131] [execute_deactivate] enqueue() in element MultiPushQEl0YOLOV8-Post-Process was aborted, got status = HAILO_SHUTDOWN_EVENT_SIGNALED(57)
[2026-08-17 18:17:56.702] [1772910] [HailoRT] [info] [queue_elements.cpp:1131] [execute_deactivate] enqueue() in element MultiPushQEl0YOLOV8-Post-Process was aborted, got status = HAILO_SHUTDOWN_EVENT_SIGNALED(57)
[2026-08-17 18:17:56.702] [1772910] [HailoRT] [info] [queue_elements.cpp:1131] [execute_deactivate] enqueue() in element MultiPushQEl0YOLOV8-Post-Process was aborted, got status = HAILO_SHUTDOWN_EVENT_SIGNALED(57)
[2026-08-17 18:17:56.702] [1772910] [HailoRT] [info] [queue_elements.cpp:1131] [execute_deactivate] enqueue() in element MultiPushQEl0YOLOV8-Post-Process was aborted, got status = HAILO_SHUTDOWN_EVENT_SIGNALED(57)
[2026-08-17 18:17:56.702] [1772910] [HailoRT] [info] [queue_elements.cpp:1131] [execute_deactivate] enqueue() in element MultiPushQEl0YOLOV8-Post-Process was aborted, got status = HAILO_SHUTDOWN_EVENT_SIGNALED(57)
[2026-08-17 18:17:56.702] [1772910] [HailoRT] [info] [queue_elements.cpp:1131] [execute_deactivate] enqueue() in element MultiPushQEl0YOLOV8-Post-Process was aborted, got status = HAILO_SHUTDOWN_EVENT_SIGNALED(57)
[2026-08-17 18:17:56.702] [1772910] [HailoRT] [info] [queue_elements.cpp:570] [execute_deactivate] enqueue() in element PushQEl3yolov8s/input_layer1 was aborted, got status = HAILO_SHUTDOWN_EVENT_SIGNALED(57)
[2026-08-17 18:17:56.702] [1772910] [HailoRT] [info] [queue_elements.cpp:570] [execute_deactivate] enqueue() in element EntryPushQEl0yolov8s/input_layer1 was aborted, got status = HAILO_SHUTDOWN_EVENT_SIGNALED(57)
[2026-08-17 18:17:56.702] [1772910] [HailoRT] [info] [queue_elements.cpp:46] [~BaseQueueElement] Queue element EntryPushQEl0yolov8s/input_layer1 has 0 frames in his Queue on destruction
[2026-08-17 18:17:56.702] [1772910] [HailoRT] [info] [queue_elements.cpp:46] [~BaseQueueElement] Queue element PushQEl3yolov8s/input_layer1 has 0 frames in his Queue on destruction
[2026-08-17 18:17:56.761] [1772910] [HailoRT] [info] [vdevice.cpp:523] [create] Creating vdevice with params: device_count: 1, scheduling_algorithm: ROUND_ROBIN, multi_process_service: false
[2026-08-17 18:17:56.773] [1772910] [HailoRT] [info] [device.cpp:49] [Device] OS Version: Linux 6.12.34+rpt-rpi-2712 #1 SMP PREEMPT Debian 1:6.12.34-1+rpt1~bookworm (2025-06-26) aarch64
[2026-08-17 18:17:56.775] [1772910] [HailoRT] [info] [control.cpp:108] [control__parse_identify_results] firmware_version is: 4.20.0
[2026-08-17 18:17:56.775] [1772910] [HailoRT] [info] [vdevice.cpp:651] [create] VDevice Infos: 0001:03:00.0
[2026-08-17 18:17:56.813] [1772910] [HailoRT] [info] [hef.cpp:1929] [get_network_group_and_network_name] No name was given. Addressing all networks of default network_group: yolov8s
[2026-08-17 18:17:56.814] [1772910] [HailoRT] [info] [hef.cpp:1929] [get_network_group_and_network_name] No name was given. Addressing all networks of default network_group: yolov8s
[2026-08-17 18:17:56.855] [1772910] [HailoRT] [info] [internal_buffer_manager.cpp:202] [print_execution_results] Default Internal buffer planner failed to meet requirements
[2026-08-17 18:17:56.855] [1772910] [HailoRT] [info] [internal_buffer_manager.cpp:212] [print_execution_results] Default Internal buffer planner executed successfully
[2026-08-17 18:17:56.879] [1772910] [HailoRT] [info] [device_internal.cpp:57] [configure] Configuring HEF took 30.715997 milliseconds
[2026-08-17 18:17:56.879] [1772910] [HailoRT] [info] [vdevice.cpp:749] [configure] Configuring HEF on VDevice took 31.093736 milliseconds
[2026-08-17 18:17:56.879] [1772910] [HailoRT] [info] [infer_model.cpp:436] [configure] Configuring network group 'yolov8s' with params: batch size: 0, power mode: PERFORMANCE, latency: NONE
[2026-08-17 18:17:56.879] [1772910] [HailoRT] [info] [multi_io_elements.cpp:756] [create] Created (AsyncHwEl)
[2026-08-17 18:17:56.879] [1772910] [HailoRT] [info] [queue_elements.cpp:450] [create] Created (EntryPushQEl0yolov8s/input_layer1 | timeout: 10s)
[2026-08-17 18:17:56.879] [1772910] [HailoRT] [info] [filter_elements.cpp:101] [create] Created (PreInferEl3yolov8s/input_layer1 | Reorder - src_order: RGB4, src_shape: (640, 640, 3), dst_order: NHCW, dst_shape: (640, 640, 3))
[2026-08-17 18:17:56.879] [1772910] [HailoRT] [info] [queue_elements.cpp:450] [create] Created (PushQEl3yolov8s/input_layer1 | timeout: 10s)
[2026-08-17 18:17:56.879] [1772910] [HailoRT] [info] [multi_io_elements.cpp:135] [create] Created (NmsPPMuxEl0YOLOV8-Post-Process | Op YOLOV8, Name: YOLOV8-Post-Process, Score threshold: 0.200, IoU threshold: 0.70, Classes: 80, Cross classes: false, NMS results order: BY_CLASS, Max bboxes per class: 100, Image height: 640, Image width: 640)
[2026-08-17 18:17:56.883] [1772910] [HailoRT] [info] [queue_elements.cpp:942] [create] Created (MultiPushQEl0YOLOV8-Post-Process | timeout: 10s)
[2026-08-17 18:17:56.883] [1772910] [HailoRT] [info] [edge_elements.cpp:187] [create] Created (LastAsyncEl0NmsPPMuxEl0YOLOV8-Post-Process)
[2026-08-17 18:17:56.883] [1772910] [HailoRT] [info] [pipeline.cpp:891] [print_deep_description] EntryPushQEl0yolov8s/input_layer1 | inputs: user | outputs: PreInferEl3yolov8s/input_layer1(running in thread_id: 1773246)
[2026-08-17 18:17:56.883] [1772910] [HailoRT] [info] [pipeline.cpp:891] [print_deep_description] PreInferEl3yolov8s/input_layer1 | inputs: EntryPushQEl0yolov8s/input_layer1[0] | outputs: PushQEl3yolov8s/input_layer1
[2026-08-17 18:17:56.883] [1772910] [HailoRT] [info] [pipeline.cpp:891] [print_deep_description] PushQEl3yolov8s/input_layer1 | inputs: PreInferEl3yolov8s/input_layer1[0] | outputs: AsyncHwEl(running in thread_id: 1773247)
[2026-08-17 18:17:56.883] [1772910] [HailoRT] [info] [pipeline.cpp:891] [print_deep_description] AsyncHwEl | inputs: PushQEl3yolov8s/input_layer1[0] | outputs: MultiPushQEl0YOLOV8-Post-Process MultiPushQEl0YOLOV8-Post-Process MultiPushQEl0YOLOV8-Post-Process MultiPushQEl0YOLOV8-Post-Process MultiPushQEl0YOLOV8-Post-Process MultiPushQEl0YOLOV8-Post-Process
[2026-08-17 18:17:56.883] [1772910] [HailoRT] [info] [pipeline.cpp:891] [print_deep_description] MultiPushQEl0YOLOV8-Post-Process | inputs: AsyncHwEl[0] AsyncHwEl[1] AsyncHwEl[2] AsyncHwEl[3] AsyncHwEl[4] AsyncHwEl[5] | outputs: NmsPPMuxEl0YOLOV8-Post-Process(running in thread_id: 1773248)
[2026-08-17 18:17:56.883] [1772910] [HailoRT] [info] [pipeline.cpp:891] [print_deep_description] NmsPPMuxEl0YOLOV8-Post-Process | inputs: MultiPushQEl0YOLOV8-Post-Process[0] | outputs: LastAsyncEl0NmsPPMuxEl0YOLOV8-Post-Process
[2026-08-17 18:17:56.887] [1772910] [HailoRT] [info] [pipeline.cpp:891] [print_deep_description] LastAsyncEl0NmsPPMuxEl0YOLOV8-Post-Process | inputs: NmsPPMuxEl0YOLOV8-Post-Process[0] | outputs: user
[2026-08-17 18:17:57.309] [1773144] [HailoRT] [info] [hef.cpp:1929] [get_network_group_and_network_name] No name was given. Addressing all networks of default network_group: yolov8s
[2026-08-17 18:19:22.351] [1772910] [HailoRT] [info] [async_infer_runner.cpp:86] [shutdown] Pipeline was aborted. Shutting it down
[2026-08-17 18:19:22.351] [1772910] [HailoRT] [info] [queue_elements.cpp:1131] [execute_deactivate] enqueue() in element MultiPushQEl0YOLOV8-Post-Process was aborted, got status = HAILO_SHUTDOWN_EVENT_SIGNALED(57)
[2026-08-17 18:19:22.352] [1772910] [HailoRT] [info] [queue_elements.cpp:1131] [execute_deactivate] enqueue() in element MultiPushQEl0YOLOV8-Post-Process was aborted, got status = HAILO_SHUTDOWN_EVENT_SIGNALED(57)
[2026-08-17 18:19:22.352] [1772910] [HailoRT] [info] [queue_elements.cpp:1131] [execute_deactivate] enqueue() in element MultiPushQEl0YOLOV8-Post-Process was aborted, got status = HAILO_SHUTDOWN_EVENT_SIGNALED(57)
[2026-08-17 18:19:22.352] [1772910] [HailoRT] [info] [queue_elements.cpp:1131] [execute_deactivate] enqueue() in element MultiPushQEl0YOLOV8-Post-Process was aborted, got status = HAILO_SHUTDOWN_EVENT_SIGNALED(57)
[2026-08-17 18:19:22.352] [1772910] [HailoRT] [info] [queue_elements.cpp:1131] [execute_deactivate] enqueue() in element MultiPushQEl0YOLOV8-Post-Process was aborted, got status = HAILO_SHUTDOWN_EVENT_SIGNALED(57)
[2026-08-17 18:19:22.352] [1772910] [HailoRT] [info] [queue_elements.cpp:1131] [execute_deactivate] enqueue() in element MultiPushQEl0YOLOV8-Post-Process was aborted, got status = HAILO_SHUTDOWN_EVENT_SIGNALED(57)
[2026-08-17 18:19:22.352] [1772910] [HailoRT] [info] [queue_elements.cpp:570] [execute_deactivate] enqueue() in element PushQEl3yolov8s/input_layer1 was aborted, got status = HAILO_SHUTDOWN_EVENT_SIGNALED(57)
[2026-08-17 18:19:22.352] [1772910] [HailoRT] [info] [queue_elements.cpp:570] [execute_deactivate] enqueue() in element EntryPushQEl0yolov8s/input_layer1 was aborted, got status = HAILO_SHUTDOWN_EVENT_SIGNALED(57)
[2026-08-17 18:19:22.352] [1772910] [HailoRT] [info] [queue_elements.cpp:46] [~BaseQueueElement] Queue element EntryPushQEl0yolov8s/input_layer1 has 0 frames in his Queue on destruction
[2026-08-17 18:19:22.352] [1772910] [HailoRT] [info] [queue_elements.cpp:46] [~BaseQueueElement] Queue element PushQEl3yolov8s/input_layer1 has 0 frames in his Queue on destruction
[2026-08-17 18:19:22.496] [1772910] [HailoRT] [info] [vdevice.cpp:523] [create] Creating vdevice with params: device_count: 1, scheduling_algorithm: ROUND_ROBIN, multi_process_service: false
[2026-08-17 18:19:22.507] [1772910] [HailoRT] [info] [device.cpp:49] [Device] OS Version: Linux 6.12.34+rpt-rpi-2712 #1 SMP PREEMPT Debian 1:6.12.34-1+rpt1~bookworm (2025-06-26) aarch64
[2026-08-17 18:19:22.508] [1772910] [HailoRT] [info] [control.cpp:108] [control__parse_identify_results] firmware_version is: 4.20.0
[2026-08-17 18:19:22.508] [1772910] [HailoRT] [info] [vdevice.cpp:651] [create] VDevice Infos: 0001:03:00.0
[2026-08-17 18:19:22.545] [1772910] [HailoRT] [info] [hef.cpp:1929] [get_network_group_and_network_name] No name was given. Addressing all networks of default network_group: yolov8s
[2026-08-17 18:19:22.545] [1772910] [HailoRT] [info] [hef.cpp:1929] [get_network_group_and_network_name] No name was given. Addressing all networks of default network_group: yolov8s
[2026-08-17 18:19:22.580] [1772910] [HailoRT] [info] [internal_buffer_manager.cpp:202] [print_execution_results] Default Internal buffer planner failed to meet requirements
[2026-08-17 18:19:22.581] [1772910] [HailoRT] [info] [internal_buffer_manager.cpp:212] [print_execution_results] Default Internal buffer planner executed successfully
[2026-08-17 18:19:22.592] [1772910] [HailoRT] [info] [device_internal.cpp:57] [configure] Configuring HEF took 17.60931 milliseconds
[2026-08-17 18:19:22.592] [1772910] [HailoRT] [info] [vdevice.cpp:749] [configure] Configuring HEF on VDevice took 18.059697 milliseconds
[2026-08-17 18:19:22.592] [1772910] [HailoRT] [info] [infer_model.cpp:436] [configure] Configuring network group 'yolov8s' with params: batch size: 0, power mode: PERFORMANCE, latency: NONE
[2026-08-17 18:19:22.592] [1772910] [HailoRT] [info] [multi_io_elements.cpp:756] [create] Created (AsyncHwEl)
[2026-08-17 18:19:22.592] [1772910] [HailoRT] [info] [queue_elements.cpp:450] [create] Created (EntryPushQEl0yolov8s/input_layer1 | timeout: 10s)
[2026-08-17 18:19:22.593] [1772910] [HailoRT] [info] [filter_elements.cpp:101] [create] Created (PreInferEl3yolov8s/input_layer1 | Reorder - src_order: RGB4, src_shape: (640, 640, 3), dst_order: NHCW, dst_shape: (640, 640, 3))
[2026-08-17 18:19:22.593] [1772910] [HailoRT] [info] [queue_elements.cpp:450] [create] Created (PushQEl3yolov8s/input_layer1 | timeout: 10s)
[2026-08-17 18:19:22.593] [1772910] [HailoRT] [info] [multi_io_elements.cpp:135] [create] Created (NmsPPMuxEl0YOLOV8-Post-Process | Op YOLOV8, Name: YOLOV8-Post-Process, Score threshold: 0.200, IoU threshold: 0.70, Classes: 80, Cross classes: false, NMS results order: BY_CLASS, Max bboxes per class: 100, Image height: 640, Image width: 640)
[2026-08-17 18:19:22.593] [1772910] [HailoRT] [info] [queue_elements.cpp:942] [create] Created (MultiPushQEl0YOLOV8-Post-Process | timeout: 10s)
[2026-08-17 18:19:22.593] [1772910] [HailoRT] [info] [edge_elements.cpp:187] [create] Created (LastAsyncEl0NmsPPMuxEl0YOLOV8-Post-Process)
[2026-08-17 18:19:22.593] [1772910] [HailoRT] [info] [pipeline.cpp:891] [print_deep_description] EntryPushQEl0yolov8s/input_layer1 | inputs: user | outputs: PreInferEl3yolov8s/input_layer1(running in thread_id: 1773942)
[2026-08-17 18:19:22.593] [1772910] [HailoRT] [info] [pipeline.cpp:891] [print_deep_description] PreInferEl3yolov8s/input_layer1 | inputs: EntryPushQEl0yolov8s/input_layer1[0] | outputs: PushQEl3yolov8s/input_layer1
[2026-08-17 18:19:22.593] [1772910] [HailoRT] [info] [pipeline.cpp:891] [print_deep_description] PushQEl3yolov8s/input_layer1 | inputs: PreInferEl3yolov8s/input_layer1[0] | outputs: AsyncHwEl(running in thread_id: 1773943)
[2026-08-17 18:19:22.593] [1772910] [HailoRT] [info] [pipeline.cpp:891] [print_deep_description] AsyncHwEl | inputs: PushQEl3yolov8s/input_layer1[0] | outputs: MultiPushQEl0YOLOV8-Post-Process MultiPushQEl0YOLOV8-Post-Process MultiPushQEl0YOLOV8-Post-Process MultiPushQEl0YOLOV8-Post-Process MultiPushQEl0YOLOV8-Post-Process MultiPushQEl0YOLOV8-Post-Process
[2026-08-17 18:19:22.593] [1772910] [HailoRT] [info] [pipeline.cpp:891] [print_deep_description] MultiPushQEl0YOLOV8-Post-Process | inputs: AsyncHwEl[0] AsyncHwEl[1] AsyncHwEl[2] AsyncHwEl[3] AsyncHwEl[4] AsyncHwEl[5] | outputs: NmsPPMuxEl0YOLOV8-Post-Process(running in thread_id: 1773944)
[2026-08-17 18:19:22.593] [1772910] [HailoRT] [info] [pipeline.cpp:891] [print_deep_description] NmsPPMuxEl0YOLOV8-Post-Process | inputs: MultiPushQEl0YOLOV8-Post-Process[0] | outputs: LastAsyncEl0NmsPPMuxEl0YOLOV8-Post-Process
[2026-08-17 18:19:22.593] [1772910] [HailoRT] [info] [pipeline.cpp:891] [print_deep_description] LastAsyncEl0NmsPPMuxEl0YOLOV8-Post-Process | inputs: NmsPPMuxEl0YOLOV8-Post-Process[0] | outputs: user
[2026-08-17 18:19:22.977] [1773145] [HailoRT] [info] [hef.cpp:1929] [get_network_group_and_network_name] No name was given. Addressing all networks of default network_group: yolov8s
[2026-08-17 18:21:32.292] [1772910] [HailoRT] [info] [async_infer_runner.cpp:86] [shutdown] Pipeline was aborted. Shutting it down
[2026-08-17 18:21:32.293] [1772910] [HailoRT] [info] [queue_elements.cpp:1131] [execute_deactivate] enqueue() in element MultiPushQEl0YOLOV8-Post-Process was aborted, got status = HAILO_SHUTDOWN_EVENT_SIGNALED(57)
[2026-08-17 18:21:32.293] [1772910] [HailoRT] [info] [queue_elements.cpp:1131] [execute_deactivate] enqueue() in element MultiPushQEl0YOLOV8-Post-Process was aborted, got status = HAILO_SHUTDOWN_EVENT_SIGNALED(57)
[2026-08-17 18:21:32.293] [1772910] [HailoRT] [info] [queue_elements.cpp:1131] [execute_deactivate] enqueue() in element MultiPushQEl0YOLOV8-Post-Process was aborted, got status = HAILO_SHUTDOWN_EVENT_SIGNALED(57)
[2026-08-17 18:21:32.293] [1772910] [HailoRT] [info] [queue_elements.cpp:1131] [execute_deactivate] enqueue() in element MultiPushQEl0YOLOV8-Post-Process was aborted, got status = HAILO_SHUTDOWN_EVENT_SIGNALED(57)
[2026-08-17 18:21:32.293] [1772910] [HailoRT] [info] [queue_elements.cpp:1131] [execute_deactivate] enqueue() in element MultiPushQEl0YOLOV8-Post-Process was aborted, got status = HAILO_SHUTDOWN_EVENT_SIGNALED(57)
[2026-08-17 18:21:32.293] [1772910] [HailoRT] [info] [queue_elements.cpp:1131] [execute_deactivate] enqueue() in element MultiPushQEl0YOLOV8-Post-Process was aborted, got status = HAILO_SHUTDOWN_EVENT_SIGNALED(57)
[2026-08-17 18:21:32.293] [1772910] [HailoRT] [info] [queue_elements.cpp:570] [execute_deactivate] enqueue() in element PushQEl3yolov8s/input_layer1 was aborted, got status = HAILO_SHUTDOWN_EVENT_SIGNALED(57)
[2026-08-17 18:21:32.293] [1772910] [HailoRT] [info] [queue_elements.cpp:570] [execute_deactivate] enqueue() in element EntryPushQEl0yolov8s/input_layer1 was aborted, got status = HAILO_SHUTDOWN_EVENT_SIGNALED(57)
[2026-08-17 18:21:32.293] [1772910] [HailoRT] [info] [queue_elements.cpp:46] [~BaseQueueElement] Queue element EntryPushQEl0yolov8s/input_layer1 has 0 frames in his Queue on destruction
[2026-08-17 18:21:32.293] [1772910] [HailoRT] [info] [queue_elements.cpp:46] [~BaseQueueElement] Queue element PushQEl3yolov8s/input_layer1 has 0 frames in his Queue on destruction
[2026-08-17 18:21:32.353] [1772910] [HailoRT] [info] [vdevice.cpp:523] [create] Creating vdevice with params: device_count: 1, scheduling_algorithm: ROUND_ROBIN, multi_process_service: false
[2026-08-17 18:21:32.366] [1772910] [HailoRT] [info] [device.cpp:49] [Device] OS Version: Linux 6.12.34+rpt-rpi-2712 #1 SMP PREEMPT Debian 1:6.12.34-1+rpt1~bookworm (2025-06-26) aarch64
[2026-08-17 18:21:32.367] [1772910] [HailoRT] [info] [control.cpp:108] [control__parse_identify_results] firmware_version is: 4.20.0
[2026-08-17 18:21:32.367] [1772910] [HailoRT] [info] [vdevice.cpp:651] [create] VDevice Infos: 0001:03:00.0
[2026-08-17 18:21:32.404] [1772910] [HailoRT] [info] [hef.cpp:1929] [get_network_group_and_network_name] No name was given. Addressing all networks of default network_group: yolov8s
[2026-08-17 18:21:32.404] [1772910] [HailoRT] [info] [hef.cpp:1929] [get_network_group_and_network_name] No name was given. Addressing all networks of default network_group: yolov8s
[2026-08-17 18:21:32.432] [1772910] [HailoRT] [info] [vdevice.cpp:523] [create] Creating vdevice with params: device_count: 1, scheduling_algorithm: ROUND_ROBIN, multi_process_service: false
[2026-08-17 18:21:32.432] [1772910] [HailoRT] [info] [device.cpp:49] [Device] OS Version: Linux 6.12.34+rpt-rpi-2712 #1 SMP PREEMPT Debian 1:6.12.34-1+rpt1~bookworm (2025-06-26) aarch64
[2026-08-17 18:21:32.433] [1772910] [HailoRT] [info] [control.cpp:108] [control__parse_identify_results] firmware_version is: 4.20.0
[2026-08-17 18:21:32.447] [1772910] [HailoRT] [error] [vdevice.cpp:820] [create_devices] CHECK failed - Failed to create vdevice. there are not enough free devices. requested: 1, found: 0
[2026-08-17 18:21:32.447] [1772910] [HailoRT] [error] [vdevice.cpp:631] [create] CHECK_SUCCESS failed with status=HAILO_OUT_OF_PHYSICAL_DEVICES(74)
[2026-08-17 18:21:32.447] [1772910] [HailoRT] [error] [shared_resource_manager.hpp:81] [register_resource] CHECK_SUCCESS failed with status=HAILO_OUT_OF_PHYSICAL_DEVICES(74)
[2026-08-17 18:21:32.447] [1772910] [HailoRT] [error] [vdevice.cpp:132] [create] CHECK_SUCCESS failed with status=HAILO_OUT_OF_PHYSICAL_DEVICES(74)
[2026-08-17 18:21:32.447] [1772910] [HailoRT] [error] [vdevice.cpp:554] [create] CHECK_SUCCESS failed with status=HAILO_OUT_OF_PHYSICAL_DEVICES(74)
[2026-08-17 18:22:20.706] [1774872] [HailoRT] [info] [vdevice.cpp:523] [create] Creating vdevice with params: device_count: 1, scheduling_algorithm: ROUND_ROBIN, multi_process_service: false
[2026-08-17 18:22:20.719] [1774872] [HailoRT] [info] [device.cpp:49] [Device] OS Version: Linux 6.12.34+rpt-rpi-2712 #1 SMP PREEMPT Debian 1:6.12.34-1+rpt1~bookworm (2025-06-26) aarch64
[2026-08-17 18:22:20.720] [1774872] [HailoRT] [info] [control.cpp:108] [control__parse_identify_results] firmware_version is: 4.20.0
[2026-08-17 18:22:20.720] [1774872] [HailoRT] [info] [vdevice.cpp:651] [create] VDevice Infos: 0001:03:00.0
[2026-08-17 18:22:20.757] [1774872] [HailoRT] [info] [hef.cpp:1929] [get_network_group_and_network_name] No name was given. Addressing all networks of default network_group: yolov8s
[2026-08-17 18:22:20.757] [1774872] [HailoRT] [info] [hef.cpp:1929] [get_network_group_and_network_name] No name was given. Addressing all networks of default network_group: yolov8s
[2026-08-17 18:22:20.786] [1774872] [HailoRT] [info] [vdevice.cpp:523] [create] Creating vdevice with params: device_count: 1, scheduling_algorithm: ROUND_ROBIN, multi_process_service: false
[2026-08-17 18:22:20.786] [1774872] [HailoRT] [info] [device.cpp:49] [Device] OS Version: Linux 6.12.34+rpt-rpi-2712 #1 SMP PREEMPT Debian 1:6.12.34-1+rpt1~bookworm (2025-06-26) aarch64
[2026-08-17 18:22:20.787] [1774872] [HailoRT] [info] [control.cpp:108] [control__parse_identify_results] firmware_version is: 4.20.0
[2026-08-17 18:22:20.811] [1774872] [HailoRT] [error] [vdevice.cpp:820] [create_devices] CHECK failed - Failed to create vdevice. there are not enough free devices. requested: 1, found: 0
[2026-08-17 18:22:20.811] [1774872] [HailoRT] [error] [vdevice.cpp:631] [create] CHECK_SUCCESS failed with status=HAILO_OUT_OF_PHYSICAL_DEVICES(74)
[2026-08-17 18:22:20.811] [1774872] [HailoRT] [error] [shared_resource_manager.hpp:81] [register_resource] CHECK_SUCCESS failed with status=HAILO_OUT_OF_PHYSICAL_DEVICES(74)
[2026-08-17 18:22:20.811] [1774872] [HailoRT] [error] [vdevice.cpp:132] [create] CHECK_SUCCESS failed with status=HAILO_OUT_OF_PHYSICAL_DEVICES(74)
[2026-08-17 18:22:20.811] [1774872] [HailoRT] [error] [vdevice.cpp:554] [create] CHECK_SUCCESS failed with status=HAILO_OUT_OF_PHYSICAL_DEVICES(74)
[2026-08-17 18:22:58.322] [1775423] [HailoRT] [info] [vdevice.cpp:523] [create] Creating vdevice with params: device_count: 1, scheduling_algorithm: ROUND_ROBIN, multi_process_service: false
[2026-08-17 18:22:58.334] [1775423] [HailoRT] [info] [device.cpp:49] [Device] OS Version: Linux 6.12.34+rpt-rpi-2712 #1 SMP PREEMPT Debian 1:6.12.34-1+rpt1~bookworm (2025-06-26) aarch64
[2026-08-17 18:22:58.336] [1775423] [HailoRT] [info] [control.cpp:108] [control__parse_identify_results] firmware_version is: 4.20.0
[2026-08-17 18:22:58.336] [1775423] [HailoRT] [info] [vdevice.cpp:651] [create] VDevice Infos: 0001:03:00.0
[2026-08-17 18:22:58.373] [1775423] [HailoRT] [info] [hef.cpp:1929] [get_network_group_and_network_name] No name was given. Addressing all networks of default network_group: yolov8s
[2026-08-17 18:22:58.373] [1775423] [HailoRT] [info] [hef.cpp:1929] [get_network_group_and_network_name] No name was given. Addressing all networks of default network_group: yolov8s
[2026-08-17 18:22:58.401] [1775423] [HailoRT] [info] [vdevice.cpp:523] [create] Creating vdevice with params: device_count: 1, scheduling_algorithm: ROUND_ROBIN, multi_process_service: false
[2026-08-17 18:22:58.402] [1775423] [HailoRT] [info] [device.cpp:49] [Device] OS Version: Linux 6.12.34+rpt-rpi-2712 #1 SMP PREEMPT Debian 1:6.12.34-1+rpt1~bookworm (2025-06-26) aarch64
[2026-08-17 18:22:58.403] [1775423] [HailoRT] [info] [control.cpp:108] [control__parse_identify_results] firmware_version is: 4.20.0
[2026-08-17 18:22:58.415] [1775423] [HailoRT] [error] [vdevice.cpp:820] [create_devices] CHECK failed - Failed to create vdevice. there are not enough free devices. requested: 1, found: 0
[2026-08-17 18:22:58.415] [1775423] [HailoRT] [error] [vdevice.cpp:631] [create] CHECK_SUCCESS failed with status=HAILO_OUT_OF_PHYSICAL_DEVICES(74)
[2026-08-17 18:22:58.415] [1775423] [HailoRT] [error] [shared_resource_manager.hpp:81] [register_resource] CHECK_SUCCESS failed with status=HAILO_OUT_OF_PHYSICAL_DEVICES(74)
[2026-08-17 18:22:58.415] [1775423] [HailoRT] [error] [vdevice.cpp:132] [create] CHECK_SUCCESS failed with status=HAILO_OUT_OF_PHYSICAL_DEVICES(74)
[2026-08-17 18:22:58.415] [1775423] [HailoRT] [error] [vdevice.cpp:554] [create] CHECK_SUCCESS failed with status=HAILO_OUT_OF_PHYSICAL_DEVICES(74)
[2026-08-17 18:29:02.623] [1777136] [HailoRT] [info] [vdevice.cpp:523] [create] Creating vdevice with params: device_count: 1, scheduling_algorithm: ROUND_ROBIN, multi_process_service: false
[2026-08-17 18:29:02.635] [1777136] [HailoRT] [info] [device.cpp:49] [Device] OS Version: Linux 6.12.34+rpt-rpi-2712 #1 SMP PREEMPT Debian 1:6.12.34-1+rpt1~bookworm (2025-06-26) aarch64
[2026-08-17 18:29:02.636] [1777136] [HailoRT] [info] [control.cpp:108] [control__parse_identify_results] firmware_version is: 4.20.0
[2026-08-17 18:29:02.636] [1777136] [HailoRT] [info] [vdevice.cpp:651] [create] VDevice Infos: 0001:03:00.0
[2026-08-17 18:29:02.674] [1777136] [HailoRT] [info] [hef.cpp:1929] [get_network_group_and_network_name] No name was given. Addressing all networks of default network_group: yolov8s
[2026-08-17 18:29:02.674] [1777136] [HailoRT] [info] [hef.cpp:1929] [get_network_group_and_network_name] No name was given. Addressing all networks of default network_group: yolov8s
[2026-08-17 18:29:02.701] [1777136] [HailoRT] [info] [vdevice.cpp:523] [create] Creating vdevice with params: device_count: 1, scheduling_algorithm: ROUND_ROBIN, multi_process_service: false
[2026-08-17 18:29:02.739] [1777136] [HailoRT] [info] [hef.cpp:1929] [get_network_group_and_network_name] No name was given. Addressing all networks of default network_group: yolov8s
[2026-08-17 18:29:02.739] [1777136] [HailoRT] [info] [hef.cpp:1929] [get_network_group_and_network_name] No name was given. Addressing all networks of default network_group: yolov8s
[2026-08-17 18:29:02.777] [1777136] [HailoRT] [info] [internal_buffer_manager.cpp:202] [print_execution_results] Default Internal buffer planner failed to meet requirements
[2026-08-17 18:29:02.777] [1777136] [HailoRT] [info] [internal_buffer_manager.cpp:212] [print_execution_results] Default Internal buffer planner executed successfully
[2026-08-17 18:29:02.788] [1777136] [HailoRT] [info] [device_internal.cpp:57] [configure] Configuring HEF took 19.544027 milliseconds
[2026-08-17 18:29:02.788] [1777136] [HailoRT] [info] [vdevice.cpp:749] [configure] Configuring HEF on VDevice took 20.072655 milliseconds
[2026-08-17 18:29:02.788] [1777136] [HailoRT] [info] [infer_model.cpp:436] [configure] Configuring network group 'yolov8s' with params: batch size: 0, power mode: PERFORMANCE, latency: NONE
[2026-08-17 18:29:02.788] [1777136] [HailoRT] [info] [multi_io_elements.cpp:756] [create] Created (AsyncHwEl)
[2026-08-17 18:29:02.788] [1777136] [HailoRT] [info] [queue_elements.cpp:450] [create] Created (EntryPushQEl0yolov8s/input_layer1 | timeout: 10s)
[2026-08-17 18:29:02.788] [1777136] [HailoRT] [info] [filter_elements.cpp:101] [create] Created (PreInferEl3yolov8s/input_layer1 | Reorder - src_order: RGB4, src_shape: (640, 640, 3), dst_order: NHCW, dst_shape: (640, 640, 3))
[2026-08-17 18:29:02.788] [1777136] [HailoRT] [info] [queue_elements.cpp:450] [create] Created (PushQEl3yolov8s/input_layer1 | timeout: 10s)
[2026-08-17 18:29:02.788] [1777136] [HailoRT] [info] [multi_io_elements.cpp:135] [create] Created (NmsPPMuxEl0YOLOV8-Post-Process | Op YOLOV8, Name: YOLOV8-Post-Process, Score threshold: 0.200, IoU threshold: 0.70, Classes: 80, Cross classes: false, NMS results order: BY_CLASS, Max bboxes per class: 100, Image height: 640, Image width: 640)
[2026-08-17 18:29:02.789] [1777136] [HailoRT] [info] [queue_elements.cpp:942] [create] Created (MultiPushQEl0YOLOV8-Post-Process | timeout: 10s)
[2026-08-17 18:29:02.789] [1777136] [HailoRT] [info] [edge_elements.cpp:187] [create] Created (LastAsyncEl0NmsPPMuxEl0YOLOV8-Post-Process)
[2026-08-17 18:29:02.789] [1777136] [HailoRT] [info] [pipeline.cpp:891] [print_deep_description] EntryPushQEl0yolov8s/input_layer1 | inputs: user | outputs: PreInferEl3yolov8s/input_layer1(running in thread_id: 1777410)
[2026-08-17 18:29:02.789] [1777136] [HailoRT] [info] [pipeline.cpp:891] [print_deep_description] PreInferEl3yolov8s/input_layer1 | inputs: EntryPushQEl0yolov8s/input_layer1[0] | outputs: PushQEl3yolov8s/input_layer1
[2026-08-17 18:29:02.789] [1777136] [HailoRT] [info] [pipeline.cpp:891] [print_deep_description] PushQEl3yolov8s/input_layer1 | inputs: PreInferEl3yolov8s/input_layer1[0] | outputs: AsyncHwEl(running in thread_id: 1777411)
[2026-08-17 18:29:02.789] [1777136] [HailoRT] [info] [pipeline.cpp:891] [print_deep_description] AsyncHwEl | inputs: PushQEl3yolov8s/input_layer1[0] | outputs: MultiPushQEl0YOLOV8-Post-Process MultiPushQEl0YOLOV8-Post-Process MultiPushQEl0YOLOV8-Post-Process MultiPushQEl0YOLOV8-Post-Process MultiPushQEl0YOLOV8-Post-Process MultiPushQEl0YOLOV8-Post-Process
[2026-08-17 18:29:02.789] [1777136] [HailoRT] [info] [pipeline.cpp:891] [print_deep_description] MultiPushQEl0YOLOV8-Post-Process | inputs: AsyncHwEl[0] AsyncHwEl[1] AsyncHwEl[2] AsyncHwEl[3] AsyncHwEl[4] AsyncHwEl[5] | outputs: NmsPPMuxEl0YOLOV8-Post-Process(running in thread_id: 1777412)
[2026-08-17 18:29:02.789] [1777136] [HailoRT] [info] [pipeline.cpp:891] [print_deep_description] NmsPPMuxEl0YOLOV8-Post-Process | inputs: MultiPushQEl0YOLOV8-Post-Process[0] | outputs: LastAsyncEl0NmsPPMuxEl0YOLOV8-Post-Process
[2026-08-17 18:29:02.789] [1777136] [HailoRT] [info] [pipeline.cpp:891] [print_deep_description] LastAsyncEl0NmsPPMuxEl0YOLOV8-Post-Process | inputs: NmsPPMuxEl0YOLOV8-Post-Process[0] | outputs: user
[2026-08-17 18:29:02.792] [1777136] [HailoRT] [info] [vdevice.cpp:749] [configure] Configuring HEF on VDevice took 0.312463 milliseconds
[2026-08-17 18:29:02.792] [1777136] [HailoRT] [info] [infer_model.cpp:436] [configure] Configuring network group 'yolov8s' with params: batch size: 0, power mode: PERFORMANCE, latency: NONE
[2026-08-17 18:29:02.792] [1777136] [HailoRT] [info] [multi_io_elements.cpp:756] [create] Created (AsyncHwEl)
[2026-08-17 18:29:02.792] [1777136] [HailoRT] [info] [queue_elements.cpp:450] [create] Created (EntryPushQEl0yolov8s/input_layer1 | timeout: 10s)
[2026-08-17 18:29:02.792] [1777136] [HailoRT] [info] [filter_elements.cpp:101] [create] Created (PreInferEl3yolov8s/input_layer1 | Reorder - src_order: RGB4, src_shape: (640, 640, 3), dst_order: NHCW, dst_shape: (640, 640, 3))
[2026-08-17 18:29:02.792] [1777136] [HailoRT] [info] [queue_elements.cpp:450] [create] Created (PushQEl3yolov8s/input_layer1 | timeout: 10s)
[2026-08-17 18:29:02.792] [1777136] [HailoRT] [info] [multi_io_elements.cpp:135] [create] Created (NmsPPMuxEl0YOLOV8-Post-Process | Op YOLOV8, Name: YOLOV8-Post-Process, Score threshold: 0.200, IoU threshold: 0.70, Classes: 80, Cross classes: false, NMS results order: BY_CLASS, Max bboxes per class: 100, Image height: 640, Image width: 640)
[2026-08-17 18:29:02.793] [1777136] [HailoRT] [info] [queue_elements.cpp:942] [create] Created (MultiPushQEl0YOLOV8-Post-Process | timeout: 10s)
[2026-08-17 18:29:02.793] [1777136] [HailoRT] [info] [edge_elements.cpp:187] [create] Created (LastAsyncEl0NmsPPMuxEl0YOLOV8-Post-Process)
[2026-08-17 18:29:02.793] [1777136] [HailoRT] [info] [pipeline.cpp:891] [print_deep_description] EntryPushQEl0yolov8s/input_layer1 | inputs: user | outputs: PreInferEl3yolov8s/input_layer1(running in thread_id: 1777413)
[2026-08-17 18:29:02.793] [1777136] [HailoRT] [info] [pipeline.cpp:891] [print_deep_description] PreInferEl3yolov8s/input_layer1 | inputs: EntryPushQEl0yolov8s/input_layer1[0] | outputs: PushQEl3yolov8s/input_layer1
[2026-08-17 18:29:02.793] [1777136] [HailoRT] [info] [pipeline.cpp:891] [print_deep_description] PushQEl3yolov8s/input_layer1 | inputs: PreInferEl3yolov8s/input_layer1[0] | outputs: AsyncHwEl(running in thread_id: 1777414)
[2026-08-17 18:29:02.793] [1777136] [HailoRT] [info] [pipeline.cpp:891] [print_deep_description] AsyncHwEl | inputs: PushQEl3yolov8s/input_layer1[0] | outputs: MultiPushQEl0YOLOV8-Post-Process MultiPushQEl0YOLOV8-Post-Process MultiPushQEl0YOLOV8-Post-Process MultiPushQEl0YOLOV8-Post-Process MultiPushQEl0YOLOV8-Post-Process MultiPushQEl0YOLOV8-Post-Process
[2026-08-17 18:29:02.793] [1777136] [HailoRT] [info] [pipeline.cpp:891] [print_deep_description] MultiPushQEl0YOLOV8-Post-Process | inputs: AsyncHwEl[0] AsyncHwEl[1] AsyncHwEl[2] AsyncHwEl[3] AsyncHwEl[4] AsyncHwEl[5] | outputs: NmsPPMuxEl0YOLOV8-Post-Process(running in thread_id: 1777415)
[2026-08-17 18:29:02.793] [1777136] [HailoRT] [info] [pipeline.cpp:891] [print_deep_description] NmsPPMuxEl0YOLOV8-Post-Process | inputs: MultiPushQEl0YOLOV8-Post-Process[0] | outputs: LastAsyncEl0NmsPPMuxEl0YOLOV8-Post-Process
[2026-08-17 18:29:02.793] [1777136] [HailoRT] [info] [pipeline.cpp:891] [print_deep_description] LastAsyncEl0NmsPPMuxEl0YOLOV8-Post-Process | inputs: NmsPPMuxEl0YOLOV8-Post-Process[0] | outputs: user
[2026-08-17 18:29:03.106] [1777398] [HailoRT] [info] [hef.cpp:1929] [get_network_group_and_network_name] No name was given. Addressing all networks of default network_group: yolov8s
[2026-08-17 18:29:03.190] [1777399] [HailoRT] [info] [hef.cpp:1929] [get_network_group_and_network_name] No name was given. Addressing all networks of default network_group: yolov8s
[2026-08-17 18:41:13.823] [1780245] [HailoRT] [info] [vdevice.cpp:523] [create] Creating vdevice with params: device_count: 1, scheduling_algorithm: ROUND_ROBIN, multi_process_service: false
[2026-08-17 18:41:13.835] [1780245] [HailoRT] [info] [device.cpp:49] [Device] OS Version: Linux 6.12.34+rpt-rpi-2712 #1 SMP PREEMPT Debian 1:6.12.34-1+rpt1~bookworm (2025-06-26) aarch64
[2026-08-17 18:41:13.836] [1780245] [HailoRT] [info] [control.cpp:108] [control__parse_identify_results] firmware_version is: 4.20.0
[2026-08-17 18:41:13.836] [1780245] [HailoRT] [info] [vdevice.cpp:651] [create] VDevice Infos: 0001:03:00.0
[2026-08-17 18:41:13.874] [1780245] [HailoRT] [info] [hef.cpp:1929] [get_network_group_and_network_name] No name was given. Addressing all networks of default network_group: yolov8s
[2026-08-17 18:41:13.874] [1780245] [HailoRT] [info] [hef.cpp:1929] [get_network_group_and_network_name] No name was given. Addressing all networks of default network_group: yolov8s
[2026-08-17 18:41:13.902] [1780245] [HailoRT] [info] [vdevice.cpp:523] [create] Creating vdevice with params: device_count: 1, scheduling_algorithm: ROUND_ROBIN, multi_process_service: false
[2026-08-17 18:41:13.940] [1780245] [HailoRT] [info] [hef.cpp:1929] [get_network_group_and_network_name] No name was given. Addressing all networks of default network_group: yolov8s
[2026-08-17 18:41:13.940] [1780245] [HailoRT] [info] [hef.cpp:1929] [get_network_group_and_network_name] No name was given. Addressing all networks of default network_group: yolov8s
[2026-08-17 18:41:13.976] [1780245] [HailoRT] [info] [internal_buffer_manager.cpp:202] [print_execution_results] Default Internal buffer planner failed to meet requirements
[2026-08-17 18:41:13.976] [1780245] [HailoRT] [info] [internal_buffer_manager.cpp:212] [print_execution_results] Default Internal buffer planner executed successfully
[2026-08-17 18:41:13.986] [1780245] [HailoRT] [info] [device_internal.cpp:57] [configure] Configuring HEF took 19.687367 milliseconds
[2026-08-17 18:41:13.986] [1780245] [HailoRT] [info] [vdevice.cpp:749] [configure] Configuring HEF on VDevice took 20.055959 milliseconds
[2026-08-17 18:41:13.986] [1780245] [HailoRT] [info] [infer_model.cpp:436] [configure] Configuring network group 'yolov8s' with params: batch size: 0, power mode: PERFORMANCE, latency: NONE
[2026-08-17 18:41:13.986] [1780245] [HailoRT] [info] [multi_io_elements.cpp:756] [create] Created (AsyncHwEl)
[2026-08-17 18:41:13.986] [1780245] [HailoRT] [info] [queue_elements.cpp:450] [create] Created (EntryPushQEl0yolov8s/input_layer1 | timeout: 10s)
[2026-08-17 18:41:13.986] [1780245] [HailoRT] [info] [filter_elements.cpp:101] [create] Created (PreInferEl3yolov8s/input_layer1 | Reorder - src_order: RGB4, src_shape: (640, 640, 3), dst_order: NHCW, dst_shape: (640, 640, 3))
[2026-08-17 18:41:13.987] [1780245] [HailoRT] [info] [queue_elements.cpp:450] [create] Created (PushQEl3yolov8s/input_layer1 | timeout: 10s)
[2026-08-17 18:41:13.987] [1780245] [HailoRT] [info] [multi_io_elements.cpp:135] [create] Created (NmsPPMuxEl0YOLOV8-Post-Process | Op YOLOV8, Name: YOLOV8-Post-Process, Score threshold: 0.200, IoU threshold: 0.70, Classes: 80, Cross classes: false, NMS results order: BY_CLASS, Max bboxes per class: 100, Image height: 640, Image width: 640)
[2026-08-17 18:41:13.987] [1780245] [HailoRT] [info] [queue_elements.cpp:942] [create] Created (MultiPushQEl0YOLOV8-Post-Process | timeout: 10s)
[2026-08-17 18:41:13.987] [1780245] [HailoRT] [info] [edge_elements.cpp:187] [create] Created (LastAsyncEl0NmsPPMuxEl0YOLOV8-Post-Process)
[2026-08-17 18:41:13.987] [1780245] [HailoRT] [info] [pipeline.cpp:891] [print_deep_description] EntryPushQEl0yolov8s/input_layer1 | inputs: user | outputs: PreInferEl3yolov8s/input_layer1(running in thread_id: 1780642)
[2026-08-17 18:41:13.987] [1780245] [HailoRT] [info] [pipeline.cpp:891] [print_deep_description] PreInferEl3yolov8s/input_layer1 | inputs: EntryPushQEl0yolov8s/input_layer1[0] | outputs: PushQEl3yolov8s/input_layer1
[2026-08-17 18:41:13.987] [1780245] [HailoRT] [info] [pipeline.cpp:891] [print_deep_description] PushQEl3yolov8s/input_layer1 | inputs: PreInferEl3yolov8s/input_layer1[0] | outputs: AsyncHwEl(running in thread_id: 1780643)
[2026-08-17 18:41:13.987] [1780245] [HailoRT] [info] [pipeline.cpp:891] [print_deep_description] AsyncHwEl | inputs: PushQEl3yolov8s/input_layer1[0] | outputs: MultiPushQEl0YOLOV8-Post-Process MultiPushQEl0YOLOV8-Post-Process MultiPushQEl0YOLOV8-Post-Process MultiPushQEl0YOLOV8-Post-Process MultiPushQEl0YOLOV8-Post-Process MultiPushQEl0YOLOV8-Post-Process
[2026-08-17 18:41:13.987] [1780245] [HailoRT] [info] [pipeline.cpp:891] [print_deep_description] MultiPushQEl0YOLOV8-Post-Process | inputs: AsyncHwEl[0] AsyncHwEl[1] AsyncHwEl[2] AsyncHwEl[3] AsyncHwEl[4] AsyncHwEl[5] | outputs: NmsPPMuxEl0YOLOV8-Post-Process(running in thread_id: 1780644)
[2026-08-17 18:41:13.987] [1780245] [HailoRT] [info] [pipeline.cpp:891] [print_deep_description] NmsPPMuxEl0YOLOV8-Post-Process | inputs: MultiPushQEl0YOLOV8-Post-Process[0] | outputs: LastAsyncEl0NmsPPMuxEl0YOLOV8-Post-Process
[2026-08-17 18:41:13.987] [1780245] [HailoRT] [info] [pipeline.cpp:891] [print_deep_description] LastAsyncEl0NmsPPMuxEl0YOLOV8-Post-Process | inputs: NmsPPMuxEl0YOLOV8-Post-Process[0] | outputs: user
[2026-08-17 18:41:13.989] [1780245] [HailoRT] [info] [vdevice.cpp:749] [configure] Configuring HEF on VDevice took 0.308611 milliseconds
[2026-08-17 18:41:13.990] [1780245] [HailoRT] [info] [infer_model.cpp:436] [configure] Configuring network group 'yolov8s' with params: batch size: 0, power mode: PERFORMANCE, latency: NONE
[2026-08-17 18:41:13.990] [1780245] [HailoRT] [info] [multi_io_elements.cpp:756] [create] Created (AsyncHwEl)
[2026-08-17 18:41:13.990] [1780245] [HailoRT] [info] [queue_elements.cpp:450] [create] Created (EntryPushQEl0yolov8s/input_layer1 | timeout: 10s)
[2026-08-17 18:41:13.990] [1780245] [HailoRT] [info] [filter_elements.cpp:101] [create] Created (PreInferEl3yolov8s/input_layer1 | Reorder - src_order: RGB4, src_shape: (640, 640, 3), dst_order: NHCW, dst_shape: (640, 640, 3))
[2026-08-17 18:41:13.990] [1780245] [HailoRT] [info] [queue_elements.cpp:450] [create] Created (PushQEl3yolov8s/input_layer1 | timeout: 10s)
[2026-08-17 18:41:13.990] [1780245] [HailoRT] [info] [multi_io_elements.cpp:135] [create] Created (NmsPPMuxEl0YOLOV8-Post-Process | Op YOLOV8, Name: YOLOV8-Post-Process, Score threshold: 0.200, IoU threshold: 0.70, Classes: 80, Cross classes: false, NMS results order: BY_CLASS, Max bboxes per class: 100, Image height: 640, Image width: 640)
[2026-08-17 18:41:13.990] [1780245] [HailoRT] [info] [queue_elements.cpp:942] [create] Created (MultiPushQEl0YOLOV8-Post-Process | timeout: 10s)
[2026-08-17 18:41:13.990] [1780245] [HailoRT] [info] [edge_elements.cpp:187] [create] Created (LastAsyncEl0NmsPPMuxEl0YOLOV8-Post-Process)
[2026-08-17 18:41:13.990] [1780245] [HailoRT] [info] [pipeline.cpp:891] [print_deep_description] EntryPushQEl0yolov8s/input_layer1 | inputs: user | outputs: PreInferEl3yolov8s/input_layer1(running in thread_id: 1780645)
[2026-08-17 18:41:13.990] [1780245] [HailoRT] [info] [pipeline.cpp:891] [print_deep_description] PreInferEl3yolov8s/input_layer1 | inputs: EntryPushQEl0yolov8s/input_layer1[0] | outputs: PushQEl3yolov8s/input_layer1
[2026-08-17 18:41:13.990] [1780245] [HailoRT] [info] [pipeline.cpp:891] [print_deep_description] PushQEl3yolov8s/input_layer1 | inputs: PreInferEl3yolov8s/input_layer1[0] | outputs: AsyncHwEl(running in thread_id: 1780646)
[2026-08-17 18:41:13.990] [1780245] [HailoRT] [info] [pipeline.cpp:891] [print_deep_description] AsyncHwEl | inputs: PushQEl3yolov8s/input_layer1[0] | outputs: MultiPushQEl0YOLOV8-Post-Process MultiPushQEl0YOLOV8-Post-Process MultiPushQEl0YOLOV8-Post-Process MultiPushQEl0YOLOV8-Post-Process MultiPushQEl0YOLOV8-Post-Process MultiPushQEl0YOLOV8-Post-Process
[2026-08-17 18:41:13.990] [1780245] [HailoRT] [info] [pipeline.cpp:891] [print_deep_description] MultiPushQEl0YOLOV8-Post-Process | inputs: AsyncHwEl[0] AsyncHwEl[1] AsyncHwEl[2] AsyncHwEl[3] AsyncHwEl[4] AsyncHwEl[5] | outputs: NmsPPMuxEl0YOLOV8-Post-Process(running in thread_id: 1780647)
[2026-08-17 18:41:13.990] [1780245] [HailoRT] [info] [pipeline.cpp:891] [print_deep_description] NmsPPMuxEl0YOLOV8-Post-Process | inputs: MultiPushQEl0YOLOV8-Post-Process[0] | outputs: LastAsyncEl0NmsPPMuxEl0YOLOV8-Post-Process
[2026-08-17 18:41:13.990] [1780245] [HailoRT] [info] [pipeline.cpp:891] [print_deep_description] LastAsyncEl0NmsPPMuxEl0YOLOV8-Post-Process | inputs: NmsPPMuxEl0YOLOV8-Post-Process[0] | outputs: user
[2026-08-17 18:41:14.330] [1780629] [HailoRT] [info] [hef.cpp:1929] [get_network_group_and_network_name] No name was given. Addressing all networks of default network_group: yolov8s
[2026-08-17 18:41:14.391] [1780631] [HailoRT] [info] [hef.cpp:1929] [get_network_group_and_network_name] No name was given. Addressing all networks of default network_group: yolov8s
[2026-08-17 18:42:16.241] [1780245] [HailoRT] [info] [async_infer_runner.cpp:86] [shutdown] Pipeline was aborted. Shutting it down
[2026-08-17 18:42:16.241] [1780245] [HailoRT] [info] [queue_elements.cpp:1131] [execute_deactivate] enqueue() in element MultiPushQEl0YOLOV8-Post-Process was aborted, got status = HAILO_SHUTDOWN_EVENT_SIGNALED(57)
[2026-08-17 18:42:16.241] [1780245] [HailoRT] [info] [queue_elements.cpp:1131] [execute_deactivate] enqueue() in element MultiPushQEl0YOLOV8-Post-Process was aborted, got status = HAILO_SHUTDOWN_EVENT_SIGNALED(57)
[2026-08-17 18:42:16.241] [1780245] [HailoRT] [info] [queue_elements.cpp:1131] [execute_deactivate] enqueue() in element MultiPushQEl0YOLOV8-Post-Process was aborted, got status = HAILO_SHUTDOWN_EVENT_SIGNALED(57)
[2026-08-17 18:42:16.241] [1780245] [HailoRT] [info] [queue_elements.cpp:1131] [execute_deactivate] enqueue() in element MultiPushQEl0YOLOV8-Post-Process was aborted, got status = HAILO_SHUTDOWN_EVENT_SIGNALED(57)
[2026-08-17 18:42:16.241] [1780245] [HailoRT] [info] [queue_elements.cpp:1131] [execute_deactivate] enqueue() in element MultiPushQEl0YOLOV8-Post-Process was aborted, got status = HAILO_SHUTDOWN_EVENT_SIGNALED(57)
[2026-08-17 18:42:16.241] [1780245] [HailoRT] [info] [queue_elements.cpp:1131] [execute_deactivate] enqueue() in element MultiPushQEl0YOLOV8-Post-Process was aborted, got status = HAILO_SHUTDOWN_EVENT_SIGNALED(57)
[2026-08-17 18:42:16.241] [1780245] [HailoRT] [info] [queue_elements.cpp:570] [execute_deactivate] enqueue() in element PushQEl3yolov8s/input_layer1 was aborted, got status = HAILO_SHUTDOWN_EVENT_SIGNALED(57)
[2026-08-17 18:42:16.241] [1780245] [HailoRT] [info] [queue_elements.cpp:570] [execute_deactivate] enqueue() in element EntryPushQEl0yolov8s/input_layer1 was aborted, got status = HAILO_SHUTDOWN_EVENT_SIGNALED(57)
[2026-08-17 18:42:16.241] [1780245] [HailoRT] [info] [queue_elements.cpp:46] [~BaseQueueElement] Queue element EntryPushQEl0yolov8s/input_layer1 has 0 frames in his Queue on destruction
[2026-08-17 18:42:16.241] [1780245] [HailoRT] [info] [queue_elements.cpp:46] [~BaseQueueElement] Queue element PushQEl3yolov8s/input_layer1 has 0 frames in his Queue on destruction
[2026-08-17 18:42:16.242] [1780245] [HailoRT] [info] [async_infer_runner.cpp:86] [shutdown] Pipeline was aborted. Shutting it down
[2026-08-17 18:42:16.247] [1780245] [HailoRT] [info] [queue_elements.cpp:1131] [execute_deactivate] enqueue() in element MultiPushQEl0YOLOV8-Post-Process was aborted, got status = HAILO_SHUTDOWN_EVENT_SIGNALED(57)
[2026-08-17 18:42:16.247] [1780245] [HailoRT] [info] [queue_elements.cpp:1131] [execute_deactivate] enqueue() in element MultiPushQEl0YOLOV8-Post-Process was aborted, got status = HAILO_SHUTDOWN_EVENT_SIGNALED(57)
[2026-08-17 18:42:16.247] [1780245] [HailoRT] [info] [queue_elements.cpp:1131] [execute_deactivate] enqueue() in element MultiPushQEl0YOLOV8-Post-Process was aborted, got status = HAILO_SHUTDOWN_EVENT_SIGNALED(57)
[2026-08-17 18:42:16.247] [1780245] [HailoRT] [info] [queue_elements.cpp:1131] [execute_deactivate] enqueue() in element MultiPushQEl0YOLOV8-Post-Process was aborted, got status = HAILO_SHUTDOWN_EVENT_SIGNALED(57)
[2026-08-17 18:42:16.247] [1780245] [HailoRT] [info] [queue_elements.cpp:1131] [execute_deactivate] enqueue() in element MultiPushQEl0YOLOV8-Post-Process was aborted, got status = HAILO_SHUTDOWN_EVENT_SIGNALED(57)
[2026-08-17 18:42:16.247] [1780245] [HailoRT] [info] [queue_elements.cpp:1131] [execute_deactivate] enqueue() in element MultiPushQEl0YOLOV8-Post-Process was aborted, got status = HAILO_SHUTDOWN_EVENT_SIGNALED(57)
[2026-08-17 18:42:16.247] [1780245] [HailoRT] [info] [queue_elements.cpp:570] [execute_deactivate] enqueue() in element PushQEl3yolov8s/input_layer1 was aborted, got status = HAILO_SHUTDOWN_EVENT_SIGNALED(57)
[2026-08-17 18:42:16.247] [1780245] [HailoRT] [info] [queue_elements.cpp:570] [execute_deactivate] enqueue() in element EntryPushQEl0yolov8s/input_layer1 was aborted, got status = HAILO_SHUTDOWN_EVENT_SIGNALED(57)
[2026-08-17 18:42:16.247] [1780245] [HailoRT] [info] [queue_elements.cpp:46] [~BaseQueueElement] Queue element EntryPushQEl0yolov8s/input_layer1 has 0 frames in his Queue on destruction
[2026-08-17 18:42:16.247] [1780245] [HailoRT] [info] [queue_elements.cpp:46] [~BaseQueueElement] Queue element PushQEl3yolov8s/input_layer1 has 0 frames in his Queue on destruction
[2026-08-17 18:42:16.342] [1780245] [HailoRT] [info] [vdevice.cpp:523] [create] Creating vdevice with params: device_count: 1, scheduling_algorithm: ROUND_ROBIN, multi_process_service: false
[2026-08-17 18:42:16.354] [1780245] [HailoRT] [info] [device.cpp:49] [Device] OS Version: Linux 6.12.34+rpt-rpi-2712 #1 SMP PREEMPT Debian 1:6.12.34-1+rpt1~bookworm (2025-06-26) aarch64
[2026-08-17 18:42:16.356] [1780245] [HailoRT] [info] [control.cpp:108] [control__parse_identify_results] firmware_version is: 4.20.0
[2026-08-17 18:42:16.356] [1780245] [HailoRT] [info] [vdevice.cpp:651] [create] VDevice Infos: 0001:03:00.0
[2026-08-17 18:42:16.392] [1780245] [HailoRT] [info] [hef.cpp:1929] [get_network_group_and_network_name] No name was given. Addressing all networks of default network_group: yolov8s
[2026-08-17 18:42:16.392] [1780245] [HailoRT] [info] [hef.cpp:1929] [get_network_group_and_network_name] No name was given. Addressing all networks of default network_group: yolov8s
[2026-08-17 18:42:16.421] [1780245] [HailoRT] [info] [vdevice.cpp:523] [create] Creating vdevice with params: device_count: 1, scheduling_algorithm: ROUND_ROBIN, multi_process_service: false
[2026-08-17 18:42:16.458] [1780245] [HailoRT] [info] [hef.cpp:1929] [get_network_group_and_network_name] No name was given. Addressing all networks of default network_group: yolov8s
[2026-08-17 18:42:16.458] [1780245] [HailoRT] [info] [hef.cpp:1929] [get_network_group_and_network_name] No name was given. Addressing all networks of default network_group: yolov8s
[2026-08-17 18:42:16.488] [1780245] [HailoRT] [info] [internal_buffer_manager.cpp:202] [print_execution_results] Default Internal buffer planner failed to meet requirements
[2026-08-17 18:42:16.488] [1780245] [HailoRT] [info] [internal_buffer_manager.cpp:212] [print_execution_results] Default Internal buffer planner executed successfully
[2026-08-17 18:42:16.499] [1780245] [HailoRT] [info] [device_internal.cpp:57] [configure] Configuring HEF took 17.387415 milliseconds
[2026-08-17 18:42:16.499] [1780245] [HailoRT] [info] [vdevice.cpp:749] [configure] Configuring HEF on VDevice took 17.74723 milliseconds
[2026-08-17 18:42:16.499] [1780245] [HailoRT] [info] [infer_model.cpp:436] [configure] Configuring network group 'yolov8s' with params: batch size: 0, power mode: PERFORMANCE, latency: NONE
[2026-08-17 18:42:16.499] [1780245] [HailoRT] [info] [multi_io_elements.cpp:756] [create] Created (AsyncHwEl)
[2026-08-17 18:42:16.499] [1780245] [HailoRT] [info] [queue_elements.cpp:450] [create] Created (EntryPushQEl0yolov8s/input_layer1 | timeout: 10s)
[2026-08-17 18:42:16.499] [1780245] [HailoRT] [info] [filter_elements.cpp:101] [create] Created (PreInferEl3yolov8s/input_layer1 | Reorder - src_order: RGB4, src_shape: (640, 640, 3), dst_order: NHCW, dst_shape: (640, 640, 3))
[2026-08-17 18:42:16.499] [1780245] [HailoRT] [info] [queue_elements.cpp:450] [create] Created (PushQEl3yolov8s/input_layer1 | timeout: 10s)
[2026-08-17 18:42:16.499] [1780245] [HailoRT] [info] [multi_io_elements.cpp:135] [create] Created (NmsPPMuxEl0YOLOV8-Post-Process | Op YOLOV8, Name: YOLOV8-Post-Process, Score threshold: 0.200, IoU threshold: 0.70, Classes: 80, Cross classes: false, NMS results order: BY_CLASS, Max bboxes per class: 100, Image height: 640, Image width: 640)
[2026-08-17 18:42:16.499] [1780245] [HailoRT] [info] [queue_elements.cpp:942] [create] Created (MultiPushQEl0YOLOV8-Post-Process | timeout: 10s)
[2026-08-17 18:42:16.499] [1780245] [HailoRT] [info] [edge_elements.cpp:187] [create] Created (LastAsyncEl0NmsPPMuxEl0YOLOV8-Post-Process)
[2026-08-17 18:42:16.499] [1780245] [HailoRT] [info] [pipeline.cpp:891] [print_deep_description] EntryPushQEl0yolov8s/input_layer1 | inputs: user | outputs: PreInferEl3yolov8s/input_layer1(running in thread_id: 1781258)
[2026-08-17 18:42:16.499] [1780245] [HailoRT] [info] [pipeline.cpp:891] [print_deep_description] PreInferEl3yolov8s/input_layer1 | inputs: EntryPushQEl0yolov8s/input_layer1[0] | outputs: PushQEl3yolov8s/input_layer1
[2026-08-17 18:42:16.499] [1780245] [HailoRT] [info] [pipeline.cpp:891] [print_deep_description] PushQEl3yolov8s/input_layer1 | inputs: PreInferEl3yolov8s/input_layer1[0] | outputs: AsyncHwEl(running in thread_id: 1781259)
[2026-08-17 18:42:16.499] [1780245] [HailoRT] [info] [pipeline.cpp:891] [print_deep_description] AsyncHwEl | inputs: PushQEl3yolov8s/input_layer1[0] | outputs: MultiPushQEl0YOLOV8-Post-Process MultiPushQEl0YOLOV8-Post-Process MultiPushQEl0YOLOV8-Post-Process MultiPushQEl0YOLOV8-Post-Process MultiPushQEl0YOLOV8-Post-Process MultiPushQEl0YOLOV8-Post-Process
[2026-08-17 18:42:16.499] [1780245] [HailoRT] [info] [pipeline.cpp:891] [print_deep_description] MultiPushQEl0YOLOV8-Post-Process | inputs: AsyncHwEl[0] AsyncHwEl[1] AsyncHwEl[2] AsyncHwEl[3] AsyncHwEl[4] AsyncHwEl[5] | outputs: NmsPPMuxEl0YOLOV8-Post-Process(running in thread_id: 1781260)
[2026-08-17 18:42:16.499] [1780245] [HailoRT] [info] [pipeline.cpp:891] [print_deep_description] NmsPPMuxEl0YOLOV8-Post-Process | inputs: MultiPushQEl0YOLOV8-Post-Process[0] | outputs: LastAsyncEl0NmsPPMuxEl0YOLOV8-Post-Process
[2026-08-17 18:42:16.499] [1780245] [HailoRT] [info] [pipeline.cpp:891] [print_deep_description] LastAsyncEl0NmsPPMuxEl0YOLOV8-Post-Process | inputs: NmsPPMuxEl0YOLOV8-Post-Process[0] | outputs: user
[2026-08-17 18:42:16.503] [1780245] [HailoRT] [info] [vdevice.cpp:749] [configure] Configuring HEF on VDevice took 1.149687 milliseconds
[2026-08-17 18:42:16.503] [1780245] [HailoRT] [info] [infer_model.cpp:436] [configure] Configuring network group 'yolov8s' with params: batch size: 0, power mode: PERFORMANCE, latency: NONE
[2026-08-17 18:42:16.503] [1780245] [HailoRT] [info] [multi_io_elements.cpp:756] [create] Created (AsyncHwEl)
[2026-08-17 18:42:16.503] [1780245] [HailoRT] [info] [queue_elements.cpp:450] [create] Created (EntryPushQEl0yolov8s/input_layer1 | timeout: 10s)
[2026-08-17 18:42:16.503] [1780245] [HailoRT] [info] [filter_elements.cpp:101] [create] Created (PreInferEl3yolov8s/input_layer1 | Reorder - src_order: RGB4, src_shape: (640, 640, 3), dst_order: NHCW, dst_shape: (640, 640, 3))
[2026-08-17 18:42:16.503] [1780245] [HailoRT] [info] [queue_elements.cpp:450] [create] Created (PushQEl3yolov8s/input_layer1 | timeout: 10s)
[2026-08-17 18:42:16.503] [1780245] [HailoRT] [info] [multi_io_elements.cpp:135] [create] Created (NmsPPMuxEl0YOLOV8-Post-Process | Op YOLOV8, Name: YOLOV8-Post-Process, Score threshold: 0.200, IoU threshold: 0.70, Classes: 80, Cross classes: false, NMS results order: BY_CLASS, Max bboxes per class: 100, Image height: 640, Image width: 640)
[2026-08-17 18:42:16.503] [1780245] [HailoRT] [info] [queue_elements.cpp:942] [create] Created (MultiPushQEl0YOLOV8-Post-Process | timeout: 10s)
[2026-08-17 18:42:16.503] [1780245] [HailoRT] [info] [edge_elements.cpp:187] [create] Created (LastAsyncEl0NmsPPMuxEl0YOLOV8-Post-Process)
[2026-08-17 18:42:16.503] [1780245] [HailoRT] [info] [pipeline.cpp:891] [print_deep_description] EntryPushQEl0yolov8s/input_layer1 | inputs: user | outputs: PreInferEl3yolov8s/input_layer1(running in thread_id: 1781261)
[2026-08-17 18:42:16.503] [1780245] [HailoRT] [info] [pipeline.cpp:891] [print_deep_description] PreInferEl3yolov8s/input_layer1 | inputs: EntryPushQEl0yolov8s/input_layer1[0] | outputs: PushQEl3yolov8s/input_layer1
[2026-08-17 18:42:16.503] [1780245] [HailoRT] [info] [pipeline.cpp:891] [print_deep_description] PushQEl3yolov8s/input_layer1 | inputs: PreInferEl3yolov8s/input_layer1[0] | outputs: AsyncHwEl(running in thread_id: 1781262)
[2026-08-17 18:42:16.503] [1780245] [HailoRT] [info] [pipeline.cpp:891] [print_deep_description] AsyncHwEl | inputs: PushQEl3yolov8s/input_layer1[0] | outputs: MultiPushQEl0YOLOV8-Post-Process MultiPushQEl0YOLOV8-Post-Process MultiPushQEl0YOLOV8-Post-Process MultiPushQEl0YOLOV8-Post-Process MultiPushQEl0YOLOV8-Post-Process MultiPushQEl0YOLOV8-Post-Process
[2026-08-17 18:42:16.503] [1780245] [HailoRT] [info] [pipeline.cpp:891] [print_deep_description] MultiPushQEl0YOLOV8-Post-Process | inputs: AsyncHwEl[0] AsyncHwEl[1] AsyncHwEl[2] AsyncHwEl[3] AsyncHwEl[4] AsyncHwEl[5] | outputs: NmsPPMuxEl0YOLOV8-Post-Process(running in thread_id: 1781263)
[2026-08-17 18:42:16.503] [1780245] [HailoRT] [info] [pipeline.cpp:891] [print_deep_description] NmsPPMuxEl0YOLOV8-Post-Process | inputs: MultiPushQEl0YOLOV8-Post-Process[0] | outputs: LastAsyncEl0NmsPPMuxEl0YOLOV8-Post-Process
[2026-08-17 18:42:16.503] [1780245] [HailoRT] [info] [pipeline.cpp:891] [print_deep_description] LastAsyncEl0NmsPPMuxEl0YOLOV8-Post-Process | inputs: NmsPPMuxEl0YOLOV8-Post-Process[0] | outputs: user
[2026-08-17 18:42:16.805] [1780629] [HailoRT] [info] [hef.cpp:1929] [get_network_group_and_network_name] No name was given. Addressing all networks of default network_group: yolov8s
[2026-08-17 18:42:16.924] [1780632] [HailoRT] [info] [hef.cpp:1929] [get_network_group_and_network_name] No name was given. Addressing all networks of default network_group: yolov8s
[2026-08-17 18:42:33.115] [1780245] [HailoRT] [info] [async_infer_runner.cpp:86] [shutdown] Pipeline was aborted. Shutting it down
[2026-08-17 18:42:33.116] [1780245] [HailoRT] [info] [queue_elements.cpp:1131] [execute_deactivate] enqueue() in element MultiPushQEl0YOLOV8-Post-Process was aborted, got status = HAILO_SHUTDOWN_EVENT_SIGNALED(57)
[2026-08-17 18:42:33.116] [1780245] [HailoRT] [info] [queue_elements.cpp:1131] [execute_deactivate] enqueue() in element MultiPushQEl0YOLOV8-Post-Process was aborted, got status = HAILO_SHUTDOWN_EVENT_SIGNALED(57)
[2026-08-17 18:42:33.116] [1780245] [HailoRT] [info] [queue_elements.cpp:1131] [execute_deactivate] enqueue() in element MultiPushQEl0YOLOV8-Post-Process was aborted, got status = HAILO_SHUTDOWN_EVENT_SIGNALED(57)
[2026-08-17 18:42:33.116] [1780245] [HailoRT] [info] [queue_elements.cpp:1131] [execute_deactivate] enqueue() in element MultiPushQEl0YOLOV8-Post-Process was aborted, got status = HAILO_SHUTDOWN_EVENT_SIGNALED(57)
[2026-08-17 18:42:33.116] [1780245] [HailoRT] [info] [queue_elements.cpp:1131] [execute_deactivate] enqueue() in element MultiPushQEl0YOLOV8-Post-Process was aborted, got status = HAILO_SHUTDOWN_EVENT_SIGNALED(57)
[2026-08-17 18:42:33.116] [1780245] [HailoRT] [info] [queue_elements.cpp:1131] [execute_deactivate] enqueue() in element MultiPushQEl0YOLOV8-Post-Process was aborted, got status = HAILO_SHUTDOWN_EVENT_SIGNALED(57)
[2026-08-17 18:42:33.116] [1780245] [HailoRT] [info] [queue_elements.cpp:570] [execute_deactivate] enqueue() in element PushQEl3yolov8s/input_layer1 was aborted, got status = HAILO_SHUTDOWN_EVENT_SIGNALED(57)
[2026-08-17 18:42:33.116] [1780245] [HailoRT] [info] [queue_elements.cpp:570] [execute_deactivate] enqueue() in element EntryPushQEl0yolov8s/input_layer1 was aborted, got status = HAILO_SHUTDOWN_EVENT_SIGNALED(57)
[2026-08-17 18:42:33.116] [1780245] [HailoRT] [info] [queue_elements.cpp:46] [~BaseQueueElement] Queue element EntryPushQEl0yolov8s/input_layer1 has 0 frames in his Queue on destruction
[2026-08-17 18:42:33.116] [1780245] [HailoRT] [info] [queue_elements.cpp:46] [~BaseQueueElement] Queue element PushQEl3yolov8s/input_layer1 has 0 frames in his Queue on destruction
[2026-08-17 18:42:33.118] [1780245] [HailoRT] [info] [async_infer_runner.cpp:86] [shutdown] Pipeline was aborted. Shutting it down
[2026-08-17 18:42:33.121] [1780245] [HailoRT] [info] [queue_elements.cpp:1131] [execute_deactivate] enqueue() in element MultiPushQEl0YOLOV8-Post-Process was aborted, got status = HAILO_SHUTDOWN_EVENT_SIGNALED(57)
[2026-08-17 18:42:33.121] [1780245] [HailoRT] [info] [queue_elements.cpp:1131] [execute_deactivate] enqueue() in element MultiPushQEl0YOLOV8-Post-Process was aborted, got status = HAILO_SHUTDOWN_EVENT_SIGNALED(57)
[2026-08-17 18:42:33.121] [1780245] [HailoRT] [info] [queue_elements.cpp:1131] [execute_deactivate] enqueue() in element MultiPushQEl0YOLOV8-Post-Process was aborted, got status = HAILO_SHUTDOWN_EVENT_SIGNALED(57)
[2026-08-17 18:42:33.121] [1780245] [HailoRT] [info] [queue_elements.cpp:1131] [execute_deactivate] enqueue() in element MultiPushQEl0YOLOV8-Post-Process was aborted, got status = HAILO_SHUTDOWN_EVENT_SIGNALED(57)
[2026-08-17 18:42:33.121] [1780245] [HailoRT] [info] [queue_elements.cpp:1131] [execute_deactivate] enqueue() in element MultiPushQEl0YOLOV8-Post-Process was aborted, got status = HAILO_SHUTDOWN_EVENT_SIGNALED(57)
[2026-08-17 18:42:33.121] [1780245] [HailoRT] [info] [queue_elements.cpp:1131] [execute_deactivate] enqueue() in element MultiPushQEl0YOLOV8-Post-Process was aborted, got status = HAILO_SHUTDOWN_EVENT_SIGNALED(57)
[2026-08-17 18:42:33.121] [1780245] [HailoRT] [info] [queue_elements.cpp:570] [execute_deactivate] enqueue() in element PushQEl3yolov8s/input_layer1 was aborted, got status = HAILO_SHUTDOWN_EVENT_SIGNALED(57)
[2026-08-17 18:42:33.121] [1780245] [HailoRT] [info] [queue_elements.cpp:570] [execute_deactivate] enqueue() in element EntryPushQEl0yolov8s/input_layer1 was aborted, got status = HAILO_SHUTDOWN_EVENT_SIGNALED(57)
[2026-08-17 18:42:33.121] [1780245] [HailoRT] [info] [queue_elements.cpp:46] [~BaseQueueElement] Queue element EntryPushQEl0yolov8s/input_layer1 has 0 frames in his Queue on destruction
[2026-08-17 18:42:33.121] [1780245] [HailoRT] [info] [queue_elements.cpp:46] [~BaseQueueElement] Queue element PushQEl3yolov8s/input_layer1 has 0 frames in his Queue on destruction
[2026-08-17 18:42:33.190] [1780245] [HailoRT] [info] [vdevice.cpp:523] [create] Creating vdevice with params: device_count: 1, scheduling_algorithm: ROUND_ROBIN, multi_process_service: false
[2026-08-17 18:42:33.203] [1780245] [HailoRT] [info] [device.cpp:49] [Device] OS Version: Linux 6.12.34+rpt-rpi-2712 #1 SMP PREEMPT Debian 1:6.12.34-1+rpt1~bookworm (2025-06-26) aarch64
[2026-08-17 18:42:33.204] [1780245] [HailoRT] [info] [control.cpp:108] [control__parse_identify_results] firmware_version is: 4.20.0
[2026-08-17 18:42:33.204] [1780245] [HailoRT] [info] [vdevice.cpp:651] [create] VDevice Infos: 0001:03:00.0
[2026-08-17 18:42:33.241] [1780245] [HailoRT] [info] [hef.cpp:1929] [get_network_group_and_network_name] No name was given. Addressing all networks of default network_group: yolov8s
[2026-08-17 18:42:33.241] [1780245] [HailoRT] [info] [hef.cpp:1929] [get_network_group_and_network_name] No name was given. Addressing all networks of default network_group: yolov8s
[2026-08-17 18:42:33.270] [1780245] [HailoRT] [info] [vdevice.cpp:523] [create] Creating vdevice with params: device_count: 1, scheduling_algorithm: ROUND_ROBIN, multi_process_service: false
[2026-08-17 18:42:33.308] [1780245] [HailoRT] [info] [hef.cpp:1929] [get_network_group_and_network_name] No name was given. Addressing all networks of default network_group: yolov8s
[2026-08-17 18:42:33.308] [1780245] [HailoRT] [info] [hef.cpp:1929] [get_network_group_and_network_name] No name was given. Addressing all networks of default network_group: yolov8s
[2026-08-17 18:42:33.344] [1780245] [HailoRT] [info] [internal_buffer_manager.cpp:202] [print_execution_results] Default Internal buffer planner failed to meet requirements
[2026-08-17 18:42:33.344] [1780245] [HailoRT] [info] [internal_buffer_manager.cpp:212] [print_execution_results] Default Internal buffer planner executed successfully
[2026-08-17 18:42:33.354] [1780245] [HailoRT] [info] [device_internal.cpp:57] [configure] Configuring HEF took 19.278694 milliseconds
[2026-08-17 18:42:33.354] [1780245] [HailoRT] [info] [vdevice.cpp:749] [configure] Configuring HEF on VDevice took 19.640583 milliseconds
[2026-08-17 18:42:33.354] [1780245] [HailoRT] [info] [infer_model.cpp:436] [configure] Configuring network group 'yolov8s' with params: batch size: 0, power mode: PERFORMANCE, latency: NONE
[2026-08-17 18:42:33.354] [1780245] [HailoRT] [info] [multi_io_elements.cpp:756] [create] Created (AsyncHwEl)
[2026-08-17 18:42:33.354] [1780245] [HailoRT] [info] [queue_elements.cpp:450] [create] Created (EntryPushQEl0yolov8s/input_layer1 | timeout: 10s)
[2026-08-17 18:42:33.354] [1780245] [HailoRT] [info] [filter_elements.cpp:101] [create] Created (PreInferEl3yolov8s/input_layer1 | Reorder - src_order: RGB4, src_shape: (640, 640, 3), dst_order: NHCW, dst_shape: (640, 640, 3))
[2026-08-17 18:42:33.355] [1780245] [HailoRT] [info] [queue_elements.cpp:450] [create] Created (PushQEl3yolov8s/input_layer1 | timeout: 10s)
[2026-08-17 18:42:33.355] [1780245] [HailoRT] [info] [multi_io_elements.cpp:135] [create] Created (NmsPPMuxEl0YOLOV8-Post-Process | Op YOLOV8, Name: YOLOV8-Post-Process, Score threshold: 0.200, IoU threshold: 0.70, Classes: 80, Cross classes: false, NMS results order: BY_CLASS, Max bboxes per class: 100, Image height: 640, Image width: 640)
[2026-08-17 18:42:33.355] [1780245] [HailoRT] [info] [queue_elements.cpp:942] [create] Created (MultiPushQEl0YOLOV8-Post-Process | timeout: 10s)
[2026-08-17 18:42:33.355] [1780245] [HailoRT] [info] [edge_elements.cpp:187] [create] Created (LastAsyncEl0NmsPPMuxEl0YOLOV8-Post-Process)
[2026-08-17 18:42:33.355] [1780245] [HailoRT] [info] [pipeline.cpp:891] [print_deep_description] EntryPushQEl0yolov8s/input_layer1 | inputs: user | outputs: PreInferEl3yolov8s/input_layer1(running in thread_id: 1781515)
[2026-08-17 18:42:33.355] [1780245] [HailoRT] [info] [pipeline.cpp:891] [print_deep_description] PreInferEl3yolov8s/input_layer1 | inputs: EntryPushQEl0yolov8s/input_layer1[0] | outputs: PushQEl3yolov8s/input_layer1
[2026-08-17 18:42:33.355] [1780245] [HailoRT] [info] [pipeline.cpp:891] [print_deep_description] PushQEl3yolov8s/input_layer1 | inputs: PreInferEl3yolov8s/input_layer1[0] | outputs: AsyncHwEl(running in thread_id: 1781516)
[2026-08-17 18:42:33.355] [1780245] [HailoRT] [info] [pipeline.cpp:891] [print_deep_description] AsyncHwEl | inputs: PushQEl3yolov8s/input_layer1[0] | outputs: MultiPushQEl0YOLOV8-Post-Process MultiPushQEl0YOLOV8-Post-Process MultiPushQEl0YOLOV8-Post-Process MultiPushQEl0YOLOV8-Post-Process MultiPushQEl0YOLOV8-Post-Process MultiPushQEl0YOLOV8-Post-Process
[2026-08-17 18:42:33.355] [1780245] [HailoRT] [info] [pipeline.cpp:891] [print_deep_description] MultiPushQEl0YOLOV8-Post-Process | inputs: AsyncHwEl[0] AsyncHwEl[1] AsyncHwEl[2] AsyncHwEl[3] AsyncHwEl[4] AsyncHwEl[5] | outputs: NmsPPMuxEl0YOLOV8-Post-Process(running in thread_id: 1781517)
[2026-08-17 18:42:33.355] [1780245] [HailoRT] [info] [pipeline.cpp:891] [print_deep_description] NmsPPMuxEl0YOLOV8-Post-Process | inputs: MultiPushQEl0YOLOV8-Post-Process[0] | outputs: LastAsyncEl0NmsPPMuxEl0YOLOV8-Post-Process
[2026-08-17 18:42:33.355] [1780245] [HailoRT] [info] [pipeline.cpp:891] [print_deep_description] LastAsyncEl0NmsPPMuxEl0YOLOV8-Post-Process | inputs: NmsPPMuxEl0YOLOV8-Post-Process[0] | outputs: user
[2026-08-17 18:42:33.357] [1780245] [HailoRT] [info] [vdevice.cpp:749] [configure] Configuring HEF on VDevice took 0.307908 milliseconds
[2026-08-17 18:42:33.357] [1780245] [HailoRT] [info] [infer_model.cpp:436] [configure] Configuring network group 'yolov8s' with params: batch size: 0, power mode: PERFORMANCE, latency: NONE
[2026-08-17 18:42:33.357] [1780245] [HailoRT] [info] [multi_io_elements.cpp:756] [create] Created (AsyncHwEl)
[2026-08-17 18:42:33.357] [1780245] [HailoRT] [info] [queue_elements.cpp:450] [create] Created (EntryPushQEl0yolov8s/input_layer1 | timeout: 10s)
[2026-08-17 18:42:33.357] [1780245] [HailoRT] [info] [filter_elements.cpp:101] [create] Created (PreInferEl3yolov8s/input_layer1 | Reorder - src_order: RGB4, src_shape: (640, 640, 3), dst_order: NHCW, dst_shape: (640, 640, 3))
[2026-08-17 18:42:33.358] [1780245] [HailoRT] [info] [queue_elements.cpp:450] [create] Created (PushQEl3yolov8s/input_layer1 | timeout: 10s)
[2026-08-17 18:42:33.358] [1780245] [HailoRT] [info] [multi_io_elements.cpp:135] [create] Created (NmsPPMuxEl0YOLOV8-Post-Process | Op YOLOV8, Name: YOLOV8-Post-Process, Score threshold: 0.200, IoU threshold: 0.70, Classes: 80, Cross classes: false, NMS results order: BY_CLASS, Max bboxes per class: 100, Image height: 640, Image width: 640)
[2026-08-17 18:42:33.358] [1780245] [HailoRT] [info] [queue_elements.cpp:942] [create] Created (MultiPushQEl0YOLOV8-Post-Process | timeout: 10s)
[2026-08-17 18:42:33.358] [1780245] [HailoRT] [info] [edge_elements.cpp:187] [create] Created (LastAsyncEl0NmsPPMuxEl0YOLOV8-Post-Process)
[2026-08-17 18:42:33.358] [1780245] [HailoRT] [info] [pipeline.cpp:891] [print_deep_description] EntryPushQEl0yolov8s/input_layer1 | inputs: user | outputs: PreInferEl3yolov8s/input_layer1(running in thread_id: 1781518)
[2026-08-17 18:42:33.358] [1780245] [HailoRT] [info] [pipeline.cpp:891] [print_deep_description] PreInferEl3yolov8s/input_layer1 | inputs: EntryPushQEl0yolov8s/input_layer1[0] | outputs: PushQEl3yolov8s/input_layer1
[2026-08-17 18:42:33.358] [1780245] [HailoRT] [info] [pipeline.cpp:891] [print_deep_description] PushQEl3yolov8s/input_layer1 | inputs: PreInferEl3yolov8s/input_layer1[0] | outputs: AsyncHwEl(running in thread_id: 1781519)
[2026-08-17 18:42:33.358] [1780245] [HailoRT] [info] [pipeline.cpp:891] [print_deep_description] AsyncHwEl | inputs: PushQEl3yolov8s/input_layer1[0] | outputs: MultiPushQEl0YOLOV8-Post-Process MultiPushQEl0YOLOV8-Post-Process MultiPushQEl0YOLOV8-Post-Process MultiPushQEl0YOLOV8-Post-Process MultiPushQEl0YOLOV8-Post-Process MultiPushQEl0YOLOV8-Post-Process
[2026-08-17 18:42:33.358] [1780245] [HailoRT] [info] [pipeline.cpp:891] [print_deep_description] MultiPushQEl0YOLOV8-Post-Process | inputs: AsyncHwEl[0] AsyncHwEl[1] AsyncHwEl[2] AsyncHwEl[3] AsyncHwEl[4] AsyncHwEl[5] | outputs: NmsPPMuxEl0YOLOV8-Post-Process(running in thread_id: 1781520)
[2026-08-17 18:42:33.358] [1780245] [HailoRT] [info] [pipeline.cpp:891] [print_deep_description] NmsPPMuxEl0YOLOV8-Post-Process | inputs: MultiPushQEl0YOLOV8-Post-Process[0] | outputs: LastAsyncEl0NmsPPMuxEl0YOLOV8-Post-Process
[2026-08-17 18:42:33.358] [1780245] [HailoRT] [info] [pipeline.cpp:891] [print_deep_description] LastAsyncEl0NmsPPMuxEl0YOLOV8-Post-Process | inputs: NmsPPMuxEl0YOLOV8-Post-Process[0] | outputs: user
[2026-08-17 18:42:33.692] [1780629] [HailoRT] [info] [hef.cpp:1929] [get_network_group_and_network_name] No name was given. Addressing all networks of default network_group: yolov8s
[2026-08-17 18:42:33.753] [1780631] [HailoRT] [info] [hef.cpp:1929] [get_network_group_and_network_name] No name was given. Addressing all networks of default network_group: yolov8s
[2026-08-17 19:01:35.273] [1786243] [HailoRT] [info] [vdevice.cpp:523] [create] Creating vdevice with params: device_count: 1, scheduling_algorithm: ROUND_ROBIN, multi_process_service: false
[2026-08-17 19:01:35.285] [1786243] [HailoRT] [info] [device.cpp:49] [Device] OS Version: Linux 6.12.34+rpt-rpi-2712 #1 SMP PREEMPT Debian 1:6.12.34-1+rpt1~bookworm (2025-06-26) aarch64
[2026-08-17 19:01:35.287] [1786243] [HailoRT] [info] [control.cpp:108] [control__parse_identify_results] firmware_version is: 4.20.0
[2026-08-17 19:01:35.287] [1786243] [HailoRT] [info] [vdevice.cpp:651] [create] VDevice Infos: 0001:03:00.0
[2026-08-17 19:01:35.325] [1786243] [HailoRT] [info] [hef.cpp:1929] [get_network_group_and_network_name] No name was given. Addressing all networks of default network_group: yolov8s
[2026-08-17 19:01:35.325] [1786243] [HailoRT] [info] [hef.cpp:1929] [get_network_group_and_network_name] No name was given. Addressing all networks of default network_group: yolov8s
[2026-08-17 19:01:35.352] [1786243] [HailoRT] [info] [vdevice.cpp:523] [create] Creating vdevice with params: device_count: 1, scheduling_algorithm: ROUND_ROBIN, multi_process_service: false
[2026-08-17 19:01:35.456] [1786243] [HailoRT] [info] [hef.cpp:1929] [get_network_group_and_network_name] No name was given. Addressing all networks of default network_group: yolov8s_pose
[2026-08-17 19:01:35.456] [1786243] [HailoRT] [info] [hef.cpp:1929] [get_network_group_and_network_name] No name was given. Addressing all networks of default network_group: yolov8s_pose
[2026-08-17 19:01:35.490] [1786243] [HailoRT] [warning] [device_internal.cpp:616] [check_hef_is_compatible] HEF was compiled for Hailo8L device, while the device itself is Hailo8. This will result in lower performance.
[2026-08-17 19:01:35.490] [1786243] [HailoRT] [warning] [device_internal.cpp:616] [check_hef_is_compatible] HEF was compiled for Hailo8L device, while the device itself is Hailo8. This will result in lower performance.
[2026-08-17 19:01:35.498] [1786243] [HailoRT] [info] [internal_buffer_manager.cpp:204] [print_execution_results] Planned internal buffer memory: CMA memory 0, user memory 3321344. memory to edge layer usage factor is 0.93083656
[2026-08-17 19:01:35.498] [1786243] [HailoRT] [info] [internal_buffer_manager.cpp:212] [print_execution_results] Default Internal buffer planner executed successfully
[2026-08-17 19:01:35.518] [1786243] [HailoRT] [info] [device_internal.cpp:57] [configure] Configuring HEF took 28.154211 milliseconds
[2026-08-17 19:01:35.518] [1786243] [HailoRT] [info] [vdevice.cpp:749] [configure] Configuring HEF on VDevice took 29.095543 milliseconds
[2026-08-17 19:01:35.518] [1786243] [HailoRT] [info] [infer_model.cpp:436] [configure] Configuring network group 'yolov8s_pose' with params: batch size: 0, power mode: PERFORMANCE, latency: NONE
[2026-08-17 19:01:35.518] [1786243] [HailoRT] [info] [multi_io_elements.cpp:756] [create] Created (AsyncHwEl)
[2026-08-17 19:01:35.518] [1786243] [HailoRT] [info] [queue_elements.cpp:450] [create] Created (EntryPushQEl0yolov8s_pose/input_layer1 | timeout: 10s)
[2026-08-17 19:01:35.518] [1786243] [HailoRT] [info] [filter_elements.cpp:101] [create] Created (PreInferEl3yolov8s_pose/input_layer1 | Reorder - src_order: RGB4, src_shape: (640, 640, 3), dst_order: NHWC, dst_shape: (640, 640, 3))
[2026-08-17 19:01:35.518] [1786243] [HailoRT] [info] [queue_elements.cpp:450] [create] Created (PushQEl3yolov8s_pose/input_layer1 | timeout: 10s)
[2026-08-17 19:01:35.519] [1786243] [HailoRT] [info] [edge_elements.cpp:187] [create] Created (LastAsyncEl3AsyncHwEl)
[2026-08-17 19:01:35.519] [1786243] [HailoRT] [info] [queue_elements.cpp:450] [create] Created (PushQEl4AsyncHwEl | timeout: 10s)
[2026-08-17 19:01:35.519] [1786243] [HailoRT] [info] [filter_elements.cpp:375] [create] Created (PostInferEl4AsyncHwEl | Reorder - src_order: FCR, src_shape: (20, 20, 56), dst_order: FCR, dst_shape: (20, 20, 51))
[2026-08-17 19:01:35.519] [1786243] [HailoRT] [info] [edge_elements.cpp:187] [create] Created (LastAsyncEl0PostInferEl4AsyncHwEl)
[2026-08-17 19:01:35.519] [1786243] [HailoRT] [info] [edge_elements.cpp:187] [create] Created (LastAsyncEl5AsyncHwEl)
[2026-08-17 19:01:35.519] [1786243] [HailoRT] [info] [edge_elements.cpp:187] [create] Created (LastAsyncEl0AsyncHwEl)
[2026-08-17 19:01:35.519] [1786243] [HailoRT] [info] [edge_elements.cpp:187] [create] Created (LastAsyncEl1AsyncHwEl)
[2026-08-17 19:01:35.519] [1786243] [HailoRT] [info] [edge_elements.cpp:187] [create] Created (LastAsyncEl2AsyncHwEl)
[2026-08-17 19:01:35.519] [1786243] [HailoRT] [info] [queue_elements.cpp:450] [create] Created (PushQEl7AsyncHwEl | timeout: 10s)
[2026-08-17 19:01:35.519] [1786243] [HailoRT] [info] [filter_elements.cpp:375] [create] Created (PostInferEl7AsyncHwEl | Reorder - src_order: FCR, src_shape: (40, 40, 56), dst_order: FCR, dst_shape: (40, 40, 51))
[2026-08-17 19:01:35.519] [1786243] [HailoRT] [info] [edge_elements.cpp:187] [create] Created (LastAsyncEl0PostInferEl7AsyncHwEl)
[2026-08-17 19:01:35.519] [1786243] [HailoRT] [info] [edge_elements.cpp:187] [create] Created (LastAsyncEl8AsyncHwEl)
[2026-08-17 19:01:35.519] [1786243] [HailoRT] [info] [queue_elements.cpp:450] [create] Created (PushQEl6AsyncHwEl | timeout: 10s)
[2026-08-17 19:01:35.519] [1786243] [HailoRT] [info] [filter_elements.cpp:375] [create] Created (PostInferEl6AsyncHwEl | Reorder - src_order: FCR, src_shape: (80, 80, 56), dst_order: FCR, dst_shape: (80, 80, 51))
[2026-08-17 19:01:35.519] [1786243] [HailoRT] [info] [edge_elements.cpp:187] [create] Created (LastAsyncEl0PostInferEl6AsyncHwEl)
[2026-08-17 19:01:35.519] [1786243] [HailoRT] [info] [pipeline.cpp:891] [print_deep_description] EntryPushQEl0yolov8s_pose/input_layer1 | inputs: user | outputs: PreInferEl3yolov8s_pose/input_layer1(running in thread_id: 1786416)
[2026-08-17 19:01:35.519] [1786243] [HailoRT] [info] [pipeline.cpp:891] [print_deep_description] PreInferEl3yolov8s_pose/input_layer1 | inputs: EntryPushQEl0yolov8s_pose/input_layer1[0] | outputs: PushQEl3yolov8s_pose/input_layer1
[2026-08-17 19:01:35.519] [1786243] [HailoRT] [info] [pipeline.cpp:891] [print_deep_description] PushQEl3yolov8s_pose/input_layer1 | inputs: PreInferEl3yolov8s_pose/input_layer1[0] | outputs: AsyncHwEl(running in thread_id: 1786417)
[2026-08-17 19:01:35.519] [1786243] [HailoRT] [info] [pipeline.cpp:891] [print_deep_description] AsyncHwEl | inputs: PushQEl3yolov8s_pose/input_layer1[0] | outputs: LastAsyncEl0AsyncHwEl LastAsyncEl1AsyncHwEl LastAsyncEl2AsyncHwEl LastAsyncEl3AsyncHwEl PushQEl4AsyncHwEl LastAsyncEl5AsyncHwEl PushQEl6AsyncHwEl PushQEl7AsyncHwEl LastAsyncEl8AsyncHwEl
[2026-08-17 19:01:35.519] [1786243] [HailoRT] [info] [pipeline.cpp:891] [print_deep_description] LastAsyncEl0AsyncHwEl | inputs: AsyncHwEl[0] | outputs: user
[2026-08-17 19:01:35.519] [1786243] [HailoRT] [info] [pipeline.cpp:891] [print_deep_description] LastAsyncEl1AsyncHwEl | inputs: AsyncHwEl[0] | outputs: user
[2026-08-17 19:01:35.519] [1786243] [HailoRT] [info] [pipeline.cpp:891] [print_deep_description] LastAsyncEl2AsyncHwEl | inputs: AsyncHwEl[0] | outputs: user
[2026-08-17 19:01:35.519] [1786243] [HailoRT] [info] [pipeline.cpp:891] [print_deep_description] LastAsyncEl3AsyncHwEl | inputs: AsyncHwEl[0] | outputs: user
[2026-08-17 19:01:35.519] [1786243] [HailoRT] [info] [pipeline.cpp:891] [print_deep_description] PushQEl4AsyncHwEl | inputs: AsyncHwEl[0] | outputs: PostInferEl4AsyncHwEl(running in thread_id: 1786418)
[2026-08-17 19:01:35.519] [1786243] [HailoRT] [info] [pipeline.cpp:891] [print_deep_description] PostInferEl4AsyncHwEl | inputs: PushQEl4AsyncHwEl[0] | outputs: LastAsyncEl0PostInferEl4AsyncHwEl
[2026-08-17 19:01:35.519] [1786243] [HailoRT] [info] [pipeline.cpp:891] [print_deep_description] LastAsyncEl0PostInferEl4AsyncHwEl | inputs: PostInferEl4AsyncHwEl[0] | outputs: user
[2026-08-17 19:01:35.519] [1786243] [HailoRT] [info] [pipeline.cpp:891] [print_deep_description] LastAsyncEl5AsyncHwEl | inputs: AsyncHwEl[0] | outputs: user
[2026-08-17 19:01:35.519] [1786243] [HailoRT] [info] [pipeline.cpp:891] [print_deep_description] PushQEl6AsyncHwEl | inputs: AsyncHwEl[0] | outputs: PostInferEl6AsyncHwEl(running in thread_id: 1786420)
[2026-08-17 19:01:35.519] [1786243] [HailoRT] [info] [pipeline.cpp:891] [print_deep_description] PostInferEl6AsyncHwEl | inputs: PushQEl6AsyncHwEl[0] | outputs: LastAsyncEl0PostInferEl6AsyncHwEl
[2026-08-17 19:01:35.519] [1786243] [HailoRT] [info] [pipeline.cpp:891] [print_deep_description] LastAsyncEl0PostInferEl6AsyncHwEl | inputs: PostInferEl6AsyncHwEl[0] | outputs: user
[2026-08-17 19:01:35.519] [1786243] [HailoRT] [info] [pipeline.cpp:891] [print_deep_description] PushQEl7AsyncHwEl | inputs: AsyncHwEl[0] | outputs: PostInferEl7AsyncHwEl(running in thread_id: 1786419)
[2026-08-17 19:01:35.519] [1786243] [HailoRT] [info] [pipeline.cpp:891] [print_deep_description] PostInferEl7AsyncHwEl | inputs: PushQEl7AsyncHwEl[0] | outputs: LastAsyncEl0PostInferEl7AsyncHwEl
[2026-08-17 19:01:35.519] [1786243] [HailoRT] [info] [pipeline.cpp:891] [print_deep_description] LastAsyncEl0PostInferEl7AsyncHwEl | inputs: PostInferEl7AsyncHwEl[0] | outputs: user
[2026-08-17 19:01:35.519] [1786243] [HailoRT] [info] [pipeline.cpp:891] [print_deep_description] LastAsyncEl8AsyncHwEl | inputs: AsyncHwEl[0] | outputs: user
[2026-08-17 19:01:35.523] [1786243] [HailoRT] [info] [internal_buffer_manager.cpp:202] [print_execution_results] Default Internal buffer planner failed to meet requirements
[2026-08-17 19:01:35.523] [1786243] [HailoRT] [info] [internal_buffer_manager.cpp:212] [print_execution_results] Default Internal buffer planner executed successfully
[2026-08-17 19:01:35.533] [1786243] [HailoRT] [info] [device_internal.cpp:57] [configure] Configuring HEF took 11.743228 milliseconds
[2026-08-17 19:01:35.533] [1786243] [HailoRT] [info] [vdevice.cpp:749] [configure] Configuring HEF on VDevice took 12.127542 milliseconds
[2026-08-17 19:01:35.533] [1786243] [HailoRT] [info] [infer_model.cpp:436] [configure] Configuring network group 'yolov8s' with params: batch size: 0, power mode: PERFORMANCE, latency: NONE
[2026-08-17 19:01:35.533] [1786243] [HailoRT] [info] [multi_io_elements.cpp:756] [create] Created (AsyncHwEl)
[2026-08-17 19:01:35.533] [1786243] [HailoRT] [info] [queue_elements.cpp:450] [create] Created (EntryPushQEl0yolov8s/input_layer1 | timeout: 10s)
[2026-08-17 19:01:35.533] [1786243] [HailoRT] [info] [filter_elements.cpp:101] [create] Created (PreInferEl3yolov8s/input_layer1 | Reorder - src_order: RGB4, src_shape: (640, 640, 3), dst_order: NHCW, dst_shape: (640, 640, 3))
[2026-08-17 19:01:35.533] [1786243] [HailoRT] [info] [queue_elements.cpp:450] [create] Created (PushQEl3yolov8s/input_layer1 | timeout: 10s)
[2026-08-17 19:01:35.533] [1786243] [HailoRT] [info] [multi_io_elements.cpp:135] [create] Created (NmsPPMuxEl0YOLOV8-Post-Process | Op YOLOV8, Name: YOLOV8-Post-Process, Score threshold: 0.200, IoU threshold: 0.70, Classes: 80, Cross classes: false, NMS results order: BY_CLASS, Max bboxes per class: 100, Image height: 640, Image width: 640)
[2026-08-17 19:01:35.534] [1786243] [HailoRT] [info] [queue_elements.cpp:942] [create] Created (MultiPushQEl0YOLOV8-Post-Process | timeout: 10s)
[2026-08-17 19:01:35.534] [1786243] [HailoRT] [info] [edge_elements.cpp:187] [create] Created (LastAsyncEl0NmsPPMuxEl0YOLOV8-Post-Process)
[2026-08-17 19:01:35.534] [1786243] [HailoRT] [info] [pipeline.cpp:891] [print_deep_description] EntryPushQEl0yolov8s/input_layer1 | inputs: user | outputs: PreInferEl3yolov8s/input_layer1(running in thread_id: 1786421)
[2026-08-17 19:01:35.534] [1786243] [HailoRT] [info] [pipeline.cpp:891] [print_deep_description] PreInferEl3yolov8s/input_layer1 | inputs: EntryPushQEl0yolov8s/input_layer1[0] | outputs: PushQEl3yolov8s/input_layer1
[2026-08-17 19:01:35.534] [1786243] [HailoRT] [info] [pipeline.cpp:891] [print_deep_description] PushQEl3yolov8s/input_layer1 | inputs: PreInferEl3yolov8s/input_layer1[0] | outputs: AsyncHwEl(running in thread_id: 1786422)
[2026-08-17 19:01:35.534] [1786243] [HailoRT] [info] [pipeline.cpp:891] [print_deep_description] AsyncHwEl | inputs: PushQEl3yolov8s/input_layer1[0] | outputs: MultiPushQEl0YOLOV8-Post-Process MultiPushQEl0YOLOV8-Post-Process MultiPushQEl0YOLOV8-Post-Process MultiPushQEl0YOLOV8-Post-Process MultiPushQEl0YOLOV8-Post-Process MultiPushQEl0YOLOV8-Post-Process
[2026-08-17 19:01:35.534] [1786243] [HailoRT] [info] [pipeline.cpp:891] [print_deep_description] MultiPushQEl0YOLOV8-Post-Process | inputs: AsyncHwEl[0] AsyncHwEl[1] AsyncHwEl[2] AsyncHwEl[3] AsyncHwEl[4] AsyncHwEl[5] | outputs: NmsPPMuxEl0YOLOV8-Post-Process(running in thread_id: 1786423)
[2026-08-17 19:01:35.534] [1786243] [HailoRT] [info] [pipeline.cpp:891] [print_deep_description] NmsPPMuxEl0YOLOV8-Post-Process | inputs: MultiPushQEl0YOLOV8-Post-Process[0] | outputs: LastAsyncEl0NmsPPMuxEl0YOLOV8-Post-Process
[2026-08-17 19:01:35.534] [1786243] [HailoRT] [info] [pipeline.cpp:891] [print_deep_description] LastAsyncEl0NmsPPMuxEl0YOLOV8-Post-Process | inputs: NmsPPMuxEl0YOLOV8-Post-Process[0] | outputs: user
[2026-08-17 19:01:35.903] [1786405] [HailoRT] [info] [hef.cpp:1929] [get_network_group_and_network_name] No name was given. Addressing all networks of default network_group: yolov8s
[2026-08-17 19:01:36.032] [1786402] [HailoRT] [info] [hef.cpp:1929] [get_network_group_and_network_name] No name was given. Addressing all networks of default network_group: yolov8s_pose
[2026-08-18 01:53:20.421] [1857134] [HailoRT] [info] [vdevice.cpp:523] [create] Creating vdevice with params: device_count: 1, scheduling_algorithm: ROUND_ROBIN, multi_process_service: false
[2026-08-18 01:53:20.431] [1857134] [HailoRT] [info] [device.cpp:49] [Device] OS Version: Linux 6.12.34+rpt-rpi-2712 #1 SMP PREEMPT Debian 1:6.12.34-1+rpt1~bookworm (2025-06-26) aarch64
[2026-08-18 01:53:20.432] [1857134] [HailoRT] [info] [control.cpp:108] [control__parse_identify_results] firmware_version is: 4.20.0
[2026-08-18 01:53:20.432] [1857134] [HailoRT] [info] [vdevice.cpp:651] [create] VDevice Infos: 0001:03:00.0
[2026-08-18 01:53:20.470] [1857134] [HailoRT] [info] [hef.cpp:1929] [get_network_group_and_network_name] No name was given. Addressing all networks of default network_group: yolov8s
[2026-08-18 01:53:20.470] [1857134] [HailoRT] [info] [hef.cpp:1929] [get_network_group_and_network_name] No name was given. Addressing all networks of default network_group: yolov8s
[2026-08-18 01:53:20.499] [1857134] [HailoRT] [info] [vdevice.cpp:523] [create] Creating vdevice with params: device_count: 1, scheduling_algorithm: ROUND_ROBIN, multi_process_service: false
[2026-08-18 01:53:20.607] [1857134] [HailoRT] [info] [hef.cpp:1929] [get_network_group_and_network_name] No name was given. Addressing all networks of default network_group: yolov8s_pose
[2026-08-18 01:53:20.607] [1857134] [HailoRT] [info] [hef.cpp:1929] [get_network_group_and_network_name] No name was given. Addressing all networks of default network_group: yolov8s_pose
[2026-08-18 01:53:20.635] [1857134] [HailoRT] [warning] [device_internal.cpp:616] [check_hef_is_compatible] HEF was compiled for Hailo8L device, while the device itself is Hailo8. This will result in lower performance.
[2026-08-18 01:53:20.635] [1857134] [HailoRT] [warning] [device_internal.cpp:616] [check_hef_is_compatible] HEF was compiled for Hailo8L device, while the device itself is Hailo8. This will result in lower performance.
[2026-08-18 01:53:20.642] [1857134] [HailoRT] [info] [internal_buffer_manager.cpp:204] [print_execution_results] Planned internal buffer memory: CMA memory 0, user memory 3321344. memory to edge layer usage factor is 0.93083656
[2026-08-18 01:53:20.642] [1857134] [HailoRT] [info] [internal_buffer_manager.cpp:212] [print_execution_results] Default Internal buffer planner executed successfully
[2026-08-18 01:53:20.659] [1857134] [HailoRT] [info] [device_internal.cpp:57] [configure] Configuring HEF took 24.350836 milliseconds
[2026-08-18 01:53:20.659] [1857134] [HailoRT] [info] [vdevice.cpp:749] [configure] Configuring HEF on VDevice took 24.868409 milliseconds
[2026-08-18 01:53:20.659] [1857134] [HailoRT] [info] [infer_model.cpp:436] [configure] Configuring network group 'yolov8s_pose' with params: batch size: 0, power mode: PERFORMANCE, latency: NONE
[2026-08-18 01:53:20.659] [1857134] [HailoRT] [info] [multi_io_elements.cpp:756] [create] Created (AsyncHwEl)
[2026-08-18 01:53:20.660] [1857134] [HailoRT] [info] [queue_elements.cpp:450] [create] Created (EntryPushQEl0yolov8s_pose/input_layer1 | timeout: 10s)
[2026-08-18 01:53:20.660] [1857134] [HailoRT] [info] [filter_elements.cpp:101] [create] Created (PreInferEl3yolov8s_pose/input_layer1 | Reorder - src_order: RGB4, src_shape: (640, 640, 3), dst_order: NHWC, dst_shape: (640, 640, 3))
[2026-08-18 01:53:20.660] [1857134] [HailoRT] [info] [queue_elements.cpp:450] [create] Created (PushQEl3yolov8s_pose/input_layer1 | timeout: 10s)
[2026-08-18 01:53:20.660] [1857134] [HailoRT] [info] [edge_elements.cpp:187] [create] Created (LastAsyncEl3AsyncHwEl)
[2026-08-18 01:53:20.660] [1857134] [HailoRT] [info] [queue_elements.cpp:450] [create] Created (PushQEl4AsyncHwEl | timeout: 10s)
[2026-08-18 01:53:20.660] [1857134] [HailoRT] [info] [filter_elements.cpp:375] [create] Created (PostInferEl4AsyncHwEl | Reorder - src_order: FCR, src_shape: (20, 20, 56), dst_order: FCR, dst_shape: (20, 20, 51))
[2026-08-18 01:53:20.660] [1857134] [HailoRT] [info] [edge_elements.cpp:187] [create] Created (LastAsyncEl0PostInferEl4AsyncHwEl)
[2026-08-18 01:53:20.660] [1857134] [HailoRT] [info] [edge_elements.cpp:187] [create] Created (LastAsyncEl5AsyncHwEl)
[2026-08-18 01:53:20.660] [1857134] [HailoRT] [info] [edge_elements.cpp:187] [create] Created (LastAsyncEl0AsyncHwEl)
[2026-08-18 01:53:20.660] [1857134] [HailoRT] [info] [edge_elements.cpp:187] [create] Created (LastAsyncEl1AsyncHwEl)
[2026-08-18 01:53:20.660] [1857134] [HailoRT] [info] [edge_elements.cpp:187] [create] Created (LastAsyncEl2AsyncHwEl)
[2026-08-18 01:53:20.660] [1857134] [HailoRT] [info] [queue_elements.cpp:450] [create] Created (PushQEl7AsyncHwEl | timeout: 10s)
[2026-08-18 01:53:20.660] [1857134] [HailoRT] [info] [filter_elements.cpp:375] [create] Created (PostInferEl7AsyncHwEl | Reorder - src_order: FCR, src_shape: (40, 40, 56), dst_order: FCR, dst_shape: (40, 40, 51))
[2026-08-18 01:53:20.660] [1857134] [HailoRT] [info] [edge_elements.cpp:187] [create] Created (LastAsyncEl0PostInferEl7AsyncHwEl)
[2026-08-18 01:53:20.660] [1857134] [HailoRT] [info] [edge_elements.cpp:187] [create] Created (LastAsyncEl8AsyncHwEl)
[2026-08-18 01:53:20.660] [1857134] [HailoRT] [info] [queue_elements.cpp:450] [create] Created (PushQEl6AsyncHwEl | timeout: 10s)
[2026-08-18 01:53:20.660] [1857134] [HailoRT] [info] [filter_elements.cpp:375] [create] Created (PostInferEl6AsyncHwEl | Reorder - src_order: FCR, src_shape: (80, 80, 56), dst_order: FCR, dst_shape: (80, 80, 51))
[2026-08-18 01:53:20.660] [1857134] [HailoRT] [info] [edge_elements.cpp:187] [create] Created (LastAsyncEl0PostInferEl6AsyncHwEl)
[2026-08-18 01:53:20.660] [1857134] [HailoRT] [info] [pipeline.cpp:891] [print_deep_description] EntryPushQEl0yolov8s_pose/input_layer1 | inputs: user | outputs: PreInferEl3yolov8s_pose/input_layer1(running in thread_id: 1857922)
[2026-08-18 01:53:20.660] [1857134] [HailoRT] [info] [pipeline.cpp:891] [print_deep_description] PreInferEl3yolov8s_pose/input_layer1 | inputs: EntryPushQEl0yolov8s_pose/input_layer1[0] | outputs: PushQEl3yolov8s_pose/input_layer1
[2026-08-18 01:53:20.660] [1857134] [HailoRT] [info] [pipeline.cpp:891] [print_deep_description] PushQEl3yolov8s_pose/input_layer1 | inputs: PreInferEl3yolov8s_pose/input_layer1[0] | outputs: AsyncHwEl(running in thread_id: 1857923)
[2026-08-18 01:53:20.660] [1857134] [HailoRT] [info] [pipeline.cpp:891] [print_deep_description] AsyncHwEl | inputs: PushQEl3yolov8s_pose/input_layer1[0] | outputs: LastAsyncEl0AsyncHwEl LastAsyncEl1AsyncHwEl LastAsyncEl2AsyncHwEl LastAsyncEl3AsyncHwEl PushQEl4AsyncHwEl LastAsyncEl5AsyncHwEl PushQEl6AsyncHwEl PushQEl7AsyncHwEl LastAsyncEl8AsyncHwEl
[2026-08-18 01:53:20.660] [1857134] [HailoRT] [info] [pipeline.cpp:891] [print_deep_description] LastAsyncEl0AsyncHwEl | inputs: AsyncHwEl[0] | outputs: user
[2026-08-18 01:53:20.660] [1857134] [HailoRT] [info] [pipeline.cpp:891] [print_deep_description] LastAsyncEl1AsyncHwEl | inputs: AsyncHwEl[0] | outputs: user
[2026-08-18 01:53:20.660] [1857134] [HailoRT] [info] [pipeline.cpp:891] [print_deep_description] LastAsyncEl2AsyncHwEl | inputs: AsyncHwEl[0] | outputs: user
[2026-08-18 01:53:20.660] [1857134] [HailoRT] [info] [pipeline.cpp:891] [print_deep_description] LastAsyncEl3AsyncHwEl | inputs: AsyncHwEl[0] | outputs: user
[2026-08-18 01:53:20.660] [1857134] [HailoRT] [info] [pipeline.cpp:891] [print_deep_description] PushQEl4AsyncHwEl | inputs: AsyncHwEl[0] | outputs: PostInferEl4AsyncHwEl(running in thread_id: 1857924)
[2026-08-18 01:53:20.660] [1857134] [HailoRT] [info] [pipeline.cpp:891] [print_deep_description] PostInferEl4AsyncHwEl | inputs: PushQEl4AsyncHwEl[0] | outputs: LastAsyncEl0PostInferEl4AsyncHwEl
[2026-08-18 01:53:20.660] [1857134] [HailoRT] [info] [pipeline.cpp:891] [print_deep_description] LastAsyncEl0PostInferEl4AsyncHwEl | inputs: PostInferEl4AsyncHwEl[0] | outputs: user
[2026-08-18 01:53:20.660] [1857134] [HailoRT] [info] [pipeline.cpp:891] [print_deep_description] LastAsyncEl5AsyncHwEl | inputs: AsyncHwEl[0] | outputs: user
[2026-08-18 01:53:20.660] [1857134] [HailoRT] [info] [pipeline.cpp:891] [print_deep_description] PushQEl6AsyncHwEl | inputs: AsyncHwEl[0] | outputs: PostInferEl6AsyncHwEl(running in thread_id: 1857926)
[2026-08-18 01:53:20.660] [1857134] [HailoRT] [info] [pipeline.cpp:891] [print_deep_description] PostInferEl6AsyncHwEl | inputs: PushQEl6AsyncHwEl[0] | outputs: LastAsyncEl0PostInferEl6AsyncHwEl
[2026-08-18 01:53:20.660] [1857134] [HailoRT] [info] [pipeline.cpp:891] [print_deep_description] LastAsyncEl0PostInferEl6AsyncHwEl | inputs: PostInferEl6AsyncHwEl[0] | outputs: user
[2026-08-18 01:53:20.660] [1857134] [HailoRT] [info] [pipeline.cpp:891] [print_deep_description] PushQEl7AsyncHwEl | inputs: AsyncHwEl[0] | outputs: PostInferEl7AsyncHwEl(running in thread_id: 1857925)
[2026-08-18 01:53:20.660] [1857134] [HailoRT] [info] [pipeline.cpp:891] [print_deep_description] PostInferEl7AsyncHwEl | inputs: PushQEl7AsyncHwEl[0] | outputs: LastAsyncEl0PostInferEl7AsyncHwEl
[2026-08-18 01:53:20.660] [1857134] [HailoRT] [info] [pipeline.cpp:891] [print_deep_description] LastAsyncEl0PostInferEl7AsyncHwEl | inputs: PostInferEl7AsyncHwEl[0] | outputs: user
[2026-08-18 01:53:20.660] [1857134] [HailoRT] [info] [pipeline.cpp:891] [print_deep_description] LastAsyncEl8AsyncHwEl | inputs: AsyncHwEl[0] | outputs: user
[2026-08-18 01:53:20.663] [1857134] [HailoRT] [info] [internal_buffer_manager.cpp:202] [print_execution_results] Default Internal buffer planner failed to meet requirements
[2026-08-18 01:53:20.663] [1857134] [HailoRT] [info] [internal_buffer_manager.cpp:212] [print_execution_results] Default Internal buffer planner executed successfully
[2026-08-18 01:53:20.674] [1857134] [HailoRT] [info] [device_internal.cpp:57] [configure] Configuring HEF took 11.657864 milliseconds
[2026-08-18 01:53:20.674] [1857134] [HailoRT] [info] [vdevice.cpp:749] [configure] Configuring HEF on VDevice took 12.035326 milliseconds
[2026-08-18 01:53:20.674] [1857134] [HailoRT] [info] [infer_model.cpp:436] [configure] Configuring network group 'yolov8s' with params: batch size: 0, power mode: PERFORMANCE, latency: NONE
[2026-08-18 01:53:20.674] [1857134] [HailoRT] [info] [multi_io_elements.cpp:756] [create] Created (AsyncHwEl)
[2026-08-18 01:53:20.674] [1857134] [HailoRT] [info] [queue_elements.cpp:450] [create] Created (EntryPushQEl0yolov8s/input_layer1 | timeout: 10s)
[2026-08-18 01:53:20.674] [1857134] [HailoRT] [info] [filter_elements.cpp:101] [create] Created (PreInferEl3yolov8s/input_layer1 | Reorder - src_order: RGB4, src_shape: (640, 640, 3), dst_order: NHCW, dst_shape: (640, 640, 3))
[2026-08-18 01:53:20.674] [1857134] [HailoRT] [info] [queue_elements.cpp:450] [create] Created (PushQEl3yolov8s/input_layer1 | timeout: 10s)
[2026-08-18 01:53:20.674] [1857134] [HailoRT] [info] [multi_io_elements.cpp:135] [create] Created (NmsPPMuxEl0YOLOV8-Post-Process | Op YOLOV8, Name: YOLOV8-Post-Process, Score threshold: 0.200, IoU threshold: 0.70, Classes: 80, Cross classes: false, NMS results order: BY_CLASS, Max bboxes per class: 100, Image height: 640, Image width: 640)
[2026-08-18 01:53:20.675] [1857134] [HailoRT] [info] [queue_elements.cpp:942] [create] Created (MultiPushQEl0YOLOV8-Post-Process | timeout: 10s)
[2026-08-18 01:53:20.675] [1857134] [HailoRT] [info] [edge_elements.cpp:187] [create] Created (LastAsyncEl0NmsPPMuxEl0YOLOV8-Post-Process)
[2026-08-18 01:53:20.675] [1857134] [HailoRT] [info] [pipeline.cpp:891] [print_deep_description] EntryPushQEl0yolov8s/input_layer1 | inputs: user | outputs: PreInferEl3yolov8s/input_layer1(running in thread_id: 1857927)
[2026-08-18 01:53:20.675] [1857134] [HailoRT] [info] [pipeline.cpp:891] [print_deep_description] PreInferEl3yolov8s/input_layer1 | inputs: EntryPushQEl0yolov8s/input_layer1[0] | outputs: PushQEl3yolov8s/input_layer1
[2026-08-18 01:53:20.675] [1857134] [HailoRT] [info] [pipeline.cpp:891] [print_deep_description] PushQEl3yolov8s/input_layer1 | inputs: PreInferEl3yolov8s/input_layer1[0] | outputs: AsyncHwEl(running in thread_id: 1857928)
[2026-08-18 01:53:20.675] [1857134] [HailoRT] [info] [pipeline.cpp:891] [print_deep_description] AsyncHwEl | inputs: PushQEl3yolov8s/input_layer1[0] | outputs: MultiPushQEl0YOLOV8-Post-Process MultiPushQEl0YOLOV8-Post-Process MultiPushQEl0YOLOV8-Post-Process MultiPushQEl0YOLOV8-Post-Process MultiPushQEl0YOLOV8-Post-Process MultiPushQEl0YOLOV8-Post-Process
[2026-08-18 01:53:20.675] [1857134] [HailoRT] [info] [pipeline.cpp:891] [print_deep_description] MultiPushQEl0YOLOV8-Post-Process | inputs: AsyncHwEl[0] AsyncHwEl[1] AsyncHwEl[2] AsyncHwEl[3] AsyncHwEl[4] AsyncHwEl[5] | outputs: NmsPPMuxEl0YOLOV8-Post-Process(running in thread_id: 1857929)
[2026-08-18 01:53:20.675] [1857134] [HailoRT] [info] [pipeline.cpp:891] [print_deep_description] NmsPPMuxEl0YOLOV8-Post-Process | inputs: MultiPushQEl0YOLOV8-Post-Process[0] | outputs: LastAsyncEl0NmsPPMuxEl0YOLOV8-Post-Process
[2026-08-18 01:53:20.675] [1857134] [HailoRT] [info] [pipeline.cpp:891] [print_deep_description] LastAsyncEl0NmsPPMuxEl0YOLOV8-Post-Process | inputs: NmsPPMuxEl0YOLOV8-Post-Process[0] | outputs: user
[2026-08-18 01:53:21.081] [1857912] [HailoRT] [info] [hef.cpp:1929] [get_network_group_and_network_name] No name was given. Addressing all networks of default network_group: yolov8s
[2026-08-18 01:53:21.228] [1857909] [HailoRT] [info] [hef.cpp:1929] [get_network_group_and_network_name] No name was given. Addressing all networks of default network_group: yolov8s_pose
[2026-08-18 02:01:29.164] [1857134] [HailoRT] [info] [async_infer_runner.cpp:86] [shutdown] Pipeline was aborted. Shutting it down
[2026-08-18 02:01:29.165] [1857134] [HailoRT] [info] [queue_elements.cpp:570] [execute_deactivate] enqueue() in element PushQEl4AsyncHwEl was aborted, got status = HAILO_SHUTDOWN_EVENT_SIGNALED(57)
[2026-08-18 02:01:29.165] [1857134] [HailoRT] [info] [queue_elements.cpp:570] [execute_deactivate] enqueue() in element PushQEl6AsyncHwEl was aborted, got status = HAILO_SHUTDOWN_EVENT_SIGNALED(57)
[2026-08-18 02:01:29.165] [1857134] [HailoRT] [info] [queue_elements.cpp:570] [execute_deactivate] enqueue() in element PushQEl7AsyncHwEl was aborted, got status = HAILO_SHUTDOWN_EVENT_SIGNALED(57)
[2026-08-18 02:01:29.165] [1857134] [HailoRT] [info] [queue_elements.cpp:570] [execute_deactivate] enqueue() in element PushQEl3yolov8s_pose/input_layer1 was aborted, got status = HAILO_SHUTDOWN_EVENT_SIGNALED(57)
[2026-08-18 02:01:29.165] [1857134] [HailoRT] [info] [queue_elements.cpp:570] [execute_deactivate] enqueue() in element EntryPushQEl0yolov8s_pose/input_layer1 was aborted, got status = HAILO_SHUTDOWN_EVENT_SIGNALED(57)
[2026-08-18 02:01:29.165] [1857134] [HailoRT] [info] [queue_elements.cpp:46] [~BaseQueueElement] Queue element EntryPushQEl0yolov8s_pose/input_layer1 has 0 frames in his Queue on destruction
[2026-08-18 02:01:29.165] [1857134] [HailoRT] [info] [queue_elements.cpp:46] [~BaseQueueElement] Queue element PushQEl3yolov8s_pose/input_layer1 has 0 frames in his Queue on destruction
[2026-08-18 02:01:29.165] [1857134] [HailoRT] [info] [queue_elements.cpp:46] [~BaseQueueElement] Queue element PushQEl4AsyncHwEl has 0 frames in his Queue on destruction
[2026-08-18 02:01:29.165] [1857134] [HailoRT] [info] [queue_elements.cpp:46] [~BaseQueueElement] Queue element PushQEl7AsyncHwEl has 0 frames in his Queue on destruction
[2026-08-18 02:01:29.165] [1857134] [HailoRT] [info] [queue_elements.cpp:46] [~BaseQueueElement] Queue element PushQEl6AsyncHwEl has 0 frames in his Queue on destruction
[2026-08-18 02:01:29.166] [1857134] [HailoRT] [info] [async_infer_runner.cpp:86] [shutdown] Pipeline was aborted. Shutting it down
[2026-08-18 02:01:29.172] [1857903] [HailoRT] [info] [network_group.cpp:857] [operator()] Infer request was aborted by user
[2026-08-18 02:01:29.172] [1857903] [HailoRT] [info] [network_group.cpp:857] [operator()] Infer request was aborted by user
[2026-08-18 02:01:29.172] [1857134] [HailoRT] [info] [queue_elements.cpp:1131] [execute_deactivate] enqueue() in element MultiPushQEl0YOLOV8-Post-Process was aborted, got status = HAILO_SHUTDOWN_EVENT_SIGNALED(57)
[2026-08-18 02:01:29.172] [1857134] [HailoRT] [info] [queue_elements.cpp:1131] [execute_deactivate] enqueue() in element MultiPushQEl0YOLOV8-Post-Process was aborted, got status = HAILO_SHUTDOWN_EVENT_SIGNALED(57)
[2026-08-18 02:01:29.172] [1857134] [HailoRT] [info] [queue_elements.cpp:1131] [execute_deactivate] enqueue() in element MultiPushQEl0YOLOV8-Post-Process was aborted, got status = HAILO_SHUTDOWN_EVENT_SIGNALED(57)
[2026-08-18 02:01:29.172] [1857134] [HailoRT] [info] [queue_elements.cpp:1131] [execute_deactivate] enqueue() in element MultiPushQEl0YOLOV8-Post-Process was aborted, got status = HAILO_SHUTDOWN_EVENT_SIGNALED(57)
[2026-08-18 02:01:29.172] [1857134] [HailoRT] [info] [queue_elements.cpp:1131] [execute_deactivate] enqueue() in element MultiPushQEl0YOLOV8-Post-Process was aborted, got status = HAILO_SHUTDOWN_EVENT_SIGNALED(57)
[2026-08-18 02:01:29.172] [1857134] [HailoRT] [info] [queue_elements.cpp:1131] [execute_deactivate] enqueue() in element MultiPushQEl0YOLOV8-Post-Process was aborted, got status = HAILO_SHUTDOWN_EVENT_SIGNALED(57)
[2026-08-18 02:01:29.172] [1857134] [HailoRT] [info] [queue_elements.cpp:570] [execute_deactivate] enqueue() in element PushQEl3yolov8s/input_layer1 was aborted, got status = HAILO_SHUTDOWN_EVENT_SIGNALED(57)
[2026-08-18 02:01:29.172] [1857134] [HailoRT] [info] [queue_elements.cpp:570] [execute_deactivate] enqueue() in element EntryPushQEl0yolov8s/input_layer1 was aborted, got status = HAILO_SHUTDOWN_EVENT_SIGNALED(57)
[2026-08-18 02:01:29.172] [1857134] [HailoRT] [info] [queue_elements.cpp:46] [~BaseQueueElement] Queue element EntryPushQEl0yolov8s/input_layer1 has 0 frames in his Queue on destruction
[2026-08-18 02:01:29.172] [1857134] [HailoRT] [info] [queue_elements.cpp:46] [~BaseQueueElement] Queue element PushQEl3yolov8s/input_layer1 has 0 frames in his Queue on destruction
[2026-08-18 02:01:29.283] [1857134] [HailoRT] [info] [vdevice.cpp:523] [create] Creating vdevice with params: device_count: 1, scheduling_algorithm: ROUND_ROBIN, multi_process_service: false
[2026-08-18 02:01:29.295] [1857134] [HailoRT] [info] [device.cpp:49] [Device] OS Version: Linux 6.12.34+rpt-rpi-2712 #1 SMP PREEMPT Debian 1:6.12.34-1+rpt1~bookworm (2025-06-26) aarch64
[2026-08-18 02:01:29.296] [1857134] [HailoRT] [info] [control.cpp:108] [control__parse_identify_results] firmware_version is: 4.20.0
[2026-08-18 02:01:29.296] [1857134] [HailoRT] [info] [vdevice.cpp:651] [create] VDevice Infos: 0001:03:00.0
[2026-08-18 02:01:29.334] [1857134] [HailoRT] [info] [hef.cpp:1929] [get_network_group_and_network_name] No name was given. Addressing all networks of default network_group: yolov8s
[2026-08-18 02:01:29.334] [1857134] [HailoRT] [info] [hef.cpp:1929] [get_network_group_and_network_name] No name was given. Addressing all networks of default network_group: yolov8s
[2026-08-18 02:01:29.362] [1857134] [HailoRT] [info] [vdevice.cpp:523] [create] Creating vdevice with params: device_count: 1, scheduling_algorithm: ROUND_ROBIN, multi_process_service: false
[2026-08-18 02:01:29.465] [1857134] [HailoRT] [info] [hef.cpp:1929] [get_network_group_and_network_name] No name was given. Addressing all networks of default network_group: yolov8s_pose
[2026-08-18 02:01:29.465] [1857134] [HailoRT] [info] [hef.cpp:1929] [get_network_group_and_network_name] No name was given. Addressing all networks of default network_group: yolov8s_pose
[2026-08-18 02:01:29.487] [1857134] [HailoRT] [warning] [device_internal.cpp:616] [check_hef_is_compatible] HEF was compiled for Hailo8L device, while the device itself is Hailo8. This will result in lower performance.
[2026-08-18 02:01:29.488] [1857134] [HailoRT] [warning] [device_internal.cpp:616] [check_hef_is_compatible] HEF was compiled for Hailo8L device, while the device itself is Hailo8. This will result in lower performance.
[2026-08-18 02:01:29.495] [1857134] [HailoRT] [info] [internal_buffer_manager.cpp:204] [print_execution_results] Planned internal buffer memory: CMA memory 0, user memory 3321344. memory to edge layer usage factor is 0.93083656
[2026-08-18 02:01:29.495] [1857134] [HailoRT] [info] [internal_buffer_manager.cpp:212] [print_execution_results] Default Internal buffer planner executed successfully
[2026-08-18 02:01:29.515] [1857134] [HailoRT] [info] [device_internal.cpp:57] [configure] Configuring HEF took 26.931478 milliseconds
[2026-08-18 02:01:29.515] [1857134] [HailoRT] [info] [vdevice.cpp:749] [configure] Configuring HEF on VDevice took 27.423552 milliseconds
[2026-08-18 02:01:29.515] [1857134] [HailoRT] [info] [infer_model.cpp:436] [configure] Configuring network group 'yolov8s_pose' with params: batch size: 0, power mode: PERFORMANCE, latency: NONE
[2026-08-18 02:01:29.515] [1857134] [HailoRT] [info] [multi_io_elements.cpp:756] [create] Created (AsyncHwEl)
[2026-08-18 02:01:29.515] [1857134] [HailoRT] [info] [queue_elements.cpp:450] [create] Created (EntryPushQEl0yolov8s_pose/input_layer1 | timeout: 10s)
[2026-08-18 02:01:29.515] [1857134] [HailoRT] [info] [filter_elements.cpp:101] [create] Created (PreInferEl3yolov8s_pose/input_layer1 | Reorder - src_order: RGB4, src_shape: (640, 640, 3), dst_order: NHWC, dst_shape: (640, 640, 3))
[2026-08-18 02:01:29.515] [1857134] [HailoRT] [info] [queue_elements.cpp:450] [create] Created (PushQEl3yolov8s_pose/input_layer1 | timeout: 10s)
[2026-08-18 02:01:29.515] [1857134] [HailoRT] [info] [edge_elements.cpp:187] [create] Created (LastAsyncEl3AsyncHwEl)
[2026-08-18 02:01:29.515] [1857134] [HailoRT] [info] [queue_elements.cpp:450] [create] Created (PushQEl4AsyncHwEl | timeout: 10s)
[2026-08-18 02:01:29.515] [1857134] [HailoRT] [info] [filter_elements.cpp:375] [create] Created (PostInferEl4AsyncHwEl | Reorder - src_order: FCR, src_shape: (20, 20, 56), dst_order: FCR, dst_shape: (20, 20, 51))
[2026-08-18 02:01:29.515] [1857134] [HailoRT] [info] [edge_elements.cpp:187] [create] Created (LastAsyncEl0PostInferEl4AsyncHwEl)
[2026-08-18 02:01:29.515] [1857134] [HailoRT] [info] [edge_elements.cpp:187] [create] Created (LastAsyncEl5AsyncHwEl)
[2026-08-18 02:01:29.515] [1857134] [HailoRT] [info] [edge_elements.cpp:187] [create] Created (LastAsyncEl0AsyncHwEl)
[2026-08-18 02:01:29.515] [1857134] [HailoRT] [info] [edge_elements.cpp:187] [create] Created (LastAsyncEl1AsyncHwEl)
[2026-08-18 02:01:29.515] [1857134] [HailoRT] [info] [edge_elements.cpp:187] [create] Created (LastAsyncEl2AsyncHwEl)
[2026-08-18 02:01:29.515] [1857134] [HailoRT] [info] [queue_elements.cpp:450] [create] Created (PushQEl7AsyncHwEl | timeout: 10s)
[2026-08-18 02:01:29.515] [1857134] [HailoRT] [info] [filter_elements.cpp:375] [create] Created (PostInferEl7AsyncHwEl | Reorder - src_order: FCR, src_shape: (40, 40, 56), dst_order: FCR, dst_shape: (40, 40, 51))
[2026-08-18 02:01:29.515] [1857134] [HailoRT] [info] [edge_elements.cpp:187] [create] Created (LastAsyncEl0PostInferEl7AsyncHwEl)
[2026-08-18 02:01:29.515] [1857134] [HailoRT] [info] [edge_elements.cpp:187] [create] Created (LastAsyncEl8AsyncHwEl)
[2026-08-18 02:01:29.516] [1857134] [HailoRT] [info] [queue_elements.cpp:450] [create] Created (PushQEl6AsyncHwEl | timeout: 10s)
[2026-08-18 02:01:29.516] [1857134] [HailoRT] [info] [filter_elements.cpp:375] [create] Created (PostInferEl6AsyncHwEl | Reorder - src_order: FCR, src_shape: (80, 80, 56), dst_order: FCR, dst_shape: (80, 80, 51))
[2026-08-18 02:01:29.516] [1857134] [HailoRT] [info] [edge_elements.cpp:187] [create] Created (LastAsyncEl0PostInferEl6AsyncHwEl)
[2026-08-18 02:01:29.516] [1857134] [HailoRT] [info] [pipeline.cpp:891] [print_deep_description] EntryPushQEl0yolov8s_pose/input_layer1 | inputs: user | outputs: PreInferEl3yolov8s_pose/input_layer1(running in thread_id: 1859750)
[2026-08-18 02:01:29.516] [1857134] [HailoRT] [info] [pipeline.cpp:891] [print_deep_description] PreInferEl3yolov8s_pose/input_layer1 | inputs: EntryPushQEl0yolov8s_pose/input_layer1[0] | outputs: PushQEl3yolov8s_pose/input_layer1
[2026-08-18 02:01:29.516] [1857134] [HailoRT] [info] [pipeline.cpp:891] [print_deep_description] PushQEl3yolov8s_pose/input_layer1 | inputs: PreInferEl3yolov8s_pose/input_layer1[0] | outputs: AsyncHwEl(running in thread_id: 1859751)
[2026-08-18 02:01:29.516] [1857134] [HailoRT] [info] [pipeline.cpp:891] [print_deep_description] AsyncHwEl | inputs: PushQEl3yolov8s_pose/input_layer1[0] | outputs: LastAsyncEl0AsyncHwEl LastAsyncEl1AsyncHwEl LastAsyncEl2AsyncHwEl LastAsyncEl3AsyncHwEl PushQEl4AsyncHwEl LastAsyncEl5AsyncHwEl PushQEl6AsyncHwEl PushQEl7AsyncHwEl LastAsyncEl8AsyncHwEl
[2026-08-18 02:01:29.516] [1857134] [HailoRT] [info] [pipeline.cpp:891] [print_deep_description] LastAsyncEl0AsyncHwEl | inputs: AsyncHwEl[0] | outputs: user
[2026-08-18 02:01:29.516] [1857134] [HailoRT] [info] [pipeline.cpp:891] [print_deep_description] LastAsyncEl1AsyncHwEl | inputs: AsyncHwEl[0] | outputs: user
[2026-08-18 02:01:29.516] [1857134] [HailoRT] [info] [pipeline.cpp:891] [print_deep_description] LastAsyncEl2AsyncHwEl | inputs: AsyncHwEl[0] | outputs: user
[2026-08-18 02:01:29.516] [1857134] [HailoRT] [info] [pipeline.cpp:891] [print_deep_description] LastAsyncEl3AsyncHwEl | inputs: AsyncHwEl[0] | outputs: user
[2026-08-18 02:01:29.516] [1857134] [HailoRT] [info] [pipeline.cpp:891] [print_deep_description] PushQEl4AsyncHwEl | inputs: AsyncHwEl[0] | outputs: PostInferEl4AsyncHwEl(running in thread_id: 1859752)
[2026-08-18 02:01:29.516] [1857134] [HailoRT] [info] [pipeline.cpp:891] [print_deep_description] PostInferEl4AsyncHwEl | inputs: PushQEl4AsyncHwEl[0] | outputs: LastAsyncEl0PostInferEl4AsyncHwEl
[2026-08-18 02:01:29.516] [1857134] [HailoRT] [info] [pipeline.cpp:891] [print_deep_description] LastAsyncEl0PostInferEl4AsyncHwEl | inputs: PostInferEl4AsyncHwEl[0] | outputs: user
[2026-08-18 02:01:29.516] [1857134] [HailoRT] [info] [pipeline.cpp:891] [print_deep_description] LastAsyncEl5AsyncHwEl | inputs: AsyncHwEl[0] | outputs: user
[2026-08-18 02:01:29.516] [1857134] [HailoRT] [info] [pipeline.cpp:891] [print_deep_description] PushQEl6AsyncHwEl | inputs: AsyncHwEl[0] | outputs: PostInferEl6AsyncHwEl(running in thread_id: 1859754)
[2026-08-18 02:01:29.516] [1857134] [HailoRT] [info] [pipeline.cpp:891] [print_deep_description] PostInferEl6AsyncHwEl | inputs: PushQEl6AsyncHwEl[0] | outputs: LastAsyncEl0PostInferEl6AsyncHwEl
[2026-08-18 02:01:29.516] [1857134] [HailoRT] [info] [pipeline.cpp:891] [print_deep_description] LastAsyncEl0PostInferEl6AsyncHwEl | inputs: PostInferEl6AsyncHwEl[0] | outputs: user
[2026-08-18 02:01:29.516] [1857134] [HailoRT] [info] [pipeline.cpp:891] [print_deep_description] PushQEl7AsyncHwEl | inputs: AsyncHwEl[0] | outputs: PostInferEl7AsyncHwEl(running in thread_id: 1859753)
[2026-08-18 02:01:29.516] [1857134] [HailoRT] [info] [pipeline.cpp:891] [print_deep_description] PostInferEl7AsyncHwEl | inputs: PushQEl7AsyncHwEl[0] | outputs: LastAsyncEl0PostInferEl7AsyncHwEl
[2026-08-18 02:01:29.516] [1857134] [HailoRT] [info] [pipeline.cpp:891] [print_deep_description] LastAsyncEl0PostInferEl7AsyncHwEl | inputs: PostInferEl7AsyncHwEl[0] | outputs: user
[2026-08-18 02:01:29.516] [1857134] [HailoRT] [info] [pipeline.cpp:891] [print_deep_description] LastAsyncEl8AsyncHwEl | inputs: AsyncHwEl[0] | outputs: user
[2026-08-18 02:01:29.520] [1857134] [HailoRT] [info] [internal_buffer_manager.cpp:202] [print_execution_results] Default Internal buffer planner failed to meet requirements
[2026-08-18 02:01:29.520] [1857134] [HailoRT] [info] [internal_buffer_manager.cpp:212] [print_execution_results] Default Internal buffer planner executed successfully
[2026-08-18 02:01:29.530] [1857134] [HailoRT] [info] [device_internal.cpp:57] [configure] Configuring HEF took 11.64116 milliseconds
[2026-08-18 02:01:29.530] [1857134] [HailoRT] [info] [vdevice.cpp:749] [configure] Configuring HEF on VDevice took 13.183786 milliseconds
[2026-08-18 02:01:29.530] [1857134] [HailoRT] [info] [infer_model.cpp:436] [configure] Configuring network group 'yolov8s' with params: batch size: 0, power mode: PERFORMANCE, latency: NONE
[2026-08-18 02:01:29.530] [1857134] [HailoRT] [info] [multi_io_elements.cpp:756] [create] Created (AsyncHwEl)
[2026-08-18 02:01:29.531] [1857134] [HailoRT] [info] [queue_elements.cpp:450] [create] Created (EntryPushQEl0yolov8s/input_layer1 | timeout: 10s)
[2026-08-18 02:01:29.531] [1857134] [HailoRT] [info] [filter_elements.cpp:101] [create] Created (PreInferEl3yolov8s/input_layer1 | Reorder - src_order: RGB4, src_shape: (640, 640, 3), dst_order: NHCW, dst_shape: (640, 640, 3))
[2026-08-18 02:01:29.531] [1857134] [HailoRT] [info] [queue_elements.cpp:450] [create] Created (PushQEl3yolov8s/input_layer1 | timeout: 10s)
[2026-08-18 02:01:29.531] [1857134] [HailoRT] [info] [multi_io_elements.cpp:135] [create] Created (NmsPPMuxEl0YOLOV8-Post-Process | Op YOLOV8, Name: YOLOV8-Post-Process, Score threshold: 0.200, IoU threshold: 0.70, Classes: 80, Cross classes: false, NMS results order: BY_CLASS, Max bboxes per class: 100, Image height: 640, Image width: 640)
[2026-08-18 02:01:29.531] [1857134] [HailoRT] [info] [queue_elements.cpp:942] [create] Created (MultiPushQEl0YOLOV8-Post-Process | timeout: 10s)
[2026-08-18 02:01:29.531] [1857134] [HailoRT] [info] [edge_elements.cpp:187] [create] Created (LastAsyncEl0NmsPPMuxEl0YOLOV8-Post-Process)
[2026-08-18 02:01:29.531] [1857134] [HailoRT] [info] [pipeline.cpp:891] [print_deep_description] EntryPushQEl0yolov8s/input_layer1 | inputs: user | outputs: PreInferEl3yolov8s/input_layer1(running in thread_id: 1859755)
[2026-08-18 02:01:29.531] [1857134] [HailoRT] [info] [pipeline.cpp:891] [print_deep_description] PreInferEl3yolov8s/input_layer1 | inputs: EntryPushQEl0yolov8s/input_layer1[0] | outputs: PushQEl3yolov8s/input_layer1
[2026-08-18 02:01:29.531] [1857134] [HailoRT] [info] [pipeline.cpp:891] [print_deep_description] PushQEl3yolov8s/input_layer1 | inputs: PreInferEl3yolov8s/input_layer1[0] | outputs: AsyncHwEl(running in thread_id: 1859756)
[2026-08-18 02:01:29.531] [1857134] [HailoRT] [info] [pipeline.cpp:891] [print_deep_description] AsyncHwEl | inputs: PushQEl3yolov8s/input_layer1[0] | outputs: MultiPushQEl0YOLOV8-Post-Process MultiPushQEl0YOLOV8-Post-Process MultiPushQEl0YOLOV8-Post-Process MultiPushQEl0YOLOV8-Post-Process MultiPushQEl0YOLOV8-Post-Process MultiPushQEl0YOLOV8-Post-Process
[2026-08-18 02:01:29.531] [1857134] [HailoRT] [info] [pipeline.cpp:891] [print_deep_description] MultiPushQEl0YOLOV8-Post-Process | inputs: AsyncHwEl[0] AsyncHwEl[1] AsyncHwEl[2] AsyncHwEl[3] AsyncHwEl[4] AsyncHwEl[5] | outputs: NmsPPMuxEl0YOLOV8-Post-Process(running in thread_id: 1859757)
[2026-08-18 02:01:29.531] [1857134] [HailoRT] [info] [pipeline.cpp:891] [print_deep_description] NmsPPMuxEl0YOLOV8-Post-Process | inputs: MultiPushQEl0YOLOV8-Post-Process[0] | outputs: LastAsyncEl0NmsPPMuxEl0YOLOV8-Post-Process
[2026-08-18 02:01:29.531] [1857134] [HailoRT] [info] [pipeline.cpp:891] [print_deep_description] LastAsyncEl0NmsPPMuxEl0YOLOV8-Post-Process | inputs: NmsPPMuxEl0YOLOV8-Post-Process[0] | outputs: user
[2026-08-18 02:01:29.822] [1857910] [HailoRT] [info] [hef.cpp:1929] [get_network_group_and_network_name] No name was given. Addressing all networks of default network_group: yolov8s_pose
[2026-08-18 02:01:29.908] [1857911] [HailoRT] [info] [hef.cpp:1929] [get_network_group_and_network_name] No name was given. Addressing all networks of default network_group: yolov8s
[2026-08-18 02:02:53.560] [1857134] [HailoRT] [info] [async_infer_runner.cpp:86] [shutdown] Pipeline was aborted. Shutting it down
[2026-08-18 02:02:53.563] [1857134] [HailoRT] [info] [queue_elements.cpp:570] [execute_deactivate] enqueue() in element PushQEl4AsyncHwEl was aborted, got status = HAILO_SHUTDOWN_EVENT_SIGNALED(57)
[2026-08-18 02:02:53.563] [1857134] [HailoRT] [info] [queue_elements.cpp:570] [execute_deactivate] enqueue() in element PushQEl6AsyncHwEl was aborted, got status = HAILO_SHUTDOWN_EVENT_SIGNALED(57)
[2026-08-18 02:02:53.563] [1857134] [HailoRT] [info] [queue_elements.cpp:570] [execute_deactivate] enqueue() in element PushQEl7AsyncHwEl was aborted, got status = HAILO_SHUTDOWN_EVENT_SIGNALED(57)
[2026-08-18 02:02:53.563] [1857134] [HailoRT] [info] [queue_elements.cpp:570] [execute_deactivate] enqueue() in element PushQEl3yolov8s_pose/input_layer1 was aborted, got status = HAILO_SHUTDOWN_EVENT_SIGNALED(57)
[2026-08-18 02:02:53.563] [1857134] [HailoRT] [info] [queue_elements.cpp:570] [execute_deactivate] enqueue() in element EntryPushQEl0yolov8s_pose/input_layer1 was aborted, got status = HAILO_SHUTDOWN_EVENT_SIGNALED(57)
[2026-08-18 02:02:53.564] [1857134] [HailoRT] [info] [queue_elements.cpp:46] [~BaseQueueElement] Queue element EntryPushQEl0yolov8s_pose/input_layer1 has 0 frames in his Queue on destruction
[2026-08-18 02:02:53.564] [1857134] [HailoRT] [info] [queue_elements.cpp:46] [~BaseQueueElement] Queue element PushQEl3yolov8s_pose/input_layer1 has 0 frames in his Queue on destruction
[2026-08-18 02:02:53.564] [1857134] [HailoRT] [info] [queue_elements.cpp:46] [~BaseQueueElement] Queue element PushQEl4AsyncHwEl has 0 frames in his Queue on destruction
[2026-08-18 02:02:53.564] [1857134] [HailoRT] [info] [queue_elements.cpp:46] [~BaseQueueElement] Queue element PushQEl7AsyncHwEl has 0 frames in his Queue on destruction
[2026-08-18 02:02:53.564] [1857134] [HailoRT] [info] [queue_elements.cpp:46] [~BaseQueueElement] Queue element PushQEl6AsyncHwEl has 0 frames in his Queue on destruction
[2026-08-18 02:02:53.564] [1857134] [HailoRT] [info] [async_infer_runner.cpp:86] [shutdown] Pipeline was aborted. Shutting it down
[2026-08-18 02:02:53.571] [1859743] [HailoRT] [info] [network_group.cpp:857] [operator()] Infer request was aborted by user
[2026-08-18 02:02:53.571] [1859743] [HailoRT] [info] [network_group.cpp:857] [operator()] Infer request was aborted by user
[2026-08-18 02:02:53.571] [1857134] [HailoRT] [info] [queue_elements.cpp:1131] [execute_deactivate] enqueue() in element MultiPushQEl0YOLOV8-Post-Process was aborted, got status = HAILO_SHUTDOWN_EVENT_SIGNALED(57)
[2026-08-18 02:02:53.571] [1857134] [HailoRT] [info] [queue_elements.cpp:1131] [execute_deactivate] enqueue() in element MultiPushQEl0YOLOV8-Post-Process was aborted, got status = HAILO_SHUTDOWN_EVENT_SIGNALED(57)
[2026-08-18 02:02:53.571] [1857134] [HailoRT] [info] [queue_elements.cpp:1131] [execute_deactivate] enqueue() in element MultiPushQEl0YOLOV8-Post-Process was aborted, got status = HAILO_SHUTDOWN_EVENT_SIGNALED(57)
[2026-08-18 02:02:53.571] [1857134] [HailoRT] [info] [queue_elements.cpp:1131] [execute_deactivate] enqueue() in element MultiPushQEl0YOLOV8-Post-Process was aborted, got status = HAILO_SHUTDOWN_EVENT_SIGNALED(57)
[2026-08-18 02:02:53.571] [1857134] [HailoRT] [info] [queue_elements.cpp:1131] [execute_deactivate] enqueue() in element MultiPushQEl0YOLOV8-Post-Process was aborted, got status = HAILO_SHUTDOWN_EVENT_SIGNALED(57)
[2026-08-18 02:02:53.571] [1857134] [HailoRT] [info] [queue_elements.cpp:1131] [execute_deactivate] enqueue() in element MultiPushQEl0YOLOV8-Post-Process was aborted, got status = HAILO_SHUTDOWN_EVENT_SIGNALED(57)
[2026-08-18 02:02:53.571] [1857134] [HailoRT] [info] [queue_elements.cpp:570] [execute_deactivate] enqueue() in element PushQEl3yolov8s/input_layer1 was aborted, got status = HAILO_SHUTDOWN_EVENT_SIGNALED(57)
[2026-08-18 02:02:53.571] [1857134] [HailoRT] [info] [queue_elements.cpp:570] [execute_deactivate] enqueue() in element EntryPushQEl0yolov8s/input_layer1 was aborted, got status = HAILO_SHUTDOWN_EVENT_SIGNALED(57)
[2026-08-18 02:02:53.571] [1857134] [HailoRT] [info] [queue_elements.cpp:46] [~BaseQueueElement] Queue element EntryPushQEl0yolov8s/input_layer1 has 0 frames in his Queue on destruction
[2026-08-18 02:02:53.571] [1857134] [HailoRT] [info] [queue_elements.cpp:46] [~BaseQueueElement] Queue element PushQEl3yolov8s/input_layer1 has 0 frames in his Queue on destruction
[2026-08-18 02:02:53.653] [1857134] [HailoRT] [info] [vdevice.cpp:523] [create] Creating vdevice with params: device_count: 1, scheduling_algorithm: ROUND_ROBIN, multi_process_service: false
[2026-08-18 02:02:53.666] [1857134] [HailoRT] [info] [device.cpp:49] [Device] OS Version: Linux 6.12.34+rpt-rpi-2712 #1 SMP PREEMPT Debian 1:6.12.34-1+rpt1~bookworm (2025-06-26) aarch64
[2026-08-18 02:02:53.667] [1857134] [HailoRT] [info] [control.cpp:108] [control__parse_identify_results] firmware_version is: 4.20.0
[2026-08-18 02:02:53.667] [1857134] [HailoRT] [info] [vdevice.cpp:651] [create] VDevice Infos: 0001:03:00.0
[2026-08-18 02:02:53.704] [1857134] [HailoRT] [info] [hef.cpp:1929] [get_network_group_and_network_name] No name was given. Addressing all networks of default network_group: yolov8s
[2026-08-18 02:02:53.704] [1857134] [HailoRT] [info] [hef.cpp:1929] [get_network_group_and_network_name] No name was given. Addressing all networks of default network_group: yolov8s
[2026-08-18 02:02:53.735] [1857134] [HailoRT] [info] [vdevice.cpp:523] [create] Creating vdevice with params: device_count: 1, scheduling_algorithm: ROUND_ROBIN, multi_process_service: false
[2026-08-18 02:02:53.835] [1857134] [HailoRT] [info] [hef.cpp:1929] [get_network_group_and_network_name] No name was given. Addressing all networks of default network_group: yolov8s_pose
[2026-08-18 02:02:53.835] [1857134] [HailoRT] [info] [hef.cpp:1929] [get_network_group_and_network_name] No name was given. Addressing all networks of default network_group: yolov8s_pose
[2026-08-18 02:02:53.859] [1857134] [HailoRT] [warning] [device_internal.cpp:616] [check_hef_is_compatible] HEF was compiled for Hailo8L device, while the device itself is Hailo8. This will result in lower performance.
[2026-08-18 02:02:53.860] [1857134] [HailoRT] [warning] [device_internal.cpp:616] [check_hef_is_compatible] HEF was compiled for Hailo8L device, while the device itself is Hailo8. This will result in lower performance.
[2026-08-18 02:02:53.866] [1857134] [HailoRT] [info] [internal_buffer_manager.cpp:204] [print_execution_results] Planned internal buffer memory: CMA memory 0, user memory 3321344. memory to edge layer usage factor is 0.93083656
[2026-08-18 02:02:53.866] [1857134] [HailoRT] [info] [internal_buffer_manager.cpp:212] [print_execution_results] Default Internal buffer planner executed successfully
[2026-08-18 02:02:53.883] [1857134] [HailoRT] [info] [device_internal.cpp:57] [configure] Configuring HEF took 23.443245 milliseconds
[2026-08-18 02:02:53.883] [1857134] [HailoRT] [info] [vdevice.cpp:749] [configure] Configuring HEF on VDevice took 24.14004 milliseconds
[2026-08-18 02:02:53.883] [1857134] [HailoRT] [info] [infer_model.cpp:436] [configure] Configuring network group 'yolov8s_pose' with params: batch size: 0, power mode: PERFORMANCE, latency: NONE
[2026-08-18 02:02:53.883] [1857134] [HailoRT] [info] [multi_io_elements.cpp:756] [create] Created (AsyncHwEl)
[2026-08-18 02:02:53.883] [1857134] [HailoRT] [info] [queue_elements.cpp:450] [create] Created (EntryPushQEl0yolov8s_pose/input_layer1 | timeout: 10s)
[2026-08-18 02:02:53.883] [1857134] [HailoRT] [info] [filter_elements.cpp:101] [create] Created (PreInferEl3yolov8s_pose/input_layer1 | Reorder - src_order: RGB4, src_shape: (640, 640, 3), dst_order: NHWC, dst_shape: (640, 640, 3))
[2026-08-18 02:02:53.883] [1857134] [HailoRT] [info] [queue_elements.cpp:450] [create] Created (PushQEl3yolov8s_pose/input_layer1 | timeout: 10s)
[2026-08-18 02:02:53.883] [1857134] [HailoRT] [info] [edge_elements.cpp:187] [create] Created (LastAsyncEl3AsyncHwEl)
[2026-08-18 02:02:53.883] [1857134] [HailoRT] [info] [queue_elements.cpp:450] [create] Created (PushQEl4AsyncHwEl | timeout: 10s)
[2026-08-18 02:02:53.883] [1857134] [HailoRT] [info] [filter_elements.cpp:375] [create] Created (PostInferEl4AsyncHwEl | Reorder - src_order: FCR, src_shape: (20, 20, 56), dst_order: FCR, dst_shape: (20, 20, 51))
[2026-08-18 02:02:53.883] [1857134] [HailoRT] [info] [edge_elements.cpp:187] [create] Created (LastAsyncEl0PostInferEl4AsyncHwEl)
[2026-08-18 02:02:53.884] [1857134] [HailoRT] [info] [edge_elements.cpp:187] [create] Created (LastAsyncEl5AsyncHwEl)
[2026-08-18 02:02:53.884] [1857134] [HailoRT] [info] [edge_elements.cpp:187] [create] Created (LastAsyncEl0AsyncHwEl)
[2026-08-18 02:02:53.884] [1857134] [HailoRT] [info] [edge_elements.cpp:187] [create] Created (LastAsyncEl1AsyncHwEl)
[2026-08-18 02:02:53.884] [1857134] [HailoRT] [info] [edge_elements.cpp:187] [create] Created (LastAsyncEl2AsyncHwEl)
[2026-08-18 02:02:53.884] [1857134] [HailoRT] [info] [queue_elements.cpp:450] [create] Created (PushQEl7AsyncHwEl | timeout: 10s)
[2026-08-18 02:02:53.884] [1857134] [HailoRT] [info] [filter_elements.cpp:375] [create] Created (PostInferEl7AsyncHwEl | Reorder - src_order: FCR, src_shape: (40, 40, 56), dst_order: FCR, dst_shape: (40, 40, 51))
[2026-08-18 02:02:53.884] [1857134] [HailoRT] [info] [edge_elements.cpp:187] [create] Created (LastAsyncEl0PostInferEl7AsyncHwEl)
[2026-08-18 02:02:53.884] [1857134] [HailoRT] [info] [edge_elements.cpp:187] [create] Created (LastAsyncEl8AsyncHwEl)
[2026-08-18 02:02:53.884] [1857134] [HailoRT] [info] [queue_elements.cpp:450] [create] Created (PushQEl6AsyncHwEl | timeout: 10s)
[2026-08-18 02:02:53.884] [1857134] [HailoRT] [info] [filter_elements.cpp:375] [create] Created (PostInferEl6AsyncHwEl | Reorder - src_order: FCR, src_shape: (80, 80, 56), dst_order: FCR, dst_shape: (80, 80, 51))
[2026-08-18 02:02:53.884] [1857134] [HailoRT] [info] [edge_elements.cpp:187] [create] Created (LastAsyncEl0PostInferEl6AsyncHwEl)
[2026-08-18 02:02:53.884] [1857134] [HailoRT] [info] [pipeline.cpp:891] [print_deep_description] EntryPushQEl0yolov8s_pose/input_layer1 | inputs: user | outputs: PreInferEl3yolov8s_pose/input_layer1(running in thread_id: 1860061)
[2026-08-18 02:02:53.884] [1857134] [HailoRT] [info] [pipeline.cpp:891] [print_deep_description] PreInferEl3yolov8s_pose/input_layer1 | inputs: EntryPushQEl0yolov8s_pose/input_layer1[0] | outputs: PushQEl3yolov8s_pose/input_layer1
[2026-08-18 02:02:53.884] [1857134] [HailoRT] [info] [pipeline.cpp:891] [print_deep_description] PushQEl3yolov8s_pose/input_layer1 | inputs: PreInferEl3yolov8s_pose/input_layer1[0] | outputs: AsyncHwEl(running in thread_id: 1860062)
[2026-08-18 02:02:53.884] [1857134] [HailoRT] [info] [pipeline.cpp:891] [print_deep_description] AsyncHwEl | inputs: PushQEl3yolov8s_pose/input_layer1[0] | outputs: LastAsyncEl0AsyncHwEl LastAsyncEl1AsyncHwEl LastAsyncEl2AsyncHwEl LastAsyncEl3AsyncHwEl PushQEl4AsyncHwEl LastAsyncEl5AsyncHwEl PushQEl6AsyncHwEl PushQEl7AsyncHwEl LastAsyncEl8AsyncHwEl
[2026-08-18 02:02:53.884] [1857134] [HailoRT] [info] [pipeline.cpp:891] [print_deep_description] LastAsyncEl0AsyncHwEl | inputs: AsyncHwEl[0] | outputs: user
[2026-08-18 02:02:53.884] [1857134] [HailoRT] [info] [pipeline.cpp:891] [print_deep_description] LastAsyncEl1AsyncHwEl | inputs: AsyncHwEl[0] | outputs: user
[2026-08-18 02:02:53.884] [1857134] [HailoRT] [info] [pipeline.cpp:891] [print_deep_description] LastAsyncEl2AsyncHwEl | inputs: AsyncHwEl[0] | outputs: user
[2026-08-18 02:02:53.884] [1857134] [HailoRT] [info] [pipeline.cpp:891] [print_deep_description] LastAsyncEl3AsyncHwEl | inputs: AsyncHwEl[0] | outputs: user
[2026-08-18 02:02:53.884] [1857134] [HailoRT] [info] [pipeline.cpp:891] [print_deep_description] PushQEl4AsyncHwEl | inputs: AsyncHwEl[0] | outputs: PostInferEl4AsyncHwEl(running in thread_id: 1860063)
[2026-08-18 02:02:53.884] [1857134] [HailoRT] [info] [pipeline.cpp:891] [print_deep_description] PostInferEl4AsyncHwEl | inputs: PushQEl4AsyncHwEl[0] | outputs: LastAsyncEl0PostInferEl4AsyncHwEl
[2026-08-18 02:02:53.884] [1857134] [HailoRT] [info] [pipeline.cpp:891] [print_deep_description] LastAsyncEl0PostInferEl4AsyncHwEl | inputs: PostInferEl4AsyncHwEl[0] | outputs: user
[2026-08-18 02:02:53.884] [1857134] [HailoRT] [info] [pipeline.cpp:891] [print_deep_description] LastAsyncEl5AsyncHwEl | inputs: AsyncHwEl[0] | outputs: user
[2026-08-18 02:02:53.884] [1857134] [HailoRT] [info] [pipeline.cpp:891] [print_deep_description] PushQEl6AsyncHwEl | inputs: AsyncHwEl[0] | outputs: PostInferEl6AsyncHwEl(running in thread_id: 1860065)
[2026-08-18 02:02:53.884] [1857134] [HailoRT] [info] [pipeline.cpp:891] [print_deep_description] PostInferEl6AsyncHwEl | inputs: PushQEl6AsyncHwEl[0] | outputs: LastAsyncEl0PostInferEl6AsyncHwEl
[2026-08-18 02:02:53.884] [1857134] [HailoRT] [info] [pipeline.cpp:891] [print_deep_description] LastAsyncEl0PostInferEl6AsyncHwEl | inputs: PostInferEl6AsyncHwEl[0] | outputs: user
[2026-08-18 02:02:53.884] [1857134] [HailoRT] [info] [pipeline.cpp:891] [print_deep_description] PushQEl7AsyncHwEl | inputs: AsyncHwEl[0] | outputs: PostInferEl7AsyncHwEl(running in thread_id: 1860064)
[2026-08-18 02:02:53.884] [1857134] [HailoRT] [info] [pipeline.cpp:891] [print_deep_description] PostInferEl7AsyncHwEl | inputs: PushQEl7AsyncHwEl[0] | outputs: LastAsyncEl0PostInferEl7AsyncHwEl
[2026-08-18 02:02:53.884] [1857134] [HailoRT] [info] [pipeline.cpp:891] [print_deep_description] LastAsyncEl0PostInferEl7AsyncHwEl | inputs: PostInferEl7AsyncHwEl[0] | outputs: user
[2026-08-18 02:02:53.884] [1857134] [HailoRT] [info] [pipeline.cpp:891] [print_deep_description] LastAsyncEl8AsyncHwEl | inputs: AsyncHwEl[0] | outputs: user
[2026-08-18 02:02:53.887] [1857134] [HailoRT] [info] [internal_buffer_manager.cpp:202] [print_execution_results] Default Internal buffer planner failed to meet requirements
[2026-08-18 02:02:53.887] [1857134] [HailoRT] [info] [internal_buffer_manager.cpp:212] [print_execution_results] Default Internal buffer planner executed successfully
[2026-08-18 02:02:53.897] [1857134] [HailoRT] [info] [device_internal.cpp:57] [configure] Configuring HEF took 11.50853 milliseconds
[2026-08-18 02:02:53.897] [1857134] [HailoRT] [info] [vdevice.cpp:749] [configure] Configuring HEF on VDevice took 11.987882 milliseconds
[2026-08-18 02:02:53.897] [1857134] [HailoRT] [info] [infer_model.cpp:436] [configure] Configuring network group 'yolov8s' with params: batch size: 0, power mode: PERFORMANCE, latency: NONE
[2026-08-18 02:02:53.897] [1857134] [HailoRT] [info] [multi_io_elements.cpp:756] [create] Created (AsyncHwEl)
[2026-08-18 02:02:53.898] [1857134] [HailoRT] [info] [queue_elements.cpp:450] [create] Created (EntryPushQEl0yolov8s/input_layer1 | timeout: 10s)
[2026-08-18 02:02:53.898] [1857134] [HailoRT] [info] [filter_elements.cpp:101] [create] Created (PreInferEl3yolov8s/input_layer1 | Reorder - src_order: RGB4, src_shape: (640, 640, 3), dst_order: NHCW, dst_shape: (640, 640, 3))
[2026-08-18 02:02:53.898] [1857134] [HailoRT] [info] [queue_elements.cpp:450] [create] Created (PushQEl3yolov8s/input_layer1 | timeout: 10s)
[2026-08-18 02:02:53.898] [1857134] [HailoRT] [info] [multi_io_elements.cpp:135] [create] Created (NmsPPMuxEl0YOLOV8-Post-Process | Op YOLOV8, Name: YOLOV8-Post-Process, Score threshold: 0.200, IoU threshold: 0.70, Classes: 80, Cross classes: false, NMS results order: BY_CLASS, Max bboxes per class: 100, Image height: 640, Image width: 640)
[2026-08-18 02:02:53.898] [1857134] [HailoRT] [info] [queue_elements.cpp:942] [create] Created (MultiPushQEl0YOLOV8-Post-Process | timeout: 10s)
[2026-08-18 02:02:53.898] [1857134] [HailoRT] [info] [edge_elements.cpp:187] [create] Created (LastAsyncEl0NmsPPMuxEl0YOLOV8-Post-Process)
[2026-08-18 02:02:53.898] [1857134] [HailoRT] [info] [pipeline.cpp:891] [print_deep_description] EntryPushQEl0yolov8s/input_layer1 | inputs: user | outputs: PreInferEl3yolov8s/input_layer1(running in thread_id: 1860066)
[2026-08-18 02:02:53.898] [1857134] [HailoRT] [info] [pipeline.cpp:891] [print_deep_description] PreInferEl3yolov8s/input_layer1 | inputs: EntryPushQEl0yolov8s/input_layer1[0] | outputs: PushQEl3yolov8s/input_layer1
[2026-08-18 02:02:53.898] [1857134] [HailoRT] [info] [pipeline.cpp:891] [print_deep_description] PushQEl3yolov8s/input_layer1 | inputs: PreInferEl3yolov8s/input_layer1[0] | outputs: AsyncHwEl(running in thread_id: 1860067)
[2026-08-18 02:02:53.898] [1857134] [HailoRT] [info] [pipeline.cpp:891] [print_deep_description] AsyncHwEl | inputs: PushQEl3yolov8s/input_layer1[0] | outputs: MultiPushQEl0YOLOV8-Post-Process MultiPushQEl0YOLOV8-Post-Process MultiPushQEl0YOLOV8-Post-Process MultiPushQEl0YOLOV8-Post-Process MultiPushQEl0YOLOV8-Post-Process MultiPushQEl0YOLOV8-Post-Process
[2026-08-18 02:02:53.898] [1857134] [HailoRT] [info] [pipeline.cpp:891] [print_deep_description] MultiPushQEl0YOLOV8-Post-Process | inputs: AsyncHwEl[0] AsyncHwEl[1] AsyncHwEl[2] AsyncHwEl[3] AsyncHwEl[4] AsyncHwEl[5] | outputs: NmsPPMuxEl0YOLOV8-Post-Process(running in thread_id: 1860068)
[2026-08-18 02:02:53.898] [1857134] [HailoRT] [info] [pipeline.cpp:891] [print_deep_description] NmsPPMuxEl0YOLOV8-Post-Process | inputs: MultiPushQEl0YOLOV8-Post-Process[0] | outputs: LastAsyncEl0NmsPPMuxEl0YOLOV8-Post-Process
[2026-08-18 02:02:53.898] [1857134] [HailoRT] [info] [pipeline.cpp:891] [print_deep_description] LastAsyncEl0NmsPPMuxEl0YOLOV8-Post-Process | inputs: NmsPPMuxEl0YOLOV8-Post-Process[0] | outputs: user
[2026-08-18 02:02:54.223] [1857910] [HailoRT] [info] [hef.cpp:1929] [get_network_group_and_network_name] No name was given. Addressing all networks of default network_group: yolov8s_pose
[2026-08-18 02:02:54.289] [1857961] [HailoRT] [info] [hef.cpp:1929] [get_network_group_and_network_name] No name was given. Addressing all networks of default network_group: yolov8s
[2026-08-18 02:03:18.826] [1857134] [HailoRT] [info] [async_infer_runner.cpp:86] [shutdown] Pipeline was aborted. Shutting it down
[2026-08-18 02:03:18.827] [1857134] [HailoRT] [info] [queue_elements.cpp:570] [execute_deactivate] enqueue() in element PushQEl4AsyncHwEl was aborted, got status = HAILO_SHUTDOWN_EVENT_SIGNALED(57)
[2026-08-18 02:03:18.827] [1857134] [HailoRT] [info] [queue_elements.cpp:570] [execute_deactivate] enqueue() in element PushQEl6AsyncHwEl was aborted, got status = HAILO_SHUTDOWN_EVENT_SIGNALED(57)
[2026-08-18 02:03:18.827] [1857134] [HailoRT] [info] [queue_elements.cpp:570] [execute_deactivate] enqueue() in element PushQEl7AsyncHwEl was aborted, got status = HAILO_SHUTDOWN_EVENT_SIGNALED(57)
[2026-08-18 02:03:18.827] [1857134] [HailoRT] [info] [queue_elements.cpp:570] [execute_deactivate] enqueue() in element PushQEl3yolov8s_pose/input_layer1 was aborted, got status = HAILO_SHUTDOWN_EVENT_SIGNALED(57)
[2026-08-18 02:03:18.827] [1857134] [HailoRT] [info] [queue_elements.cpp:570] [execute_deactivate] enqueue() in element EntryPushQEl0yolov8s_pose/input_layer1 was aborted, got status = HAILO_SHUTDOWN_EVENT_SIGNALED(57)
[2026-08-18 02:03:18.827] [1857134] [HailoRT] [info] [queue_elements.cpp:46] [~BaseQueueElement] Queue element EntryPushQEl0yolov8s_pose/input_layer1 has 0 frames in his Queue on destruction
[2026-08-18 02:03:18.827] [1857134] [HailoRT] [info] [queue_elements.cpp:46] [~BaseQueueElement] Queue element PushQEl3yolov8s_pose/input_layer1 has 0 frames in his Queue on destruction
[2026-08-18 02:03:18.827] [1857134] [HailoRT] [info] [queue_elements.cpp:46] [~BaseQueueElement] Queue element PushQEl4AsyncHwEl has 0 frames in his Queue on destruction
[2026-08-18 02:03:18.827] [1857134] [HailoRT] [info] [queue_elements.cpp:46] [~BaseQueueElement] Queue element PushQEl7AsyncHwEl has 0 frames in his Queue on destruction
[2026-08-18 02:03:18.827] [1857134] [HailoRT] [info] [queue_elements.cpp:46] [~BaseQueueElement] Queue element PushQEl6AsyncHwEl has 0 frames in his Queue on destruction
[2026-08-18 02:03:18.827] [1857134] [HailoRT] [info] [async_infer_runner.cpp:86] [shutdown] Pipeline was aborted. Shutting it down
[2026-08-18 02:03:18.833] [1860053] [HailoRT] [info] [network_group.cpp:857] [operator()] Infer request was aborted by user
[2026-08-18 02:03:18.834] [1857134] [HailoRT] [info] [queue_elements.cpp:1131] [execute_deactivate] enqueue() in element MultiPushQEl0YOLOV8-Post-Process was aborted, got status = HAILO_SHUTDOWN_EVENT_SIGNALED(57)
[2026-08-18 02:03:18.834] [1857134] [HailoRT] [info] [queue_elements.cpp:1131] [execute_deactivate] enqueue() in element MultiPushQEl0YOLOV8-Post-Process was aborted, got status = HAILO_SHUTDOWN_EVENT_SIGNALED(57)
[2026-08-18 02:03:18.834] [1857134] [HailoRT] [info] [queue_elements.cpp:1131] [execute_deactivate] enqueue() in element MultiPushQEl0YOLOV8-Post-Process was aborted, got status = HAILO_SHUTDOWN_EVENT_SIGNALED(57)
[2026-08-18 02:03:18.834] [1857134] [HailoRT] [info] [queue_elements.cpp:1131] [execute_deactivate] enqueue() in element MultiPushQEl0YOLOV8-Post-Process was aborted, got status = HAILO_SHUTDOWN_EVENT_SIGNALED(57)
[2026-08-18 02:03:18.834] [1857134] [HailoRT] [info] [queue_elements.cpp:1131] [execute_deactivate] enqueue() in element MultiPushQEl0YOLOV8-Post-Process was aborted, got status = HAILO_SHUTDOWN_EVENT_SIGNALED(57)
[2026-08-18 02:03:18.834] [1857134] [HailoRT] [info] [queue_elements.cpp:1131] [execute_deactivate] enqueue() in element MultiPushQEl0YOLOV8-Post-Process was aborted, got status = HAILO_SHUTDOWN_EVENT_SIGNALED(57)
[2026-08-18 02:03:18.834] [1857134] [HailoRT] [info] [queue_elements.cpp:570] [execute_deactivate] enqueue() in element PushQEl3yolov8s/input_layer1 was aborted, got status = HAILO_SHUTDOWN_EVENT_SIGNALED(57)
[2026-08-18 02:03:18.834] [1857134] [HailoRT] [info] [queue_elements.cpp:570] [execute_deactivate] enqueue() in element EntryPushQEl0yolov8s/input_layer1 was aborted, got status = HAILO_SHUTDOWN_EVENT_SIGNALED(57)
[2026-08-18 02:03:18.834] [1857134] [HailoRT] [info] [queue_elements.cpp:46] [~BaseQueueElement] Queue element EntryPushQEl0yolov8s/input_layer1 has 0 frames in his Queue on destruction
[2026-08-18 02:03:18.834] [1857134] [HailoRT] [info] [queue_elements.cpp:46] [~BaseQueueElement] Queue element PushQEl3yolov8s/input_layer1 has 0 frames in his Queue on destruction
[2026-08-18 02:03:18.937] [1857134] [HailoRT] [info] [vdevice.cpp:523] [create] Creating vdevice with params: device_count: 1, scheduling_algorithm: ROUND_ROBIN, multi_process_service: false
[2026-08-18 02:03:18.949] [1857134] [HailoRT] [info] [device.cpp:49] [Device] OS Version: Linux 6.12.34+rpt-rpi-2712 #1 SMP PREEMPT Debian 1:6.12.34-1+rpt1~bookworm (2025-06-26) aarch64
[2026-08-18 02:03:18.950] [1857134] [HailoRT] [info] [control.cpp:108] [control__parse_identify_results] firmware_version is: 4.20.0
[2026-08-18 02:03:18.950] [1857134] [HailoRT] [info] [vdevice.cpp:651] [create] VDevice Infos: 0001:03:00.0
[2026-08-18 02:03:18.988] [1857134] [HailoRT] [info] [hef.cpp:1929] [get_network_group_and_network_name] No name was given. Addressing all networks of default network_group: yolov8s
[2026-08-18 02:03:18.988] [1857134] [HailoRT] [info] [hef.cpp:1929] [get_network_group_and_network_name] No name was given. Addressing all networks of default network_group: yolov8s
[2026-08-18 02:03:19.017] [1857134] [HailoRT] [info] [vdevice.cpp:523] [create] Creating vdevice with params: device_count: 1, scheduling_algorithm: ROUND_ROBIN, multi_process_service: false
[2026-08-18 02:03:19.120] [1857134] [HailoRT] [info] [hef.cpp:1929] [get_network_group_and_network_name] No name was given. Addressing all networks of default network_group: yolov8s_pose
[2026-08-18 02:03:19.120] [1857134] [HailoRT] [info] [hef.cpp:1929] [get_network_group_and_network_name] No name was given. Addressing all networks of default network_group: yolov8s_pose
[2026-08-18 02:03:19.144] [1857134] [HailoRT] [warning] [device_internal.cpp:616] [check_hef_is_compatible] HEF was compiled for Hailo8L device, while the device itself is Hailo8. This will result in lower performance.
[2026-08-18 02:03:19.144] [1857134] [HailoRT] [warning] [device_internal.cpp:616] [check_hef_is_compatible] HEF was compiled for Hailo8L device, while the device itself is Hailo8. This will result in lower performance.
[2026-08-18 02:03:19.153] [1857134] [HailoRT] [info] [internal_buffer_manager.cpp:204] [print_execution_results] Planned internal buffer memory: CMA memory 0, user memory 3321344. memory to edge layer usage factor is 0.93083656
[2026-08-18 02:03:19.153] [1857134] [HailoRT] [info] [internal_buffer_manager.cpp:212] [print_execution_results] Default Internal buffer planner executed successfully
[2026-08-18 02:03:19.171] [1857134] [HailoRT] [info] [device_internal.cpp:57] [configure] Configuring HEF took 26.687368 milliseconds
[2026-08-18 02:03:19.171] [1857134] [HailoRT] [info] [vdevice.cpp:749] [configure] Configuring HEF on VDevice took 27.167256 milliseconds
[2026-08-18 02:03:19.171] [1857134] [HailoRT] [info] [infer_model.cpp:436] [configure] Configuring network group 'yolov8s_pose' with params: batch size: 0, power mode: PERFORMANCE, latency: NONE
[2026-08-18 02:03:19.171] [1857134] [HailoRT] [info] [multi_io_elements.cpp:756] [create] Created (AsyncHwEl)
[2026-08-18 02:03:19.171] [1857134] [HailoRT] [info] [queue_elements.cpp:450] [create] Created (EntryPushQEl0yolov8s_pose/input_layer1 | timeout: 10s)
[2026-08-18 02:03:19.171] [1857134] [HailoRT] [info] [filter_elements.cpp:101] [create] Created (PreInferEl3yolov8s_pose/input_layer1 | Reorder - src_order: RGB4, src_shape: (640, 640, 3), dst_order: NHWC, dst_shape: (640, 640, 3))
[2026-08-18 02:03:19.171] [1857134] [HailoRT] [info] [queue_elements.cpp:450] [create] Created (PushQEl3yolov8s_pose/input_layer1 | timeout: 10s)
[2026-08-18 02:03:19.171] [1857134] [HailoRT] [info] [edge_elements.cpp:187] [create] Created (LastAsyncEl3AsyncHwEl)
[2026-08-18 02:03:19.171] [1857134] [HailoRT] [info] [queue_elements.cpp:450] [create] Created (PushQEl4AsyncHwEl | timeout: 10s)
[2026-08-18 02:03:19.171] [1857134] [HailoRT] [info] [filter_elements.cpp:375] [create] Created (PostInferEl4AsyncHwEl | Reorder - src_order: FCR, src_shape: (20, 20, 56), dst_order: FCR, dst_shape: (20, 20, 51))
[2026-08-18 02:03:19.171] [1857134] [HailoRT] [info] [edge_elements.cpp:187] [create] Created (LastAsyncEl0PostInferEl4AsyncHwEl)
[2026-08-18 02:03:19.171] [1857134] [HailoRT] [info] [edge_elements.cpp:187] [create] Created (LastAsyncEl5AsyncHwEl)
[2026-08-18 02:03:19.171] [1857134] [HailoRT] [info] [edge_elements.cpp:187] [create] Created (LastAsyncEl0AsyncHwEl)
[2026-08-18 02:03:19.171] [1857134] [HailoRT] [info] [edge_elements.cpp:187] [create] Created (LastAsyncEl1AsyncHwEl)
[2026-08-18 02:03:19.171] [1857134] [HailoRT] [info] [edge_elements.cpp:187] [create] Created (LastAsyncEl2AsyncHwEl)
[2026-08-18 02:03:19.171] [1857134] [HailoRT] [info] [queue_elements.cpp:450] [create] Created (PushQEl7AsyncHwEl | timeout: 10s)
[2026-08-18 02:03:19.172] [1857134] [HailoRT] [info] [filter_elements.cpp:375] [create] Created (PostInferEl7AsyncHwEl | Reorder - src_order: FCR, src_shape: (40, 40, 56), dst_order: FCR, dst_shape: (40, 40, 51))
[2026-08-18 02:03:19.172] [1857134] [HailoRT] [info] [edge_elements.cpp:187] [create] Created (LastAsyncEl0PostInferEl7AsyncHwEl)
[2026-08-18 02:03:19.172] [1857134] [HailoRT] [info] [edge_elements.cpp:187] [create] Created (LastAsyncEl8AsyncHwEl)
[2026-08-18 02:03:19.172] [1857134] [HailoRT] [info] [queue_elements.cpp:450] [create] Created (PushQEl6AsyncHwEl | timeout: 10s)
[2026-08-18 02:03:19.172] [1857134] [HailoRT] [info] [filter_elements.cpp:375] [create] Created (PostInferEl6AsyncHwEl | Reorder - src_order: FCR, src_shape: (80, 80, 56), dst_order: FCR, dst_shape: (80, 80, 51))
[2026-08-18 02:03:19.172] [1857134] [HailoRT] [info] [edge_elements.cpp:187] [create] Created (LastAsyncEl0PostInferEl6AsyncHwEl)
[2026-08-18 02:03:19.172] [1857134] [HailoRT] [info] [pipeline.cpp:891] [print_deep_description] EntryPushQEl0yolov8s_pose/input_layer1 | inputs: user | outputs: PreInferEl3yolov8s_pose/input_layer1(running in thread_id: 1860203)
[2026-08-18 02:03:19.172] [1857134] [HailoRT] [info] [pipeline.cpp:891] [print_deep_description] PreInferEl3yolov8s_pose/input_layer1 | inputs: EntryPushQEl0yolov8s_pose/input_layer1[0] | outputs: PushQEl3yolov8s_pose/input_layer1
[2026-08-18 02:03:19.172] [1857134] [HailoRT] [info] [pipeline.cpp:891] [print_deep_description] PushQEl3yolov8s_pose/input_layer1 | inputs: PreInferEl3yolov8s_pose/input_layer1[0] | outputs: AsyncHwEl(running in thread_id: 1860204)
[2026-08-18 02:03:19.172] [1857134] [HailoRT] [info] [pipeline.cpp:891] [print_deep_description] AsyncHwEl | inputs: PushQEl3yolov8s_pose/input_layer1[0] | outputs: LastAsyncEl0AsyncHwEl LastAsyncEl1AsyncHwEl LastAsyncEl2AsyncHwEl LastAsyncEl3AsyncHwEl PushQEl4AsyncHwEl LastAsyncEl5AsyncHwEl PushQEl6AsyncHwEl PushQEl7AsyncHwEl LastAsyncEl8AsyncHwEl
[2026-08-18 02:03:19.172] [1857134] [HailoRT] [info] [pipeline.cpp:891] [print_deep_description] LastAsyncEl0AsyncHwEl | inputs: AsyncHwEl[0] | outputs: user
[2026-08-18 02:03:19.172] [1857134] [HailoRT] [info] [pipeline.cpp:891] [print_deep_description] LastAsyncEl1AsyncHwEl | inputs: AsyncHwEl[0] | outputs: user
[2026-08-18 02:03:19.172] [1857134] [HailoRT] [info] [pipeline.cpp:891] [print_deep_description] LastAsyncEl2AsyncHwEl | inputs: AsyncHwEl[0] | outputs: user
[2026-08-18 02:03:19.172] [1857134] [HailoRT] [info] [pipeline.cpp:891] [print_deep_description] LastAsyncEl3AsyncHwEl | inputs: AsyncHwEl[0] | outputs: user
[2026-08-18 02:03:19.172] [1857134] [HailoRT] [info] [pipeline.cpp:891] [print_deep_description] PushQEl4AsyncHwEl | inputs: AsyncHwEl[0] | outputs: PostInferEl4AsyncHwEl(running in thread_id: 1860205)
[2026-08-18 02:03:19.172] [1857134] [HailoRT] [info] [pipeline.cpp:891] [print_deep_description] PostInferEl4AsyncHwEl | inputs: PushQEl4AsyncHwEl[0] | outputs: LastAsyncEl0PostInferEl4AsyncHwEl
[2026-08-18 02:03:19.172] [1857134] [HailoRT] [info] [pipeline.cpp:891] [print_deep_description] LastAsyncEl0PostInferEl4AsyncHwEl | inputs: PostInferEl4AsyncHwEl[0] | outputs: user
[2026-08-18 02:03:19.172] [1857134] [HailoRT] [info] [pipeline.cpp:891] [print_deep_description] LastAsyncEl5AsyncHwEl | inputs: AsyncHwEl[0] | outputs: user
[2026-08-18 02:03:19.172] [1857134] [HailoRT] [info] [pipeline.cpp:891] [print_deep_description] PushQEl6AsyncHwEl | inputs: AsyncHwEl[0] | outputs: PostInferEl6AsyncHwEl(running in thread_id: 1860207)
[2026-08-18 02:03:19.172] [1857134] [HailoRT] [info] [pipeline.cpp:891] [print_deep_description] PostInferEl6AsyncHwEl | inputs: PushQEl6AsyncHwEl[0] | outputs: LastAsyncEl0PostInferEl6AsyncHwEl
[2026-08-18 02:03:19.172] [1857134] [HailoRT] [info] [pipeline.cpp:891] [print_deep_description] LastAsyncEl0PostInferEl6AsyncHwEl | inputs: PostInferEl6AsyncHwEl[0] | outputs: user
[2026-08-18 02:03:19.172] [1857134] [HailoRT] [info] [pipeline.cpp:891] [print_deep_description] PushQEl7AsyncHwEl | inputs: AsyncHwEl[0] | outputs: PostInferEl7AsyncHwEl(running in thread_id: 1860206)
[2026-08-18 02:03:19.172] [1857134] [HailoRT] [info] [pipeline.cpp:891] [print_deep_description] PostInferEl7AsyncHwEl | inputs: PushQEl7AsyncHwEl[0] | outputs: LastAsyncEl0PostInferEl7AsyncHwEl
[2026-08-18 02:03:19.172] [1857134] [HailoRT] [info] [pipeline.cpp:891] [print_deep_description] LastAsyncEl0PostInferEl7AsyncHwEl | inputs: PostInferEl7AsyncHwEl[0] | outputs: user
[2026-08-18 02:03:19.172] [1857134] [HailoRT] [info] [pipeline.cpp:891] [print_deep_description] LastAsyncEl8AsyncHwEl | inputs: AsyncHwEl[0] | outputs: user
[2026-08-18 02:03:19.175] [1857134] [HailoRT] [info] [internal_buffer_manager.cpp:202] [print_execution_results] Default Internal buffer planner failed to meet requirements
[2026-08-18 02:03:19.175] [1857134] [HailoRT] [info] [internal_buffer_manager.cpp:212] [print_execution_results] Default Internal buffer planner executed successfully
[2026-08-18 02:03:19.185] [1857134] [HailoRT] [info] [device_internal.cpp:57] [configure] Configuring HEF took 11.883919 milliseconds
[2026-08-18 02:03:19.186] [1857134] [HailoRT] [info] [vdevice.cpp:749] [configure] Configuring HEF on VDevice took 12.27527 milliseconds
[2026-08-18 02:03:19.186] [1857134] [HailoRT] [info] [infer_model.cpp:436] [configure] Configuring network group 'yolov8s' with params: batch size: 0, power mode: PERFORMANCE, latency: NONE
[2026-08-18 02:03:19.186] [1857134] [HailoRT] [info] [multi_io_elements.cpp:756] [create] Created (AsyncHwEl)
[2026-08-18 02:03:19.186] [1857134] [HailoRT] [info] [queue_elements.cpp:450] [create] Created (EntryPushQEl0yolov8s/input_layer1 | timeout: 10s)
[2026-08-18 02:03:19.186] [1857134] [HailoRT] [info] [filter_elements.cpp:101] [create] Created (PreInferEl3yolov8s/input_layer1 | Reorder - src_order: RGB4, src_shape: (640, 640, 3), dst_order: NHCW, dst_shape: (640, 640, 3))
[2026-08-18 02:03:19.186] [1857134] [HailoRT] [info] [queue_elements.cpp:450] [create] Created (PushQEl3yolov8s/input_layer1 | timeout: 10s)
[2026-08-18 02:03:19.186] [1857134] [HailoRT] [info] [multi_io_elements.cpp:135] [create] Created (NmsPPMuxEl0YOLOV8-Post-Process | Op YOLOV8, Name: YOLOV8-Post-Process, Score threshold: 0.200, IoU threshold: 0.70, Classes: 80, Cross classes: false, NMS results order: BY_CLASS, Max bboxes per class: 100, Image height: 640, Image width: 640)
[2026-08-18 02:03:19.186] [1857134] [HailoRT] [info] [queue_elements.cpp:942] [create] Created (MultiPushQEl0YOLOV8-Post-Process | timeout: 10s)
[2026-08-18 02:03:19.186] [1857134] [HailoRT] [info] [edge_elements.cpp:187] [create] Created (LastAsyncEl0NmsPPMuxEl0YOLOV8-Post-Process)
[2026-08-18 02:03:19.186] [1857134] [HailoRT] [info] [pipeline.cpp:891] [print_deep_description] EntryPushQEl0yolov8s/input_layer1 | inputs: user | outputs: PreInferEl3yolov8s/input_layer1(running in thread_id: 1860208)
[2026-08-18 02:03:19.186] [1857134] [HailoRT] [info] [pipeline.cpp:891] [print_deep_description] PreInferEl3yolov8s/input_layer1 | inputs: EntryPushQEl0yolov8s/input_layer1[0] | outputs: PushQEl3yolov8s/input_layer1
[2026-08-18 02:03:19.186] [1857134] [HailoRT] [info] [pipeline.cpp:891] [print_deep_description] PushQEl3yolov8s/input_layer1 | inputs: PreInferEl3yolov8s/input_layer1[0] | outputs: AsyncHwEl(running in thread_id: 1860209)
[2026-08-18 02:03:19.186] [1857134] [HailoRT] [info] [pipeline.cpp:891] [print_deep_description] AsyncHwEl | inputs: PushQEl3yolov8s/input_layer1[0] | outputs: MultiPushQEl0YOLOV8-Post-Process MultiPushQEl0YOLOV8-Post-Process MultiPushQEl0YOLOV8-Post-Process MultiPushQEl0YOLOV8-Post-Process MultiPushQEl0YOLOV8-Post-Process MultiPushQEl0YOLOV8-Post-Process
[2026-08-18 02:03:19.186] [1857134] [HailoRT] [info] [pipeline.cpp:891] [print_deep_description] MultiPushQEl0YOLOV8-Post-Process | inputs: AsyncHwEl[0] AsyncHwEl[1] AsyncHwEl[2] AsyncHwEl[3] AsyncHwEl[4] AsyncHwEl[5] | outputs: NmsPPMuxEl0YOLOV8-Post-Process(running in thread_id: 1860210)
[2026-08-18 02:03:19.186] [1857134] [HailoRT] [info] [pipeline.cpp:891] [print_deep_description] NmsPPMuxEl0YOLOV8-Post-Process | inputs: MultiPushQEl0YOLOV8-Post-Process[0] | outputs: LastAsyncEl0NmsPPMuxEl0YOLOV8-Post-Process
[2026-08-18 02:03:19.186] [1857134] [HailoRT] [info] [pipeline.cpp:891] [print_deep_description] LastAsyncEl0NmsPPMuxEl0YOLOV8-Post-Process | inputs: NmsPPMuxEl0YOLOV8-Post-Process[0] | outputs: user
[2026-08-18 02:03:19.456] [1857910] [HailoRT] [info] [hef.cpp:1929] [get_network_group_and_network_name] No name was given. Addressing all networks of default network_group: yolov8s_pose
[2026-08-18 02:03:19.582] [1857909] [HailoRT] [info] [hef.cpp:1929] [get_network_group_and_network_name] No name was given. Addressing all networks of default network_group: yolov8s
[2026-08-18 02:10:33.225] [1857134] [HailoRT] [info] [async_infer_runner.cpp:86] [shutdown] Pipeline was aborted. Shutting it down
[2026-08-18 02:10:33.226] [1857134] [HailoRT] [info] [queue_elements.cpp:570] [execute_deactivate] enqueue() in element PushQEl4AsyncHwEl was aborted, got status = HAILO_SHUTDOWN_EVENT_SIGNALED(57)
[2026-08-18 02:10:33.226] [1857134] [HailoRT] [info] [queue_elements.cpp:570] [execute_deactivate] enqueue() in element PushQEl6AsyncHwEl was aborted, got status = HAILO_SHUTDOWN_EVENT_SIGNALED(57)
[2026-08-18 02:10:33.226] [1857134] [HailoRT] [info] [queue_elements.cpp:570] [execute_deactivate] enqueue() in element PushQEl7AsyncHwEl was aborted, got status = HAILO_SHUTDOWN_EVENT_SIGNALED(57)
[2026-08-18 02:10:33.226] [1857134] [HailoRT] [info] [queue_elements.cpp:570] [execute_deactivate] enqueue() in element PushQEl3yolov8s_pose/input_layer1 was aborted, got status = HAILO_SHUTDOWN_EVENT_SIGNALED(57)
[2026-08-18 02:10:33.226] [1857134] [HailoRT] [info] [queue_elements.cpp:570] [execute_deactivate] enqueue() in element EntryPushQEl0yolov8s_pose/input_layer1 was aborted, got status = HAILO_SHUTDOWN_EVENT_SIGNALED(57)
[2026-08-18 02:10:33.226] [1857134] [HailoRT] [info] [queue_elements.cpp:46] [~BaseQueueElement] Queue element EntryPushQEl0yolov8s_pose/input_layer1 has 0 frames in his Queue on destruction
[2026-08-18 02:10:33.226] [1857134] [HailoRT] [info] [queue_elements.cpp:46] [~BaseQueueElement] Queue element PushQEl3yolov8s_pose/input_layer1 has 0 frames in his Queue on destruction
[2026-08-18 02:10:33.226] [1857134] [HailoRT] [info] [queue_elements.cpp:46] [~BaseQueueElement] Queue element PushQEl4AsyncHwEl has 0 frames in his Queue on destruction
[2026-08-18 02:10:33.226] [1857134] [HailoRT] [info] [queue_elements.cpp:46] [~BaseQueueElement] Queue element PushQEl7AsyncHwEl has 0 frames in his Queue on destruction
[2026-08-18 02:10:33.226] [1857134] [HailoRT] [info] [queue_elements.cpp:46] [~BaseQueueElement] Queue element PushQEl6AsyncHwEl has 0 frames in his Queue on destruction
[2026-08-18 02:10:33.227] [1857134] [HailoRT] [info] [async_infer_runner.cpp:86] [shutdown] Pipeline was aborted. Shutting it down
[2026-08-18 02:10:33.233] [1860196] [HailoRT] [info] [network_group.cpp:857] [operator()] Infer request was aborted by user
[2026-08-18 02:10:33.233] [1857134] [HailoRT] [info] [queue_elements.cpp:1131] [execute_deactivate] enqueue() in element MultiPushQEl0YOLOV8-Post-Process was aborted, got status = HAILO_SHUTDOWN_EVENT_SIGNALED(57)
[2026-08-18 02:10:33.233] [1857134] [HailoRT] [info] [queue_elements.cpp:1131] [execute_deactivate] enqueue() in element MultiPushQEl0YOLOV8-Post-Process was aborted, got status = HAILO_SHUTDOWN_EVENT_SIGNALED(57)
[2026-08-18 02:10:33.233] [1857134] [HailoRT] [info] [queue_elements.cpp:1131] [execute_deactivate] enqueue() in element MultiPushQEl0YOLOV8-Post-Process was aborted, got status = HAILO_SHUTDOWN_EVENT_SIGNALED(57)
[2026-08-18 02:10:33.233] [1857134] [HailoRT] [info] [queue_elements.cpp:1131] [execute_deactivate] enqueue() in element MultiPushQEl0YOLOV8-Post-Process was aborted, got status = HAILO_SHUTDOWN_EVENT_SIGNALED(57)
[2026-08-18 02:10:33.233] [1857134] [HailoRT] [info] [queue_elements.cpp:1131] [execute_deactivate] enqueue() in element MultiPushQEl0YOLOV8-Post-Process was aborted, got status = HAILO_SHUTDOWN_EVENT_SIGNALED(57)
[2026-08-18 02:10:33.233] [1857134] [HailoRT] [info] [queue_elements.cpp:1131] [execute_deactivate] enqueue() in element MultiPushQEl0YOLOV8-Post-Process was aborted, got status = HAILO_SHUTDOWN_EVENT_SIGNALED(57)
[2026-08-18 02:10:33.233] [1857134] [HailoRT] [info] [queue_elements.cpp:570] [execute_deactivate] enqueue() in element PushQEl3yolov8s/input_layer1 was aborted, got status = HAILO_SHUTDOWN_EVENT_SIGNALED(57)
[2026-08-18 02:10:33.233] [1857134] [HailoRT] [info] [queue_elements.cpp:570] [execute_deactivate] enqueue() in element EntryPushQEl0yolov8s/input_layer1 was aborted, got status = HAILO_SHUTDOWN_EVENT_SIGNALED(57)
[2026-08-18 02:10:33.233] [1857134] [HailoRT] [info] [queue_elements.cpp:46] [~BaseQueueElement] Queue element EntryPushQEl0yolov8s/input_layer1 has 0 frames in his Queue on destruction
[2026-08-18 02:10:33.233] [1857134] [HailoRT] [info] [queue_elements.cpp:46] [~BaseQueueElement] Queue element PushQEl3yolov8s/input_layer1 has 0 frames in his Queue on destruction
[2026-08-18 02:10:33.294] [1857134] [HailoRT] [info] [vdevice.cpp:523] [create] Creating vdevice with params: device_count: 1, scheduling_algorithm: ROUND_ROBIN, multi_process_service: false
[2026-08-18 02:10:33.306] [1857134] [HailoRT] [info] [device.cpp:49] [Device] OS Version: Linux 6.12.34+rpt-rpi-2712 #1 SMP PREEMPT Debian 1:6.12.34-1+rpt1~bookworm (2025-06-26) aarch64
[2026-08-18 02:10:33.307] [1857134] [HailoRT] [info] [control.cpp:108] [control__parse_identify_results] firmware_version is: 4.20.0
[2026-08-18 02:10:33.307] [1857134] [HailoRT] [info] [vdevice.cpp:651] [create] VDevice Infos: 0001:03:00.0
[2026-08-18 02:10:33.345] [1857134] [HailoRT] [info] [hef.cpp:1929] [get_network_group_and_network_name] No name was given. Addressing all networks of default network_group: yolov8s
[2026-08-18 02:10:33.345] [1857134] [HailoRT] [info] [hef.cpp:1929] [get_network_group_and_network_name] No name was given. Addressing all networks of default network_group: yolov8s
[2026-08-18 02:10:33.375] [1857134] [HailoRT] [info] [vdevice.cpp:523] [create] Creating vdevice with params: device_count: 1, scheduling_algorithm: ROUND_ROBIN, multi_process_service: false
[2026-08-18 02:10:33.493] [1857134] [HailoRT] [info] [hef.cpp:1929] [get_network_group_and_network_name] No name was given. Addressing all networks of default network_group: yolov8s_pose
[2026-08-18 02:10:33.493] [1857134] [HailoRT] [info] [hef.cpp:1929] [get_network_group_and_network_name] No name was given. Addressing all networks of default network_group: yolov8s_pose
[2026-08-18 02:10:33.517] [1857134] [HailoRT] [warning] [device_internal.cpp:616] [check_hef_is_compatible] HEF was compiled for Hailo8L device, while the device itself is Hailo8. This will result in lower performance.
[2026-08-18 02:10:33.517] [1857134] [HailoRT] [warning] [device_internal.cpp:616] [check_hef_is_compatible] HEF was compiled for Hailo8L device, while the device itself is Hailo8. This will result in lower performance.
[2026-08-18 02:10:33.523] [1857134] [HailoRT] [info] [internal_buffer_manager.cpp:204] [print_execution_results] Planned internal buffer memory: CMA memory 0, user memory 3321344. memory to edge layer usage factor is 0.93083656
[2026-08-18 02:10:33.523] [1857134] [HailoRT] [info] [internal_buffer_manager.cpp:212] [print_execution_results] Default Internal buffer planner executed successfully
[2026-08-18 02:10:33.541] [1857134] [HailoRT] [info] [device_internal.cpp:57] [configure] Configuring HEF took 23.933178 milliseconds
[2026-08-18 02:10:33.541] [1857134] [HailoRT] [info] [vdevice.cpp:749] [configure] Configuring HEF on VDevice took 24.420197 milliseconds
[2026-08-18 02:10:33.541] [1857134] [HailoRT] [info] [infer_model.cpp:436] [configure] Configuring network group 'yolov8s_pose' with params: batch size: 0, power mode: PERFORMANCE, latency: NONE
[2026-08-18 02:10:33.541] [1857134] [HailoRT] [info] [multi_io_elements.cpp:756] [create] Created (AsyncHwEl)
[2026-08-18 02:10:33.541] [1857134] [HailoRT] [info] [queue_elements.cpp:450] [create] Created (EntryPushQEl0yolov8s_pose/input_layer1 | timeout: 10s)
[2026-08-18 02:10:33.541] [1857134] [HailoRT] [info] [filter_elements.cpp:101] [create] Created (PreInferEl3yolov8s_pose/input_layer1 | Reorder - src_order: RGB4, src_shape: (640, 640, 3), dst_order: NHWC, dst_shape: (640, 640, 3))
[2026-08-18 02:10:33.541] [1857134] [HailoRT] [info] [queue_elements.cpp:450] [create] Created (PushQEl3yolov8s_pose/input_layer1 | timeout: 10s)
[2026-08-18 02:10:33.541] [1857134] [HailoRT] [info] [edge_elements.cpp:187] [create] Created (LastAsyncEl3AsyncHwEl)
[2026-08-18 02:10:33.541] [1857134] [HailoRT] [info] [queue_elements.cpp:450] [create] Created (PushQEl4AsyncHwEl | timeout: 10s)
[2026-08-18 02:10:33.541] [1857134] [HailoRT] [info] [filter_elements.cpp:375] [create] Created (PostInferEl4AsyncHwEl | Reorder - src_order: FCR, src_shape: (20, 20, 56), dst_order: FCR, dst_shape: (20, 20, 51))
[2026-08-18 02:10:33.541] [1857134] [HailoRT] [info] [edge_elements.cpp:187] [create] Created (LastAsyncEl0PostInferEl4AsyncHwEl)
[2026-08-18 02:10:33.541] [1857134] [HailoRT] [info] [edge_elements.cpp:187] [create] Created (LastAsyncEl5AsyncHwEl)
[2026-08-18 02:10:33.541] [1857134] [HailoRT] [info] [edge_elements.cpp:187] [create] Created (LastAsyncEl0AsyncHwEl)
[2026-08-18 02:10:33.541] [1857134] [HailoRT] [info] [edge_elements.cpp:187] [create] Created (LastAsyncEl1AsyncHwEl)
[2026-08-18 02:10:33.541] [1857134] [HailoRT] [info] [edge_elements.cpp:187] [create] Created (LastAsyncEl2AsyncHwEl)
[2026-08-18 02:10:33.542] [1857134] [HailoRT] [info] [queue_elements.cpp:450] [create] Created (PushQEl7AsyncHwEl | timeout: 10s)
[2026-08-18 02:10:33.542] [1857134] [HailoRT] [info] [filter_elements.cpp:375] [create] Created (PostInferEl7AsyncHwEl | Reorder - src_order: FCR, src_shape: (40, 40, 56), dst_order: FCR, dst_shape: (40, 40, 51))
[2026-08-18 02:10:33.542] [1857134] [HailoRT] [info] [edge_elements.cpp:187] [create] Created (LastAsyncEl0PostInferEl7AsyncHwEl)
[2026-08-18 02:10:33.542] [1857134] [HailoRT] [info] [edge_elements.cpp:187] [create] Created (LastAsyncEl8AsyncHwEl)
[2026-08-18 02:10:33.542] [1857134] [HailoRT] [info] [queue_elements.cpp:450] [create] Created (PushQEl6AsyncHwEl | timeout: 10s)
[2026-08-18 02:10:33.542] [1857134] [HailoRT] [info] [filter_elements.cpp:375] [create] Created (PostInferEl6AsyncHwEl | Reorder - src_order: FCR, src_shape: (80, 80, 56), dst_order: FCR, dst_shape: (80, 80, 51))
[2026-08-18 02:10:33.542] [1857134] [HailoRT] [info] [edge_elements.cpp:187] [create] Created (LastAsyncEl0PostInferEl6AsyncHwEl)
[2026-08-18 02:10:33.542] [1857134] [HailoRT] [info] [pipeline.cpp:891] [print_deep_description] EntryPushQEl0yolov8s_pose/input_layer1 | inputs: user | outputs: PreInferEl3yolov8s_pose/input_layer1(running in thread_id: 1861655)
[2026-08-18 02:10:33.542] [1857134] [HailoRT] [info] [pipeline.cpp:891] [print_deep_description] PreInferEl3yolov8s_pose/input_layer1 | inputs: EntryPushQEl0yolov8s_pose/input_layer1[0] | outputs: PushQEl3yolov8s_pose/input_layer1
[2026-08-18 02:10:33.542] [1857134] [HailoRT] [info] [pipeline.cpp:891] [print_deep_description] PushQEl3yolov8s_pose/input_layer1 | inputs: PreInferEl3yolov8s_pose/input_layer1[0] | outputs: AsyncHwEl(running in thread_id: 1861656)
[2026-08-18 02:10:33.542] [1857134] [HailoRT] [info] [pipeline.cpp:891] [print_deep_description] AsyncHwEl | inputs: PushQEl3yolov8s_pose/input_layer1[0] | outputs: LastAsyncEl0AsyncHwEl LastAsyncEl1AsyncHwEl LastAsyncEl2AsyncHwEl LastAsyncEl3AsyncHwEl PushQEl4AsyncHwEl LastAsyncEl5AsyncHwEl PushQEl6AsyncHwEl PushQEl7AsyncHwEl LastAsyncEl8AsyncHwEl
[2026-08-18 02:10:33.542] [1857134] [HailoRT] [info] [pipeline.cpp:891] [print_deep_description] LastAsyncEl0AsyncHwEl | inputs: AsyncHwEl[0] | outputs: user
[2026-08-18 02:10:33.542] [1857134] [HailoRT] [info] [pipeline.cpp:891] [print_deep_description] LastAsyncEl1AsyncHwEl | inputs: AsyncHwEl[0] | outputs: user
[2026-08-18 02:10:33.542] [1857134] [HailoRT] [info] [pipeline.cpp:891] [print_deep_description] LastAsyncEl2AsyncHwEl | inputs: AsyncHwEl[0] | outputs: user
[2026-08-18 02:10:33.542] [1857134] [HailoRT] [info] [pipeline.cpp:891] [print_deep_description] LastAsyncEl3AsyncHwEl | inputs: AsyncHwEl[0] | outputs: user
[2026-08-18 02:10:33.542] [1857134] [HailoRT] [info] [pipeline.cpp:891] [print_deep_description] PushQEl4AsyncHwEl | inputs: AsyncHwEl[0] | outputs: PostInferEl4AsyncHwEl(running in thread_id: 1861657)
[2026-08-18 02:10:33.542] [1857134] [HailoRT] [info] [pipeline.cpp:891] [print_deep_description] PostInferEl4AsyncHwEl | inputs: PushQEl4AsyncHwEl[0] | outputs: LastAsyncEl0PostInferEl4AsyncHwEl
[2026-08-18 02:10:33.542] [1857134] [HailoRT] [info] [pipeline.cpp:891] [print_deep_description] LastAsyncEl0PostInferEl4AsyncHwEl | inputs: PostInferEl4AsyncHwEl[0] | outputs: user
[2026-08-18 02:10:33.542] [1857134] [HailoRT] [info] [pipeline.cpp:891] [print_deep_description] LastAsyncEl5AsyncHwEl | inputs: AsyncHwEl[0] | outputs: user
[2026-08-18 02:10:33.542] [1857134] [HailoRT] [info] [pipeline.cpp:891] [print_deep_description] PushQEl6AsyncHwEl | inputs: AsyncHwEl[0] | outputs: PostInferEl6AsyncHwEl(running in thread_id: 1861659)
[2026-08-18 02:10:33.542] [1857134] [HailoRT] [info] [pipeline.cpp:891] [print_deep_description] PostInferEl6AsyncHwEl | inputs: PushQEl6AsyncHwEl[0] | outputs: LastAsyncEl0PostInferEl6AsyncHwEl
[2026-08-18 02:10:33.542] [1857134] [HailoRT] [info] [pipeline.cpp:891] [print_deep_description] LastAsyncEl0PostInferEl6AsyncHwEl | inputs: PostInferEl6AsyncHwEl[0] | outputs: user
[2026-08-18 02:10:33.542] [1857134] [HailoRT] [info] [pipeline.cpp:891] [print_deep_description] PushQEl7AsyncHwEl | inputs: AsyncHwEl[0] | outputs: PostInferEl7AsyncHwEl(running in thread_id: 1861658)
[2026-08-18 02:10:33.542] [1857134] [HailoRT] [info] [pipeline.cpp:891] [print_deep_description] PostInferEl7AsyncHwEl | inputs: PushQEl7AsyncHwEl[0] | outputs: LastAsyncEl0PostInferEl7AsyncHwEl
[2026-08-18 02:10:33.542] [1857134] [HailoRT] [info] [pipeline.cpp:891] [print_deep_description] LastAsyncEl0PostInferEl7AsyncHwEl | inputs: PostInferEl7AsyncHwEl[0] | outputs: user
[2026-08-18 02:10:33.542] [1857134] [HailoRT] [info] [pipeline.cpp:891] [print_deep_description] LastAsyncEl8AsyncHwEl | inputs: AsyncHwEl[0] | outputs: user
[2026-08-18 02:10:33.545] [1857134] [HailoRT] [info] [internal_buffer_manager.cpp:202] [print_execution_results] Default Internal buffer planner failed to meet requirements
[2026-08-18 02:10:33.545] [1857134] [HailoRT] [info] [internal_buffer_manager.cpp:212] [print_execution_results] Default Internal buffer planner executed successfully
[2026-08-18 02:10:33.556] [1857134] [HailoRT] [info] [device_internal.cpp:57] [configure] Configuring HEF took 12.100867 milliseconds
[2026-08-18 02:10:33.556] [1857134] [HailoRT] [info] [vdevice.cpp:749] [configure] Configuring HEF on VDevice took 12.497274 milliseconds
[2026-08-18 02:10:33.556] [1857134] [HailoRT] [info] [infer_model.cpp:436] [configure] Configuring network group 'yolov8s' with params: batch size: 0, power mode: PERFORMANCE, latency: NONE
[2026-08-18 02:10:33.556] [1857134] [HailoRT] [info] [multi_io_elements.cpp:756] [create] Created (AsyncHwEl)
[2026-08-18 02:10:33.556] [1857134] [HailoRT] [info] [queue_elements.cpp:450] [create] Created (EntryPushQEl0yolov8s/input_layer1 | timeout: 10s)
[2026-08-18 02:10:33.556] [1857134] [HailoRT] [info] [filter_elements.cpp:101] [create] Created (PreInferEl3yolov8s/input_layer1 | Reorder - src_order: RGB4, src_shape: (640, 640, 3), dst_order: NHCW, dst_shape: (640, 640, 3))
[2026-08-18 02:10:33.556] [1857134] [HailoRT] [info] [queue_elements.cpp:450] [create] Created (PushQEl3yolov8s/input_layer1 | timeout: 10s)
[2026-08-18 02:10:33.556] [1857134] [HailoRT] [info] [multi_io_elements.cpp:135] [create] Created (NmsPPMuxEl0YOLOV8-Post-Process | Op YOLOV8, Name: YOLOV8-Post-Process, Score threshold: 0.200, IoU threshold: 0.70, Classes: 80, Cross classes: false, NMS results order: BY_CLASS, Max bboxes per class: 100, Image height: 640, Image width: 640)
[2026-08-18 02:10:33.556] [1857134] [HailoRT] [info] [queue_elements.cpp:942] [create] Created (MultiPushQEl0YOLOV8-Post-Process | timeout: 10s)
[2026-08-18 02:10:33.556] [1857134] [HailoRT] [info] [edge_elements.cpp:187] [create] Created (LastAsyncEl0NmsPPMuxEl0YOLOV8-Post-Process)
[2026-08-18 02:10:33.556] [1857134] [HailoRT] [info] [pipeline.cpp:891] [print_deep_description] EntryPushQEl0yolov8s/input_layer1 | inputs: user | outputs: PreInferEl3yolov8s/input_layer1(running in thread_id: 1861660)
[2026-08-18 02:10:33.556] [1857134] [HailoRT] [info] [pipeline.cpp:891] [print_deep_description] PreInferEl3yolov8s/input_layer1 | inputs: EntryPushQEl0yolov8s/input_layer1[0] | outputs: PushQEl3yolov8s/input_layer1
[2026-08-18 02:10:33.556] [1857134] [HailoRT] [info] [pipeline.cpp:891] [print_deep_description] PushQEl3yolov8s/input_layer1 | inputs: PreInferEl3yolov8s/input_layer1[0] | outputs: AsyncHwEl(running in thread_id: 1861661)
[2026-08-18 02:10:33.556] [1857134] [HailoRT] [info] [pipeline.cpp:891] [print_deep_description] AsyncHwEl | inputs: PushQEl3yolov8s/input_layer1[0] | outputs: MultiPushQEl0YOLOV8-Post-Process MultiPushQEl0YOLOV8-Post-Process MultiPushQEl0YOLOV8-Post-Process MultiPushQEl0YOLOV8-Post-Process MultiPushQEl0YOLOV8-Post-Process MultiPushQEl0YOLOV8-Post-Process
[2026-08-18 02:10:33.556] [1857134] [HailoRT] [info] [pipeline.cpp:891] [print_deep_description] MultiPushQEl0YOLOV8-Post-Process | inputs: AsyncHwEl[0] AsyncHwEl[1] AsyncHwEl[2] AsyncHwEl[3] AsyncHwEl[4] AsyncHwEl[5] | outputs: NmsPPMuxEl0YOLOV8-Post-Process(running in thread_id: 1861662)
[2026-08-18 02:10:33.556] [1857134] [HailoRT] [info] [pipeline.cpp:891] [print_deep_description] NmsPPMuxEl0YOLOV8-Post-Process | inputs: MultiPushQEl0YOLOV8-Post-Process[0] | outputs: LastAsyncEl0NmsPPMuxEl0YOLOV8-Post-Process
[2026-08-18 02:10:33.556] [1857134] [HailoRT] [info] [pipeline.cpp:891] [print_deep_description] LastAsyncEl0NmsPPMuxEl0YOLOV8-Post-Process | inputs: NmsPPMuxEl0YOLOV8-Post-Process[0] | outputs: user
[2026-08-18 02:10:33.841] [1857911] [HailoRT] [info] [hef.cpp:1929] [get_network_group_and_network_name] No name was given. Addressing all networks of default network_group: yolov8s_pose
[2026-08-18 02:10:33.947] [1857909] [HailoRT] [info] [hef.cpp:1929] [get_network_group_and_network_name] No name was given. Addressing all networks of default network_group: yolov8s
[2026-08-18 02:10:36.978] [1857134] [HailoRT] [info] [async_infer_runner.cpp:86] [shutdown] Pipeline was aborted. Shutting it down
[2026-08-18 02:10:36.980] [1857134] [HailoRT] [info] [queue_elements.cpp:570] [execute_deactivate] enqueue() in element PushQEl4AsyncHwEl was aborted, got status = HAILO_SHUTDOWN_EVENT_SIGNALED(57)
[2026-08-18 02:10:36.980] [1857134] [HailoRT] [info] [queue_elements.cpp:570] [execute_deactivate] enqueue() in element PushQEl6AsyncHwEl was aborted, got status = HAILO_SHUTDOWN_EVENT_SIGNALED(57)
[2026-08-18 02:10:36.980] [1857134] [HailoRT] [info] [queue_elements.cpp:570] [execute_deactivate] enqueue() in element PushQEl7AsyncHwEl was aborted, got status = HAILO_SHUTDOWN_EVENT_SIGNALED(57)
[2026-08-18 02:10:36.980] [1857134] [HailoRT] [info] [queue_elements.cpp:570] [execute_deactivate] enqueue() in element PushQEl3yolov8s_pose/input_layer1 was aborted, got status = HAILO_SHUTDOWN_EVENT_SIGNALED(57)
[2026-08-18 02:10:36.980] [1857134] [HailoRT] [info] [queue_elements.cpp:570] [execute_deactivate] enqueue() in element EntryPushQEl0yolov8s_pose/input_layer1 was aborted, got status = HAILO_SHUTDOWN_EVENT_SIGNALED(57)
[2026-08-18 02:10:36.980] [1857134] [HailoRT] [info] [queue_elements.cpp:46] [~BaseQueueElement] Queue element EntryPushQEl0yolov8s_pose/input_layer1 has 0 frames in his Queue on destruction
[2026-08-18 02:10:36.980] [1857134] [HailoRT] [info] [queue_elements.cpp:46] [~BaseQueueElement] Queue element PushQEl3yolov8s_pose/input_layer1 has 0 frames in his Queue on destruction
[2026-08-18 02:10:36.980] [1857134] [HailoRT] [info] [queue_elements.cpp:46] [~BaseQueueElement] Queue element PushQEl4AsyncHwEl has 0 frames in his Queue on destruction
[2026-08-18 02:10:36.980] [1857134] [HailoRT] [info] [queue_elements.cpp:46] [~BaseQueueElement] Queue element PushQEl7AsyncHwEl has 0 frames in his Queue on destruction
[2026-08-18 02:10:36.980] [1857134] [HailoRT] [info] [queue_elements.cpp:46] [~BaseQueueElement] Queue element PushQEl6AsyncHwEl has 0 frames in his Queue on destruction
[2026-08-18 02:10:36.981] [1857134] [HailoRT] [info] [async_infer_runner.cpp:86] [shutdown] Pipeline was aborted. Shutting it down
[2026-08-18 02:10:36.982] [1857134] [HailoRT] [info] [queue_elements.cpp:1131] [execute_deactivate] enqueue() in element MultiPushQEl0YOLOV8-Post-Process was aborted, got status = HAILO_SHUTDOWN_EVENT_SIGNALED(57)
[2026-08-18 02:10:36.982] [1857134] [HailoRT] [info] [queue_elements.cpp:1131] [execute_deactivate] enqueue() in element MultiPushQEl0YOLOV8-Post-Process was aborted, got status = HAILO_SHUTDOWN_EVENT_SIGNALED(57)
[2026-08-18 02:10:36.982] [1857134] [HailoRT] [info] [queue_elements.cpp:1131] [execute_deactivate] enqueue() in element MultiPushQEl0YOLOV8-Post-Process was aborted, got status = HAILO_SHUTDOWN_EVENT_SIGNALED(57)
[2026-08-18 02:10:36.982] [1857134] [HailoRT] [info] [queue_elements.cpp:1131] [execute_deactivate] enqueue() in element MultiPushQEl0YOLOV8-Post-Process was aborted, got status = HAILO_SHUTDOWN_EVENT_SIGNALED(57)
[2026-08-18 02:10:36.982] [1857134] [HailoRT] [info] [queue_elements.cpp:1131] [execute_deactivate] enqueue() in element MultiPushQEl0YOLOV8-Post-Process was aborted, got status = HAILO_SHUTDOWN_EVENT_SIGNALED(57)
[2026-08-18 02:10:36.982] [1857134] [HailoRT] [info] [queue_elements.cpp:1131] [execute_deactivate] enqueue() in element MultiPushQEl0YOLOV8-Post-Process was aborted, got status = HAILO_SHUTDOWN_EVENT_SIGNALED(57)
[2026-08-18 02:10:36.982] [1857134] [HailoRT] [info] [queue_elements.cpp:570] [execute_deactivate] enqueue() in element PushQEl3yolov8s/input_layer1 was aborted, got status = HAILO_SHUTDOWN_EVENT_SIGNALED(57)
[2026-08-18 02:10:36.982] [1857134] [HailoRT] [info] [queue_elements.cpp:570] [execute_deactivate] enqueue() in element EntryPushQEl0yolov8s/input_layer1 was aborted, got status = HAILO_SHUTDOWN_EVENT_SIGNALED(57)
[2026-08-18 02:10:36.982] [1857134] [HailoRT] [info] [queue_elements.cpp:46] [~BaseQueueElement] Queue element EntryPushQEl0yolov8s/input_layer1 has 0 frames in his Queue on destruction
[2026-08-18 02:10:36.982] [1857134] [HailoRT] [info] [queue_elements.cpp:46] [~BaseQueueElement] Queue element PushQEl3yolov8s/input_layer1 has 0 frames in his Queue on destruction
[2026-08-18 02:10:37.095] [1857134] [HailoRT] [info] [vdevice.cpp:523] [create] Creating vdevice with params: device_count: 1, scheduling_algorithm: ROUND_ROBIN, multi_process_service: false
[2026-08-18 02:10:37.107] [1857134] [HailoRT] [info] [device.cpp:49] [Device] OS Version: Linux 6.12.34+rpt-rpi-2712 #1 SMP PREEMPT Debian 1:6.12.34-1+rpt1~bookworm (2025-06-26) aarch64
[2026-08-18 02:10:37.109] [1857134] [HailoRT] [info] [control.cpp:108] [control__parse_identify_results] firmware_version is: 4.20.0
[2026-08-18 02:10:37.109] [1857134] [HailoRT] [info] [vdevice.cpp:651] [create] VDevice Infos: 0001:03:00.0
[2026-08-18 02:10:37.162] [1857134] [HailoRT] [info] [hef.cpp:1929] [get_network_group_and_network_name] No name was given. Addressing all networks of default network_group: yolov8s
[2026-08-18 02:10:37.162] [1857134] [HailoRT] [info] [hef.cpp:1929] [get_network_group_and_network_name] No name was given. Addressing all networks of default network_group: yolov8s
[2026-08-18 02:10:37.196] [1857134] [HailoRT] [info] [vdevice.cpp:523] [create] Creating vdevice with params: device_count: 1, scheduling_algorithm: ROUND_ROBIN, multi_process_service: false
[2026-08-18 02:10:37.300] [1857134] [HailoRT] [info] [hef.cpp:1929] [get_network_group_and_network_name] No name was given. Addressing all networks of default network_group: yolov8s_pose
[2026-08-18 02:10:37.300] [1857134] [HailoRT] [info] [hef.cpp:1929] [get_network_group_and_network_name] No name was given. Addressing all networks of default network_group: yolov8s_pose
[2026-08-18 02:10:37.323] [1857134] [HailoRT] [warning] [device_internal.cpp:616] [check_hef_is_compatible] HEF was compiled for Hailo8L device, while the device itself is Hailo8. This will result in lower performance.
[2026-08-18 02:10:37.323] [1857134] [HailoRT] [warning] [device_internal.cpp:616] [check_hef_is_compatible] HEF was compiled for Hailo8L device, while the device itself is Hailo8. This will result in lower performance.
[2026-08-18 02:10:37.329] [1857134] [HailoRT] [info] [internal_buffer_manager.cpp:204] [print_execution_results] Planned internal buffer memory: CMA memory 0, user memory 3321344. memory to edge layer usage factor is 0.93083656
[2026-08-18 02:10:37.329] [1857134] [HailoRT] [info] [internal_buffer_manager.cpp:212] [print_execution_results] Default Internal buffer planner executed successfully
[2026-08-18 02:10:37.347] [1857134] [HailoRT] [info] [device_internal.cpp:57] [configure] Configuring HEF took 24.404289 milliseconds
[2026-08-18 02:10:37.348] [1857134] [HailoRT] [info] [vdevice.cpp:749] [configure] Configuring HEF on VDevice took 24.913344 milliseconds
[2026-08-18 02:10:37.348] [1857134] [HailoRT] [info] [infer_model.cpp:436] [configure] Configuring network group 'yolov8s_pose' with params: batch size: 0, power mode: PERFORMANCE, latency: NONE
[2026-08-18 02:10:37.348] [1857134] [HailoRT] [info] [multi_io_elements.cpp:756] [create] Created (AsyncHwEl)
[2026-08-18 02:10:37.348] [1857134] [HailoRT] [info] [queue_elements.cpp:450] [create] Created (EntryPushQEl0yolov8s_pose/input_layer1 | timeout: 10s)
[2026-08-18 02:10:37.348] [1857134] [HailoRT] [info] [filter_elements.cpp:101] [create] Created (PreInferEl3yolov8s_pose/input_layer1 | Reorder - src_order: RGB4, src_shape: (640, 640, 3), dst_order: NHWC, dst_shape: (640, 640, 3))
[2026-08-18 02:10:37.348] [1857134] [HailoRT] [info] [queue_elements.cpp:450] [create] Created (PushQEl3yolov8s_pose/input_layer1 | timeout: 10s)
[2026-08-18 02:10:37.348] [1857134] [HailoRT] [info] [edge_elements.cpp:187] [create] Created (LastAsyncEl3AsyncHwEl)
[2026-08-18 02:10:37.348] [1857134] [HailoRT] [info] [queue_elements.cpp:450] [create] Created (PushQEl4AsyncHwEl | timeout: 10s)
[2026-08-18 02:10:37.348] [1857134] [HailoRT] [info] [filter_elements.cpp:375] [create] Created (PostInferEl4AsyncHwEl | Reorder - src_order: FCR, src_shape: (20, 20, 56), dst_order: FCR, dst_shape: (20, 20, 51))
[2026-08-18 02:10:37.348] [1857134] [HailoRT] [info] [edge_elements.cpp:187] [create] Created (LastAsyncEl0PostInferEl4AsyncHwEl)
[2026-08-18 02:10:37.348] [1857134] [HailoRT] [info] [edge_elements.cpp:187] [create] Created (LastAsyncEl5AsyncHwEl)
[2026-08-18 02:10:37.348] [1857134] [HailoRT] [info] [edge_elements.cpp:187] [create] Created (LastAsyncEl0AsyncHwEl)
[2026-08-18 02:10:37.348] [1857134] [HailoRT] [info] [edge_elements.cpp:187] [create] Created (LastAsyncEl1AsyncHwEl)
[2026-08-18 02:10:37.348] [1857134] [HailoRT] [info] [edge_elements.cpp:187] [create] Created (LastAsyncEl2AsyncHwEl)
[2026-08-18 02:10:37.348] [1857134] [HailoRT] [info] [queue_elements.cpp:450] [create] Created (PushQEl7AsyncHwEl | timeout: 10s)
[2026-08-18 02:10:37.348] [1857134] [HailoRT] [info] [filter_elements.cpp:375] [create] Created (PostInferEl7AsyncHwEl | Reorder - src_order: FCR, src_shape: (40, 40, 56), dst_order: FCR, dst_shape: (40, 40, 51))
[2026-08-18 02:10:37.348] [1857134] [HailoRT] [info] [edge_elements.cpp:187] [create] Created (LastAsyncEl0PostInferEl7AsyncHwEl)
[2026-08-18 02:10:37.348] [1857134] [HailoRT] [info] [edge_elements.cpp:187] [create] Created (LastAsyncEl8AsyncHwEl)
[2026-08-18 02:10:37.348] [1857134] [HailoRT] [info] [queue_elements.cpp:450] [create] Created (PushQEl6AsyncHwEl | timeout: 10s)
[2026-08-18 02:10:37.348] [1857134] [HailoRT] [info] [filter_elements.cpp:375] [create] Created (PostInferEl6AsyncHwEl | Reorder - src_order: FCR, src_shape: (80, 80, 56), dst_order: FCR, dst_shape: (80, 80, 51))
[2026-08-18 02:10:37.348] [1857134] [HailoRT] [info] [edge_elements.cpp:187] [create] Created (LastAsyncEl0PostInferEl6AsyncHwEl)
[2026-08-18 02:10:37.348] [1857134] [HailoRT] [info] [pipeline.cpp:891] [print_deep_description] EntryPushQEl0yolov8s_pose/input_layer1 | inputs: user | outputs: PreInferEl3yolov8s_pose/input_layer1(running in thread_id: 1861728)
[2026-08-18 02:10:37.349] [1857134] [HailoRT] [info] [pipeline.cpp:891] [print_deep_description] PreInferEl3yolov8s_pose/input_layer1 | inputs: EntryPushQEl0yolov8s_pose/input_layer1[0] | outputs: PushQEl3yolov8s_pose/input_layer1
[2026-08-18 02:10:37.349] [1857134] [HailoRT] [info] [pipeline.cpp:891] [print_deep_description] PushQEl3yolov8s_pose/input_layer1 | inputs: PreInferEl3yolov8s_pose/input_layer1[0] | outputs: AsyncHwEl(running in thread_id: 1861729)
[2026-08-18 02:10:37.349] [1857134] [HailoRT] [info] [pipeline.cpp:891] [print_deep_description] AsyncHwEl | inputs: PushQEl3yolov8s_pose/input_layer1[0] | outputs: LastAsyncEl0AsyncHwEl LastAsyncEl1AsyncHwEl LastAsyncEl2AsyncHwEl LastAsyncEl3AsyncHwEl PushQEl4AsyncHwEl LastAsyncEl5AsyncHwEl PushQEl6AsyncHwEl PushQEl7AsyncHwEl LastAsyncEl8AsyncHwEl
[2026-08-18 02:10:37.349] [1857134] [HailoRT] [info] [pipeline.cpp:891] [print_deep_description] LastAsyncEl0AsyncHwEl | inputs: AsyncHwEl[0] | outputs: user
[2026-08-18 02:10:37.349] [1857134] [HailoRT] [info] [pipeline.cpp:891] [print_deep_description] LastAsyncEl1AsyncHwEl | inputs: AsyncHwEl[0] | outputs: user
[2026-08-18 02:10:37.349] [1857134] [HailoRT] [info] [pipeline.cpp:891] [print_deep_description] LastAsyncEl2AsyncHwEl | inputs: AsyncHwEl[0] | outputs: user
[2026-08-18 02:10:37.349] [1857134] [HailoRT] [info] [pipeline.cpp:891] [print_deep_description] LastAsyncEl3AsyncHwEl | inputs: AsyncHwEl[0] | outputs: user
[2026-08-18 02:10:37.349] [1857134] [HailoRT] [info] [pipeline.cpp:891] [print_deep_description] PushQEl4AsyncHwEl | inputs: AsyncHwEl[0] | outputs: PostInferEl4AsyncHwEl(running in thread_id: 1861730)
[2026-08-18 02:10:37.349] [1857134] [HailoRT] [info] [pipeline.cpp:891] [print_deep_description] PostInferEl4AsyncHwEl | inputs: PushQEl4AsyncHwEl[0] | outputs: LastAsyncEl0PostInferEl4AsyncHwEl
[2026-08-18 02:10:37.349] [1857134] [HailoRT] [info] [pipeline.cpp:891] [print_deep_description] LastAsyncEl0PostInferEl4AsyncHwEl | inputs: PostInferEl4AsyncHwEl[0] | outputs: user
[2026-08-18 02:10:37.349] [1857134] [HailoRT] [info] [pipeline.cpp:891] [print_deep_description] LastAsyncEl5AsyncHwEl | inputs: AsyncHwEl[0] | outputs: user
[2026-08-18 02:10:37.349] [1857134] [HailoRT] [info] [pipeline.cpp:891] [print_deep_description] PushQEl6AsyncHwEl | inputs: AsyncHwEl[0] | outputs: PostInferEl6AsyncHwEl(running in thread_id: 1861732)
[2026-08-18 02:10:37.349] [1857134] [HailoRT] [info] [pipeline.cpp:891] [print_deep_description] PostInferEl6AsyncHwEl | inputs: PushQEl6AsyncHwEl[0] | outputs: LastAsyncEl0PostInferEl6AsyncHwEl
[2026-08-18 02:10:37.349] [1857134] [HailoRT] [info] [pipeline.cpp:891] [print_deep_description] LastAsyncEl0PostInferEl6AsyncHwEl | inputs: PostInferEl6AsyncHwEl[0] | outputs: user
[2026-08-18 02:10:37.349] [1857134] [HailoRT] [info] [pipeline.cpp:891] [print_deep_description] PushQEl7AsyncHwEl | inputs: AsyncHwEl[0] | outputs: PostInferEl7AsyncHwEl(running in thread_id: 1861731)
[2026-08-18 02:10:37.349] [1857134] [HailoRT] [info] [pipeline.cpp:891] [print_deep_description] PostInferEl7AsyncHwEl | inputs: PushQEl7AsyncHwEl[0] | outputs: LastAsyncEl0PostInferEl7AsyncHwEl
[2026-08-18 02:10:37.349] [1857134] [HailoRT] [info] [pipeline.cpp:891] [print_deep_description] LastAsyncEl0PostInferEl7AsyncHwEl | inputs: PostInferEl7AsyncHwEl[0] | outputs: user
[2026-08-18 02:10:37.349] [1857134] [HailoRT] [info] [pipeline.cpp:891] [print_deep_description] LastAsyncEl8AsyncHwEl | inputs: AsyncHwEl[0] | outputs: user
[2026-08-18 02:10:37.352] [1857134] [HailoRT] [info] [internal_buffer_manager.cpp:202] [print_execution_results] Default Internal buffer planner failed to meet requirements
[2026-08-18 02:10:37.352] [1857134] [HailoRT] [info] [internal_buffer_manager.cpp:212] [print_execution_results] Default Internal buffer planner executed successfully
[2026-08-18 02:10:37.366] [1857134] [HailoRT] [info] [device_internal.cpp:57] [configure] Configuring HEF took 15.998921 milliseconds
[2026-08-18 02:10:37.366] [1857134] [HailoRT] [info] [vdevice.cpp:749] [configure] Configuring HEF on VDevice took 16.429272 milliseconds
[2026-08-18 02:10:37.367] [1857134] [HailoRT] [info] [infer_model.cpp:436] [configure] Configuring network group 'yolov8s' with params: batch size: 0, power mode: PERFORMANCE, latency: NONE
[2026-08-18 02:10:37.367] [1857134] [HailoRT] [info] [multi_io_elements.cpp:756] [create] Created (AsyncHwEl)
[2026-08-18 02:10:37.367] [1857134] [HailoRT] [info] [queue_elements.cpp:450] [create] Created (EntryPushQEl0yolov8s/input_layer1 | timeout: 10s)
[2026-08-18 02:10:37.367] [1857134] [HailoRT] [info] [filter_elements.cpp:101] [create] Created (PreInferEl3yolov8s/input_layer1 | Reorder - src_order: RGB4, src_shape: (640, 640, 3), dst_order: NHCW, dst_shape: (640, 640, 3))
[2026-08-18 02:10:37.367] [1857134] [HailoRT] [info] [queue_elements.cpp:450] [create] Created (PushQEl3yolov8s/input_layer1 | timeout: 10s)
[2026-08-18 02:10:37.367] [1857134] [HailoRT] [info] [multi_io_elements.cpp:135] [create] Created (NmsPPMuxEl0YOLOV8-Post-Process | Op YOLOV8, Name: YOLOV8-Post-Process, Score threshold: 0.200, IoU threshold: 0.70, Classes: 80, Cross classes: false, NMS results order: BY_CLASS, Max bboxes per class: 100, Image height: 640, Image width: 640)
[2026-08-18 02:10:37.367] [1857134] [HailoRT] [info] [queue_elements.cpp:942] [create] Created (MultiPushQEl0YOLOV8-Post-Process | timeout: 10s)
[2026-08-18 02:10:37.367] [1857134] [HailoRT] [info] [edge_elements.cpp:187] [create] Created (LastAsyncEl0NmsPPMuxEl0YOLOV8-Post-Process)
[2026-08-18 02:10:37.367] [1857134] [HailoRT] [info] [pipeline.cpp:891] [print_deep_description] EntryPushQEl0yolov8s/input_layer1 | inputs: user | outputs: PreInferEl3yolov8s/input_layer1(running in thread_id: 1861734)
[2026-08-18 02:10:37.367] [1857134] [HailoRT] [info] [pipeline.cpp:891] [print_deep_description] PreInferEl3yolov8s/input_layer1 | inputs: EntryPushQEl0yolov8s/input_layer1[0] | outputs: PushQEl3yolov8s/input_layer1
[2026-08-18 02:10:37.367] [1857134] [HailoRT] [info] [pipeline.cpp:891] [print_deep_description] PushQEl3yolov8s/input_layer1 | inputs: PreInferEl3yolov8s/input_layer1[0] | outputs: AsyncHwEl(running in thread_id: 1861735)
[2026-08-18 02:10:37.367] [1857134] [HailoRT] [info] [pipeline.cpp:891] [print_deep_description] AsyncHwEl | inputs: PushQEl3yolov8s/input_layer1[0] | outputs: MultiPushQEl0YOLOV8-Post-Process MultiPushQEl0YOLOV8-Post-Process MultiPushQEl0YOLOV8-Post-Process MultiPushQEl0YOLOV8-Post-Process MultiPushQEl0YOLOV8-Post-Process MultiPushQEl0YOLOV8-Post-Process
[2026-08-18 02:10:37.367] [1857134] [HailoRT] [info] [pipeline.cpp:891] [print_deep_description] MultiPushQEl0YOLOV8-Post-Process | inputs: AsyncHwEl[0] AsyncHwEl[1] AsyncHwEl[2] AsyncHwEl[3] AsyncHwEl[4] AsyncHwEl[5] | outputs: NmsPPMuxEl0YOLOV8-Post-Process(running in thread_id: 1861736)
[2026-08-18 02:10:37.367] [1857134] [HailoRT] [info] [pipeline.cpp:891] [print_deep_description] NmsPPMuxEl0YOLOV8-Post-Process | inputs: MultiPushQEl0YOLOV8-Post-Process[0] | outputs: LastAsyncEl0NmsPPMuxEl0YOLOV8-Post-Process
[2026-08-18 02:10:37.367] [1857134] [HailoRT] [info] [pipeline.cpp:891] [print_deep_description] LastAsyncEl0NmsPPMuxEl0YOLOV8-Post-Process | inputs: NmsPPMuxEl0YOLOV8-Post-Process[0] | outputs: user
[2026-08-18 02:10:37.665] [1857911] [HailoRT] [info] [hef.cpp:1929] [get_network_group_and_network_name] No name was given. Addressing all networks of default network_group: yolov8s_pose
[2026-08-18 02:10:37.760] [1857909] [HailoRT] [info] [hef.cpp:1929] [get_network_group_and_network_name] No name was given. Addressing all networks of default network_group: yolov8s
[2026-08-18 02:17:01.312] [1857134] [HailoRT] [info] [async_infer_runner.cpp:86] [shutdown] Pipeline was aborted. Shutting it down
[2026-08-18 02:17:01.319] [1861715] [HailoRT] [info] [network_group.cpp:857] [operator()] Infer request was aborted by user
[2026-08-18 02:17:01.319] [1857134] [HailoRT] [info] [queue_elements.cpp:570] [execute_deactivate] enqueue() in element PushQEl4AsyncHwEl was aborted, got status = HAILO_SHUTDOWN_EVENT_SIGNALED(57)
[2026-08-18 02:17:01.319] [1857134] [HailoRT] [info] [queue_elements.cpp:570] [execute_deactivate] enqueue() in element PushQEl6AsyncHwEl was aborted, got status = HAILO_SHUTDOWN_EVENT_SIGNALED(57)
[2026-08-18 02:17:01.319] [1857134] [HailoRT] [info] [queue_elements.cpp:570] [execute_deactivate] enqueue() in element PushQEl7AsyncHwEl was aborted, got status = HAILO_SHUTDOWN_EVENT_SIGNALED(57)
[2026-08-18 02:17:01.319] [1857134] [HailoRT] [info] [queue_elements.cpp:570] [execute_deactivate] enqueue() in element PushQEl3yolov8s_pose/input_layer1 was aborted, got status = HAILO_SHUTDOWN_EVENT_SIGNALED(57)
[2026-08-18 02:17:01.319] [1857134] [HailoRT] [info] [queue_elements.cpp:570] [execute_deactivate] enqueue() in element EntryPushQEl0yolov8s_pose/input_layer1 was aborted, got status = HAILO_SHUTDOWN_EVENT_SIGNALED(57)
[2026-08-18 02:17:01.319] [1857134] [HailoRT] [info] [queue_elements.cpp:46] [~BaseQueueElement] Queue element EntryPushQEl0yolov8s_pose/input_layer1 has 0 frames in his Queue on destruction
[2026-08-18 02:17:01.319] [1857134] [HailoRT] [info] [queue_elements.cpp:46] [~BaseQueueElement] Queue element PushQEl3yolov8s_pose/input_layer1 has 0 frames in his Queue on destruction
[2026-08-18 02:17:01.319] [1857134] [HailoRT] [info] [queue_elements.cpp:46] [~BaseQueueElement] Queue element PushQEl4AsyncHwEl has 0 frames in his Queue on destruction
[2026-08-18 02:17:01.320] [1857134] [HailoRT] [info] [queue_elements.cpp:46] [~BaseQueueElement] Queue element PushQEl7AsyncHwEl has 0 frames in his Queue on destruction
[2026-08-18 02:17:01.320] [1857134] [HailoRT] [info] [queue_elements.cpp:46] [~BaseQueueElement] Queue element PushQEl6AsyncHwEl has 0 frames in his Queue on destruction
[2026-08-18 02:17:01.322] [1857134] [HailoRT] [info] [async_infer_runner.cpp:86] [shutdown] Pipeline was aborted. Shutting it down
[2026-08-18 02:17:01.323] [1861715] [HailoRT] [info] [network_group.cpp:857] [operator()] Infer request was aborted by user
[2026-08-18 02:17:01.327] [1857134] [HailoRT] [info] [queue_elements.cpp:1131] [execute_deactivate] enqueue() in element MultiPushQEl0YOLOV8-Post-Process was aborted, got status = HAILO_SHUTDOWN_EVENT_SIGNALED(57)
[2026-08-18 02:17:01.327] [1857134] [HailoRT] [info] [queue_elements.cpp:1131] [execute_deactivate] enqueue() in element MultiPushQEl0YOLOV8-Post-Process was aborted, got status = HAILO_SHUTDOWN_EVENT_SIGNALED(57)
[2026-08-18 02:17:01.327] [1857134] [HailoRT] [info] [queue_elements.cpp:1131] [execute_deactivate] enqueue() in element MultiPushQEl0YOLOV8-Post-Process was aborted, got status = HAILO_SHUTDOWN_EVENT_SIGNALED(57)
[2026-08-18 02:17:01.327] [1857134] [HailoRT] [info] [queue_elements.cpp:1131] [execute_deactivate] enqueue() in element MultiPushQEl0YOLOV8-Post-Process was aborted, got status = HAILO_SHUTDOWN_EVENT_SIGNALED(57)
[2026-08-18 02:17:01.327] [1857134] [HailoRT] [info] [queue_elements.cpp:1131] [execute_deactivate] enqueue() in element MultiPushQEl0YOLOV8-Post-Process was aborted, got status = HAILO_SHUTDOWN_EVENT_SIGNALED(57)
[2026-08-18 02:17:01.327] [1857134] [HailoRT] [info] [queue_elements.cpp:1131] [execute_deactivate] enqueue() in element MultiPushQEl0YOLOV8-Post-Process was aborted, got status = HAILO_SHUTDOWN_EVENT_SIGNALED(57)
[2026-08-18 02:17:01.327] [1857134] [HailoRT] [info] [queue_elements.cpp:570] [execute_deactivate] enqueue() in element PushQEl3yolov8s/input_layer1 was aborted, got status = HAILO_SHUTDOWN_EVENT_SIGNALED(57)
[2026-08-18 02:17:01.327] [1857134] [HailoRT] [info] [queue_elements.cpp:570] [execute_deactivate] enqueue() in element EntryPushQEl0yolov8s/input_layer1 was aborted, got status = HAILO_SHUTDOWN_EVENT_SIGNALED(57)
[2026-08-18 02:17:01.327] [1857134] [HailoRT] [info] [queue_elements.cpp:46] [~BaseQueueElement] Queue element EntryPushQEl0yolov8s/input_layer1 has 0 frames in his Queue on destruction
[2026-08-18 02:17:01.327] [1857134] [HailoRT] [info] [queue_elements.cpp:46] [~BaseQueueElement] Queue element PushQEl3yolov8s/input_layer1 has 0 frames in his Queue on destruction
[2026-08-18 02:17:01.426] [1857134] [HailoRT] [info] [vdevice.cpp:523] [create] Creating vdevice with params: device_count: 1, scheduling_algorithm: ROUND_ROBIN, multi_process_service: false
[2026-08-18 02:17:01.438] [1857134] [HailoRT] [info] [device.cpp:49] [Device] OS Version: Linux 6.12.34+rpt-rpi-2712 #1 SMP PREEMPT Debian 1:6.12.34-1+rpt1~bookworm (2025-06-26) aarch64
[2026-08-18 02:17:01.439] [1857134] [HailoRT] [info] [control.cpp:108] [control__parse_identify_results] firmware_version is: 4.20.0
[2026-08-18 02:17:01.439] [1857134] [HailoRT] [info] [vdevice.cpp:651] [create] VDevice Infos: 0001:03:00.0
[2026-08-18 02:17:01.477] [1857134] [HailoRT] [info] [hef.cpp:1929] [get_network_group_and_network_name] No name was given. Addressing all networks of default network_group: yolov8s
[2026-08-18 02:17:01.477] [1857134] [HailoRT] [info] [hef.cpp:1929] [get_network_group_and_network_name] No name was given. Addressing all networks of default network_group: yolov8s
[2026-08-18 02:17:01.505] [1857134] [HailoRT] [info] [vdevice.cpp:523] [create] Creating vdevice with params: device_count: 1, scheduling_algorithm: ROUND_ROBIN, multi_process_service: false
[2026-08-18 02:17:01.608] [1857134] [HailoRT] [info] [hef.cpp:1929] [get_network_group_and_network_name] No name was given. Addressing all networks of default network_group: yolov8s_pose
[2026-08-18 02:17:01.608] [1857134] [HailoRT] [info] [hef.cpp:1929] [get_network_group_and_network_name] No name was given. Addressing all networks of default network_group: yolov8s_pose
[2026-08-18 02:17:01.631] [1857134] [HailoRT] [warning] [device_internal.cpp:616] [check_hef_is_compatible] HEF was compiled for Hailo8L device, while the device itself is Hailo8. This will result in lower performance.
[2026-08-18 02:17:01.632] [1857134] [HailoRT] [warning] [device_internal.cpp:616] [check_hef_is_compatible] HEF was compiled for Hailo8L device, while the device itself is Hailo8. This will result in lower performance.
[2026-08-18 02:17:01.638] [1857134] [HailoRT] [info] [internal_buffer_manager.cpp:204] [print_execution_results] Planned internal buffer memory: CMA memory 0, user memory 3321344. memory to edge layer usage factor is 0.93083656
[2026-08-18 02:17:01.638] [1857134] [HailoRT] [info] [internal_buffer_manager.cpp:212] [print_execution_results] Default Internal buffer planner executed successfully
[2026-08-18 02:17:01.655] [1857134] [HailoRT] [info] [device_internal.cpp:57] [configure] Configuring HEF took 23.68416 milliseconds
[2026-08-18 02:17:01.655] [1857134] [HailoRT] [info] [vdevice.cpp:749] [configure] Configuring HEF on VDevice took 24.178232 milliseconds
[2026-08-18 02:17:01.655] [1857134] [HailoRT] [info] [infer_model.cpp:436] [configure] Configuring network group 'yolov8s_pose' with params: batch size: 0, power mode: PERFORMANCE, latency: NONE
[2026-08-18 02:17:01.655] [1857134] [HailoRT] [info] [multi_io_elements.cpp:756] [create] Created (AsyncHwEl)
[2026-08-18 02:17:01.656] [1857134] [HailoRT] [info] [queue_elements.cpp:450] [create] Created (EntryPushQEl0yolov8s_pose/input_layer1 | timeout: 10s)
[2026-08-18 02:17:01.656] [1857134] [HailoRT] [info] [filter_elements.cpp:101] [create] Created (PreInferEl3yolov8s_pose/input_layer1 | Reorder - src_order: RGB4, src_shape: (640, 640, 3), dst_order: NHWC, dst_shape: (640, 640, 3))
[2026-08-18 02:17:01.656] [1857134] [HailoRT] [info] [queue_elements.cpp:450] [create] Created (PushQEl3yolov8s_pose/input_layer1 | timeout: 10s)
[2026-08-18 02:17:01.656] [1857134] [HailoRT] [info] [edge_elements.cpp:187] [create] Created (LastAsyncEl3AsyncHwEl)
[2026-08-18 02:17:01.656] [1857134] [HailoRT] [info] [queue_elements.cpp:450] [create] Created (PushQEl4AsyncHwEl | timeout: 10s)
[2026-08-18 02:17:01.656] [1857134] [HailoRT] [info] [filter_elements.cpp:375] [create] Created (PostInferEl4AsyncHwEl | Reorder - src_order: FCR, src_shape: (20, 20, 56), dst_order: FCR, dst_shape: (20, 20, 51))
[2026-08-18 02:17:01.656] [1857134] [HailoRT] [info] [edge_elements.cpp:187] [create] Created (LastAsyncEl0PostInferEl4AsyncHwEl)
[2026-08-18 02:17:01.656] [1857134] [HailoRT] [info] [edge_elements.cpp:187] [create] Created (LastAsyncEl5AsyncHwEl)
[2026-08-18 02:17:01.656] [1857134] [HailoRT] [info] [edge_elements.cpp:187] [create] Created (LastAsyncEl0AsyncHwEl)
[2026-08-18 02:17:01.656] [1857134] [HailoRT] [info] [edge_elements.cpp:187] [create] Created (LastAsyncEl1AsyncHwEl)
[2026-08-18 02:17:01.656] [1857134] [HailoRT] [info] [edge_elements.cpp:187] [create] Created (LastAsyncEl2AsyncHwEl)
[2026-08-18 02:17:01.656] [1857134] [HailoRT] [info] [queue_elements.cpp:450] [create] Created (PushQEl7AsyncHwEl | timeout: 10s)
[2026-08-18 02:17:01.656] [1857134] [HailoRT] [info] [filter_elements.cpp:375] [create] Created (PostInferEl7AsyncHwEl | Reorder - src_order: FCR, src_shape: (40, 40, 56), dst_order: FCR, dst_shape: (40, 40, 51))
[2026-08-18 02:17:01.656] [1857134] [HailoRT] [info] [edge_elements.cpp:187] [create] Created (LastAsyncEl0PostInferEl7AsyncHwEl)
[2026-08-18 02:17:01.656] [1857134] [HailoRT] [info] [edge_elements.cpp:187] [create] Created (LastAsyncEl8AsyncHwEl)
[2026-08-18 02:17:01.656] [1857134] [HailoRT] [info] [queue_elements.cpp:450] [create] Created (PushQEl6AsyncHwEl | timeout: 10s)
[2026-08-18 02:17:01.656] [1857134] [HailoRT] [info] [filter_elements.cpp:375] [create] Created (PostInferEl6AsyncHwEl | Reorder - src_order: FCR, src_shape: (80, 80, 56), dst_order: FCR, dst_shape: (80, 80, 51))
[2026-08-18 02:17:01.656] [1857134] [HailoRT] [info] [edge_elements.cpp:187] [create] Created (LastAsyncEl0PostInferEl6AsyncHwEl)
[2026-08-18 02:17:01.656] [1857134] [HailoRT] [info] [pipeline.cpp:891] [print_deep_description] EntryPushQEl0yolov8s_pose/input_layer1 | inputs: user | outputs: PreInferEl3yolov8s_pose/input_layer1(running in thread_id: 1862867)
[2026-08-18 02:17:01.656] [1857134] [HailoRT] [info] [pipeline.cpp:891] [print_deep_description] PreInferEl3yolov8s_pose/input_layer1 | inputs: EntryPushQEl0yolov8s_pose/input_layer1[0] | outputs: PushQEl3yolov8s_pose/input_layer1
[2026-08-18 02:17:01.656] [1857134] [HailoRT] [info] [pipeline.cpp:891] [print_deep_description] PushQEl3yolov8s_pose/input_layer1 | inputs: PreInferEl3yolov8s_pose/input_layer1[0] | outputs: AsyncHwEl(running in thread_id: 1862868)
[2026-08-18 02:17:01.656] [1857134] [HailoRT] [info] [pipeline.cpp:891] [print_deep_description] AsyncHwEl | inputs: PushQEl3yolov8s_pose/input_layer1[0] | outputs: LastAsyncEl0AsyncHwEl LastAsyncEl1AsyncHwEl LastAsyncEl2AsyncHwEl LastAsyncEl3AsyncHwEl PushQEl4AsyncHwEl LastAsyncEl5AsyncHwEl PushQEl6AsyncHwEl PushQEl7AsyncHwEl LastAsyncEl8AsyncHwEl
[2026-08-18 02:17:01.656] [1857134] [HailoRT] [info] [pipeline.cpp:891] [print_deep_description] LastAsyncEl0AsyncHwEl | inputs: AsyncHwEl[0] | outputs: user
[2026-08-18 02:17:01.656] [1857134] [HailoRT] [info] [pipeline.cpp:891] [print_deep_description] LastAsyncEl1AsyncHwEl | inputs: AsyncHwEl[0] | outputs: user
[2026-08-18 02:17:01.656] [1857134] [HailoRT] [info] [pipeline.cpp:891] [print_deep_description] LastAsyncEl2AsyncHwEl | inputs: AsyncHwEl[0] | outputs: user
[2026-08-18 02:17:01.656] [1857134] [HailoRT] [info] [pipeline.cpp:891] [print_deep_description] LastAsyncEl3AsyncHwEl | inputs: AsyncHwEl[0] | outputs: user
[2026-08-18 02:17:01.656] [1857134] [HailoRT] [info] [pipeline.cpp:891] [print_deep_description] PushQEl4AsyncHwEl | inputs: AsyncHwEl[0] | outputs: PostInferEl4AsyncHwEl(running in thread_id: 1862869)
[2026-08-18 02:17:01.656] [1857134] [HailoRT] [info] [pipeline.cpp:891] [print_deep_description] PostInferEl4AsyncHwEl | inputs: PushQEl4AsyncHwEl[0] | outputs: LastAsyncEl0PostInferEl4AsyncHwEl
[2026-08-18 02:17:01.656] [1857134] [HailoRT] [info] [pipeline.cpp:891] [print_deep_description] LastAsyncEl0PostInferEl4AsyncHwEl | inputs: PostInferEl4AsyncHwEl[0] | outputs: user
[2026-08-18 02:17:01.656] [1857134] [HailoRT] [info] [pipeline.cpp:891] [print_deep_description] LastAsyncEl5AsyncHwEl | inputs: AsyncHwEl[0] | outputs: user
[2026-08-18 02:17:01.656] [1857134] [HailoRT] [info] [pipeline.cpp:891] [print_deep_description] PushQEl6AsyncHwEl | inputs: AsyncHwEl[0] | outputs: PostInferEl6AsyncHwEl(running in thread_id: 1862871)
[2026-08-18 02:17:01.656] [1857134] [HailoRT] [info] [pipeline.cpp:891] [print_deep_description] PostInferEl6AsyncHwEl | inputs: PushQEl6AsyncHwEl[0] | outputs: LastAsyncEl0PostInferEl6AsyncHwEl
[2026-08-18 02:17:01.656] [1857134] [HailoRT] [info] [pipeline.cpp:891] [print_deep_description] LastAsyncEl0PostInferEl6AsyncHwEl | inputs: PostInferEl6AsyncHwEl[0] | outputs: user
[2026-08-18 02:17:01.656] [1857134] [HailoRT] [info] [pipeline.cpp:891] [print_deep_description] PushQEl7AsyncHwEl | inputs: AsyncHwEl[0] | outputs: PostInferEl7AsyncHwEl(running in thread_id: 1862870)
[2026-08-18 02:17:01.656] [1857134] [HailoRT] [info] [pipeline.cpp:891] [print_deep_description] PostInferEl7AsyncHwEl | inputs: PushQEl7AsyncHwEl[0] | outputs: LastAsyncEl0PostInferEl7AsyncHwEl
[2026-08-18 02:17:01.656] [1857134] [HailoRT] [info] [pipeline.cpp:891] [print_deep_description] LastAsyncEl0PostInferEl7AsyncHwEl | inputs: PostInferEl7AsyncHwEl[0] | outputs: user
[2026-08-18 02:17:01.656] [1857134] [HailoRT] [info] [pipeline.cpp:891] [print_deep_description] LastAsyncEl8AsyncHwEl | inputs: AsyncHwEl[0] | outputs: user
[2026-08-18 02:17:01.659] [1857134] [HailoRT] [info] [internal_buffer_manager.cpp:202] [print_execution_results] Default Internal buffer planner failed to meet requirements
[2026-08-18 02:17:01.659] [1857134] [HailoRT] [info] [internal_buffer_manager.cpp:212] [print_execution_results] Default Internal buffer planner executed successfully
[2026-08-18 02:17:01.670] [1857134] [HailoRT] [info] [device_internal.cpp:57] [configure] Configuring HEF took 11.896209 milliseconds
[2026-08-18 02:17:01.670] [1857134] [HailoRT] [info] [vdevice.cpp:749] [configure] Configuring HEF on VDevice took 12.284597 milliseconds
[2026-08-18 02:17:01.670] [1857134] [HailoRT] [info] [infer_model.cpp:436] [configure] Configuring network group 'yolov8s' with params: batch size: 0, power mode: PERFORMANCE, latency: NONE
[2026-08-18 02:17:01.670] [1857134] [HailoRT] [info] [multi_io_elements.cpp:756] [create] Created (AsyncHwEl)
[2026-08-18 02:17:01.670] [1857134] [HailoRT] [info] [queue_elements.cpp:450] [create] Created (EntryPushQEl0yolov8s/input_layer1 | timeout: 10s)
[2026-08-18 02:17:01.670] [1857134] [HailoRT] [info] [filter_elements.cpp:101] [create] Created (PreInferEl3yolov8s/input_layer1 | Reorder - src_order: RGB4, src_shape: (640, 640, 3), dst_order: NHCW, dst_shape: (640, 640, 3))
[2026-08-18 02:17:01.670] [1857134] [HailoRT] [info] [queue_elements.cpp:450] [create] Created (PushQEl3yolov8s/input_layer1 | timeout: 10s)
[2026-08-18 02:17:01.670] [1857134] [HailoRT] [info] [multi_io_elements.cpp:135] [create] Created (NmsPPMuxEl0YOLOV8-Post-Process | Op YOLOV8, Name: YOLOV8-Post-Process, Score threshold: 0.200, IoU threshold: 0.70, Classes: 80, Cross classes: false, NMS results order: BY_CLASS, Max bboxes per class: 100, Image height: 640, Image width: 640)
[2026-08-18 02:17:01.671] [1857134] [HailoRT] [info] [queue_elements.cpp:942] [create] Created (MultiPushQEl0YOLOV8-Post-Process | timeout: 10s)
[2026-08-18 02:17:01.671] [1857134] [HailoRT] [info] [edge_elements.cpp:187] [create] Created (LastAsyncEl0NmsPPMuxEl0YOLOV8-Post-Process)
[2026-08-18 02:17:01.671] [1857134] [HailoRT] [info] [pipeline.cpp:891] [print_deep_description] EntryPushQEl0yolov8s/input_layer1 | inputs: user | outputs: PreInferEl3yolov8s/input_layer1(running in thread_id: 1862872)
[2026-08-18 02:17:01.671] [1857134] [HailoRT] [info] [pipeline.cpp:891] [print_deep_description] PreInferEl3yolov8s/input_layer1 | inputs: EntryPushQEl0yolov8s/input_layer1[0] | outputs: PushQEl3yolov8s/input_layer1
[2026-08-18 02:17:01.671] [1857134] [HailoRT] [info] [pipeline.cpp:891] [print_deep_description] PushQEl3yolov8s/input_layer1 | inputs: PreInferEl3yolov8s/input_layer1[0] | outputs: AsyncHwEl(running in thread_id: 1862873)
[2026-08-18 02:17:01.671] [1857134] [HailoRT] [info] [pipeline.cpp:891] [print_deep_description] AsyncHwEl | inputs: PushQEl3yolov8s/input_layer1[0] | outputs: MultiPushQEl0YOLOV8-Post-Process MultiPushQEl0YOLOV8-Post-Process MultiPushQEl0YOLOV8-Post-Process MultiPushQEl0YOLOV8-Post-Process MultiPushQEl0YOLOV8-Post-Process MultiPushQEl0YOLOV8-Post-Process
[2026-08-18 02:17:01.671] [1857134] [HailoRT] [info] [pipeline.cpp:891] [print_deep_description] MultiPushQEl0YOLOV8-Post-Process | inputs: AsyncHwEl[0] AsyncHwEl[1] AsyncHwEl[2] AsyncHwEl[3] AsyncHwEl[4] AsyncHwEl[5] | outputs: NmsPPMuxEl0YOLOV8-Post-Process(running in thread_id: 1862874)
[2026-08-18 02:17:01.671] [1857134] [HailoRT] [info] [pipeline.cpp:891] [print_deep_description] NmsPPMuxEl0YOLOV8-Post-Process | inputs: MultiPushQEl0YOLOV8-Post-Process[0] | outputs: LastAsyncEl0NmsPPMuxEl0YOLOV8-Post-Process
[2026-08-18 02:17:01.671] [1857134] [HailoRT] [info] [pipeline.cpp:891] [print_deep_description] LastAsyncEl0NmsPPMuxEl0YOLOV8-Post-Process | inputs: NmsPPMuxEl0YOLOV8-Post-Process[0] | outputs: user
[2026-08-18 02:17:01.965] [1857911] [HailoRT] [info] [hef.cpp:1929] [get_network_group_and_network_name] No name was given. Addressing all networks of default network_group: yolov8s_pose
[2026-08-18 02:17:02.060] [1857910] [HailoRT] [info] [hef.cpp:1929] [get_network_group_and_network_name] No name was given. Addressing all networks of default network_group: yolov8s
[2026-08-18 02:20:53.476] [1857134] [HailoRT] [info] [async_infer_runner.cpp:86] [shutdown] Pipeline was aborted. Shutting it down
[2026-08-18 02:20:53.476] [1862860] [HailoRT] [info] [network_group.cpp:857] [operator()] Infer request was aborted by user
[2026-08-18 02:20:53.485] [1857134] [HailoRT] [info] [queue_elements.cpp:570] [execute_deactivate] enqueue() in element PushQEl4AsyncHwEl was aborted, got status = HAILO_SHUTDOWN_EVENT_SIGNALED(57)
[2026-08-18 02:20:53.485] [1857134] [HailoRT] [info] [queue_elements.cpp:570] [execute_deactivate] enqueue() in element PushQEl6AsyncHwEl was aborted, got status = HAILO_SHUTDOWN_EVENT_SIGNALED(57)
[2026-08-18 02:20:53.485] [1857134] [HailoRT] [info] [queue_elements.cpp:570] [execute_deactivate] enqueue() in element PushQEl7AsyncHwEl was aborted, got status = HAILO_SHUTDOWN_EVENT_SIGNALED(57)
[2026-08-18 02:20:53.485] [1857134] [HailoRT] [info] [queue_elements.cpp:570] [execute_deactivate] enqueue() in element PushQEl3yolov8s_pose/input_layer1 was aborted, got status = HAILO_SHUTDOWN_EVENT_SIGNALED(57)
[2026-08-18 02:20:53.485] [1857134] [HailoRT] [info] [queue_elements.cpp:570] [execute_deactivate] enqueue() in element EntryPushQEl0yolov8s_pose/input_layer1 was aborted, got status = HAILO_SHUTDOWN_EVENT_SIGNALED(57)
[2026-08-18 02:20:53.485] [1857134] [HailoRT] [info] [queue_elements.cpp:46] [~BaseQueueElement] Queue element EntryPushQEl0yolov8s_pose/input_layer1 has 0 frames in his Queue on destruction
[2026-08-18 02:20:53.485] [1857134] [HailoRT] [info] [queue_elements.cpp:46] [~BaseQueueElement] Queue element PushQEl3yolov8s_pose/input_layer1 has 0 frames in his Queue on destruction
[2026-08-18 02:20:53.485] [1857134] [HailoRT] [info] [queue_elements.cpp:46] [~BaseQueueElement] Queue element PushQEl4AsyncHwEl has 0 frames in his Queue on destruction
[2026-08-18 02:20:53.485] [1857134] [HailoRT] [info] [queue_elements.cpp:46] [~BaseQueueElement] Queue element PushQEl7AsyncHwEl has 0 frames in his Queue on destruction
[2026-08-18 02:20:53.485] [1857134] [HailoRT] [info] [queue_elements.cpp:46] [~BaseQueueElement] Queue element PushQEl6AsyncHwEl has 0 frames in his Queue on destruction
[2026-08-18 02:20:53.486] [1857134] [HailoRT] [info] [async_infer_runner.cpp:86] [shutdown] Pipeline was aborted. Shutting it down
[2026-08-18 02:20:53.489] [1857134] [HailoRT] [info] [queue_elements.cpp:1131] [execute_deactivate] enqueue() in element MultiPushQEl0YOLOV8-Post-Process was aborted, got status = HAILO_SHUTDOWN_EVENT_SIGNALED(57)
[2026-08-18 02:20:53.489] [1857134] [HailoRT] [info] [queue_elements.cpp:1131] [execute_deactivate] enqueue() in element MultiPushQEl0YOLOV8-Post-Process was aborted, got status = HAILO_SHUTDOWN_EVENT_SIGNALED(57)
[2026-08-18 02:20:53.489] [1857134] [HailoRT] [info] [queue_elements.cpp:1131] [execute_deactivate] enqueue() in element MultiPushQEl0YOLOV8-Post-Process was aborted, got status = HAILO_SHUTDOWN_EVENT_SIGNALED(57)
[2026-08-18 02:20:53.489] [1857134] [HailoRT] [info] [queue_elements.cpp:1131] [execute_deactivate] enqueue() in element MultiPushQEl0YOLOV8-Post-Process was aborted, got status = HAILO_SHUTDOWN_EVENT_SIGNALED(57)
[2026-08-18 02:20:53.489] [1857134] [HailoRT] [info] [queue_elements.cpp:1131] [execute_deactivate] enqueue() in element MultiPushQEl0YOLOV8-Post-Process was aborted, got status = HAILO_SHUTDOWN_EVENT_SIGNALED(57)
[2026-08-18 02:20:53.489] [1857134] [HailoRT] [info] [queue_elements.cpp:1131] [execute_deactivate] enqueue() in element MultiPushQEl0YOLOV8-Post-Process was aborted, got status = HAILO_SHUTDOWN_EVENT_SIGNALED(57)
[2026-08-18 02:20:53.489] [1857134] [HailoRT] [info] [queue_elements.cpp:570] [execute_deactivate] enqueue() in element PushQEl3yolov8s/input_layer1 was aborted, got status = HAILO_SHUTDOWN_EVENT_SIGNALED(57)
[2026-08-18 02:20:53.489] [1857134] [HailoRT] [info] [queue_elements.cpp:570] [execute_deactivate] enqueue() in element EntryPushQEl0yolov8s/input_layer1 was aborted, got status = HAILO_SHUTDOWN_EVENT_SIGNALED(57)
[2026-08-18 02:20:53.489] [1857134] [HailoRT] [info] [queue_elements.cpp:46] [~BaseQueueE[2026-08-18 02:48:34.489] [1863622] [HailoRT] [info] [vdevice.cpp:523] [create] Creating vdevice with params: device_count: 1, scheduling_algorithm: ROUND_ROBIN, multi_process_service: false
[2026-08-18 02:48:34.502] [1863622] [HailoRT] [info] [device.cpp:49] [Device] OS Version: Linux 6.12.34+rpt-rpi-2712 #1 SMP PREEMPT Debian 1:6.12.34-1+rpt1~bookworm (2025-06-26) aarch64
[2026-08-18 02:48:34.503] [1863622] [HailoRT] [info] [control.cpp:108] [control__parse_identify_results] firmware_version is: 4.20.0
[2026-08-18 02:48:34.503] [1863622] [HailoRT] [info] [vdevice.cpp:651] [create] VDevice Infos: 0001:03:00.0
[2026-08-18 02:48:34.541] [1863622] [HailoRT] [info] [hef.cpp:1929] [get_network_group_and_network_name] No name was given. Addressing all networks of default network_group: yolov8s
[2026-08-18 02:48:34.541] [1863622] [HailoRT] [info] [hef.cpp:1929] [get_network_group_and_network_name] No name was given. Addressing all networks of default network_group: yolov8s
[2026-08-18 02:48:34.569] [1863622] [HailoRT] [info] [vdevice.cpp:523] [create] Creating vdevice with params: device_count: 1, scheduling_algorithm: ROUND_ROBIN, multi_process_service: false
[2026-08-18 02:48:34.676] [1863622] [HailoRT] [info] [hef.cpp:1929] [get_network_group_and_network_name] No name was given. Addressing all networks of default network_group: yolov8s_pose
[2026-08-18 02:48:34.676] [1863622] [HailoRT] [info] [hef.cpp:1929] [get_network_group_and_network_name] No name was given. Addressing all networks of default network_group: yolov8s_pose
[2026-08-18 02:48:34.702] [1863622] [HailoRT] [warning] [device_internal.cpp:616] [check_hef_is_compatible] HEF was compiled for Hailo8L device, while the device itself is Hailo8. This will result in lower performance.
[2026-08-18 02:48:34.702] [1863622] [HailoRT] [warning] [device_internal.cpp:616] [check_hef_is_compatible] HEF was compiled for Hailo8L device, while the device itself is Hailo8. This will result in lower performance.
[2026-08-18 02:48:34.709] [1863622] [HailoRT] [info] [internal_buffer_manager.cpp:204] [print_execution_results] Planned internal buffer memory: CMA memory 0, user memory 3321344. memory to edge layer usage factor is 0.93083656
[2026-08-18 02:48:34.709] [1863622] [HailoRT] [info] [internal_buffer_manager.cpp:212] [print_execution_results] Default Internal buffer planner executed successfully
[2026-08-18 02:48:34.728] [1863622] [HailoRT] [info] [device_internal.cpp:57] [configure] Configuring HEF took 26.097478 milliseconds
[2026-08-18 02:48:34.728] [1863622] [HailoRT] [info] [vdevice.cpp:749] [configure] Configuring HEF on VDevice took 26.639698 milliseconds
[2026-08-18 02:48:34.728] [1863622] [HailoRT] [info] [infer_model.cpp:436] [configure] Configuring network group 'yolov8s_pose' with params: batch size: 0, power mode: PERFORMANCE, latency: NONE
[2026-08-18 02:48:34.728] [1863622] [HailoRT] [info] [multi_io_elements.cpp:756] [create] Created (AsyncHwEl)
[2026-08-18 02:48:34.729] [1863622] [HailoRT] [info] [queue_elements.cpp:450] [create] Created (EntryPushQEl0yolov8s_pose/input_layer1 | timeout: 10s)
[2026-08-18 02:48:34.729] [1863622] [HailoRT] [info] [filter_elements.cpp:101] [create] Created (PreInferEl3yolov8s_pose/input_layer1 | Reorder - src_order: RGB4, src_shape: (640, 640, 3), dst_order: NHWC, dst_shape: (640, 640, 3))
[2026-08-18 02:48:34.729] [1863622] [HailoRT] [info] [queue_elements.cpp:450] [create] Created (PushQEl3yolov8s_pose/input_layer1 | timeout: 10s)
[2026-08-18 02:48:34.729] [1863622] [HailoRT] [info] [edge_elements.cpp:187] [create] Created (LastAsyncEl3AsyncHwEl)
[2026-08-18 02:48:34.729] [1863622] [HailoRT] [info] [queue_elements.cpp:450] [create] Created (PushQEl4AsyncHwEl | timeout: 10s)
[2026-08-18 02:48:34.729] [1863622] [HailoRT] [info] [filter_elements.cpp:375] [create] Created (PostInferEl4AsyncHwEl | Reorder - src_order: FCR, src_shape: (20, 20, 56), dst_order: FCR, dst_shape: (20, 20, 51))
[2026-08-18 02:48:34.729] [1863622] [HailoRT] [info] [edge_elements.cpp:187] [create] Created (LastAsyncEl0PostInferEl4AsyncHwEl)
[2026-08-18 02:48:34.729] [1863622] [HailoRT] [info] [edge_elements.cpp:187] [create] Created (LastAsyncEl5AsyncHwEl)
[2026-08-18 02:48:34.729] [1863622] [HailoRT] [info] [edge_elements.cpp:187] [create] Created (LastAsyncEl0AsyncHwEl)
[2026-08-18 02:48:34.729] [1863622] [HailoRT] [info] [edge_elements.cpp:187] [create] Created (LastAsyncEl1AsyncHwEl)
[2026-08-18 02:48:34.729] [1863622] [HailoRT] [info] [edge_elements.cpp:187] [create] Created (LastAsyncEl2AsyncHwEl)
[2026-08-18 02:48:34.729] [1863622] [HailoRT] [info] [queue_elements.cpp:450] [create] Created (PushQEl7AsyncHwEl | timeout: 10s)
[2026-08-18 02:48:34.729] [1863622] [HailoRT] [info] [filter_elements.cpp:375] [create] Created (PostInferEl7AsyncHwEl | Reorder - src_order: FCR, src_shape: (40, 40, 56), dst_order: FCR, dst_shape: (40, 40, 51))
[2026-08-18 02:48:34.729] [1863622] [HailoRT] [info] [edge_elements.cpp:187] [create] Created (LastAsyncEl0PostInferEl7AsyncHwEl)
[2026-08-18 02:48:34.729] [1863622] [HailoRT] [info] [edge_elements.cpp:187] [create] Created (LastAsyncEl8AsyncHwEl)
[2026-08-18 02:48:34.729] [1863622] [HailoRT] [info] [queue_elements.cpp:450] [create] Created (PushQEl6AsyncHwEl | timeout: 10s)
[2026-08-18 02:48:34.729] [1863622] [HailoRT] [info] [filter_elements.cpp:375] [create] Created (PostInferEl6AsyncHwEl | Reorder - src_order: FCR, src_shape: (80, 80, 56), dst_order: FCR, dst_shape: (80, 80, 51))
[2026-08-18 02:48:34.729] [1863622] [HailoRT] [info] [edge_elements.cpp:187] [create] Created (LastAsyncEl0PostInferEl6AsyncHwEl)
[2026-08-18 02:48:34.729] [1863622] [HailoRT] [info] [pipeline.cpp:891] [print_deep_description] EntryPushQEl0yolov8s_pose/input_layer1 | inputs: user | outputs: PreInferEl3yolov8s_pose/input_layer1(running in thread_id: 1869446)
[2026-08-18 02:48:34.729] [1863622] [HailoRT] [info] [pipeline.cpp:891] [print_deep_description] PreInferEl3yolov8s_pose/input_layer1 | inputs: EntryPushQEl0yolov8s_pose/input_layer1[0] | outputs: PushQEl3yolov8s_pose/input_layer1
[2026-08-18 02:48:34.729] [1863622] [HailoRT] [info] [pipeline.cpp:891] [print_deep_description] PushQEl3yolov8s_pose/input_layer1 | inputs: PreInferEl3yolov8s_pose/input_layer1[0] | outputs: AsyncHwEl(running in thread_id: 1869447)
[2026-08-18 02:48:34.729] [1863622] [HailoRT] [info] [pipeline.cpp:891] [print_deep_description] AsyncHwEl | inputs: PushQEl3yolov8s_pose/input_layer1[0] | outputs: LastAsyncEl0AsyncHwEl LastAsyncEl1AsyncHwEl LastAsyncEl2AsyncHwEl LastAsyncEl3AsyncHwEl PushQEl4AsyncHwEl LastAsyncEl5AsyncHwEl PushQEl6AsyncHwEl PushQEl7AsyncHwEl LastAsyncEl8AsyncHwEl
[2026-08-18 02:48:34.729] [1863622] [HailoRT] [info] [pipeline.cpp:891] [print_deep_description] LastAsyncEl0AsyncHwEl | inputs: AsyncHwEl[0] | outputs: user
[2026-08-18 02:48:34.729] [1863622] [HailoRT] [info] [pipeline.cpp:891] [print_deep_description] LastAsyncEl1AsyncHwEl | inputs: AsyncHwEl[0] | outputs: user
[2026-08-18 02:48:34.729] [1863622] [HailoRT] [info] [pipeline.cpp:891] [print_deep_description] LastAsyncEl2AsyncHwEl | inputs: AsyncHwEl[0] | outputs: user
[2026-08-18 02:48:34.729] [1863622] [HailoRT] [info] [pipeline.cpp:891] [print_deep_description] LastAsyncEl3AsyncHwEl | inputs: AsyncHwEl[0] | outputs: user
[2026-08-18 02:48:34.729] [1863622] [HailoRT] [info] [pipeline.cpp:891] [print_deep_description] PushQEl4AsyncHwEl | inputs: AsyncHwEl[0] | outputs: PostInferEl4AsyncHwEl(running in thread_id: 1869448)
[2026-08-18 02:48:34.729] [1863622] [HailoRT] [info] [pipeline.cpp:891] [print_deep_description] PostInferEl4AsyncHwEl | inputs: PushQEl4AsyncHwEl[0] | outputs: LastAsyncEl0PostInferEl4AsyncHwEl
[2026-08-18 02:48:34.729] [1863622] [HailoRT] [info] [pipeline.cpp:891] [print_deep_description] LastAsyncEl0PostInferEl4AsyncHwEl | inputs: PostInferEl4AsyncHwEl[0] | outputs: user
[2026-08-18 02:48:34.729] [1863622] [HailoRT] [info] [pipeline.cpp:891] [print_deep_description] LastAsyncEl5AsyncHwEl | inputs: AsyncHwEl[0] | outputs: user
[2026-08-18 02:48:34.729] [1863622] [HailoRT] [info] [pipeline.cpp:891] [print_deep_description] PushQEl6AsyncHwEl | inputs: AsyncHwEl[0] | outputs: PostInferEl6AsyncHwEl(running in thread_id: 1869450)
[2026-08-18 02:48:34.729] [1863622] [HailoRT] [info] [pipeline.cpp:891] [print_deep_description] PostInferEl6AsyncHwEl | inputs: PushQEl6AsyncHwEl[0] | outputs: LastAsyncEl0PostInferEl6AsyncHwEl
[2026-08-18 02:48:34.729] [1863622] [HailoRT] [info] [pipeline.cpp:891] [print_deep_description] LastAsyncEl0PostInferEl6AsyncHwEl | inputs: PostInferEl6AsyncHwEl[0] | outputs: user
[2026-08-18 02:48:34.729] [1863622] [HailoRT] [info] [pipeline.cpp:891] [print_deep_description] PushQEl7AsyncHwEl | inputs: AsyncHwEl[0] | outputs: PostInferEl7AsyncHwEl(running in thread_id: 1869449)
[2026-08-18 02:48:34.729] [1863622] [HailoRT] [info] [pipeline.cpp:891] [print_deep_description] PostInferEl7AsyncHwEl | inputs: PushQEl7AsyncHwEl[0] | outputs: LastAsyncEl0PostInferEl7AsyncHwEl
[2026-08-18 02:48:34.729] [1863622] [HailoRT] [info] [pipeline.cpp:891] [print_deep_description] LastAsyncEl0PostInferEl7AsyncHwEl | inputs: PostInferEl7AsyncHwEl[0] | outputs: user
[2026-08-18 02:48:34.729] [1863622] [HailoRT] [info] [pipeline.cpp:891] [print_deep_description] LastAsyncEl8AsyncHwEl | inputs: AsyncHwEl[0] | outputs: user
[2026-08-18 02:48:34.734] [1863622] [HailoRT] [info] [internal_buffer_manager.cpp:202] [print_execution_results] Default Internal buffer planner failed to meet requirements
[2026-08-18 02:48:34.734] [1863622] [HailoRT] [info] [internal_buffer_manager.cpp:212] [print_execution_results] Default Internal buffer planner executed successfully
[2026-08-18 02:48:34.748] [1863622] [HailoRT] [info] [device_internal.cpp:57] [configure] Configuring HEF took 16.592432 milliseconds
[2026-08-18 02:48:34.748] [1863622] [HailoRT] [info] [vdevice.cpp:749] [configure] Configuring HEF on VDevice took 16.977801 milliseconds
[2026-08-18 02:48:34.748] [1863622] [HailoRT] [info] [infer_model.cpp:436] [configure] Configuring network group 'yolov8s' with params: batch size: 0, power mode: PERFORMANCE, latency: NONE
[2026-08-18 02:48:34.748] [1863622] [HailoRT] [info] [multi_io_elements.cpp:756] [create] Created (AsyncHwEl)
[2026-08-18 02:48:34.748] [1863622] [HailoRT] [info] [queue_elements.cpp:450] [create] Created (EntryPushQEl0yolov8s/input_layer1 | timeout: 10s)
[2026-08-18 02:48:34.748] [1863622] [HailoRT] [info] [filter_elements.cpp:101] [create] Created (PreInferEl3yolov8s/input_layer1 | Reorder - src_order: RGB4, src_shape: (640, 640, 3), dst_order: NHCW, dst_shape: (640, 640, 3))
[2026-08-18 02:48:34.748] [1863622] [HailoRT] [info] [queue_elements.cpp:450] [create] Created (PushQEl3yolov8s/input_layer1 | timeout: 10s)
[2026-08-18 02:48:34.748] [1863622] [HailoRT] [info] [multi_io_elements.cpp:135] [create] Created (NmsPPMuxEl0YOLOV8-Post-Process | Op YOLOV8, Name: YOLOV8-Post-Process, Score threshold: 0.200, IoU threshold: 0.70, Classes: 80, Cross classes: false, NMS results order: BY_CLASS, Max bboxes per class: 100, Image height: 640, Image width: 640)
[2026-08-18 02:48:34.749] [1863622] [HailoRT] [info] [queue_elements.cpp:942] [create] Created (MultiPushQEl0YOLOV8-Post-Process | timeout: 10s)
[2026-08-18 02:48:34.749] [1863622] [HailoRT] [info] [edge_elements.cpp:187] [create] Created (LastAsyncEl0NmsPPMuxEl0YOLOV8-Post-Process)
[2026-08-18 02:48:34.749] [1863622] [HailoRT] [info] [pipeline.cpp:891] [print_deep_description] EntryPushQEl0yolov8s/input_layer1 | inputs: user | outputs: PreInferEl3yolov8s/input_layer1(running in thread_id: 1869451)
[2026-08-18 02:48:34.749] [1863622] [HailoRT] [info] [pipeline.cpp:891] [print_deep_description] PreInferEl3yolov8s/input_layer1 | inputs: EntryPushQEl0yolov8s/input_layer1[0] | outputs: PushQEl3yolov8s/input_layer1
[2026-08-18 02:48:34.749] [1863622] [HailoRT] [info] [pipeline.cpp:891] [print_deep_description] PushQEl3yolov8s/input_layer1 | inputs: PreInferEl3yolov8s/input_layer1[0] | outputs: AsyncHwEl(running in thread_id: 1869452)
[2026-08-18 02:48:34.749] [1863622] [HailoRT] [info] [pipeline.cpp:891] [print_deep_description] AsyncHwEl | inputs: PushQEl3yolov8s/input_layer1[0] | outputs: MultiPushQEl0YOLOV8-Post-Process MultiPushQEl0YOLOV8-Post-Process MultiPushQEl0YOLOV8-Post-Process MultiPushQEl0YOLOV8-Post-Process MultiPushQEl0YOLOV8-Post-Process MultiPushQEl0YOLOV8-Post-Process
[2026-08-18 02:48:34.749] [1863622] [HailoRT] [info] [pipeline.cpp:891] [print_deep_description] MultiPushQEl0YOLOV8-Post-Process | inputs: AsyncHwEl[0] AsyncHwEl[1] AsyncHwEl[2] AsyncHwEl[3] AsyncHwEl[4] AsyncHwEl[5] | outputs: NmsPPMuxEl0YOLOV8-Post-Process(running in thread_id: 1869453)
[2026-08-18 02:48:34.749] [1863622] [HailoRT] [info] [pipeline.cpp:891] [print_deep_description] NmsPPMuxEl0YOLOV8-Post-Process | inputs: MultiPushQEl0YOLOV8-Post-Process[0] | outputs: LastAsyncEl0NmsPPMuxEl0YOLOV8-Post-Process
[2026-08-18 02:48:34.749] [1863622] [HailoRT] [info] [pipeline.cpp:891] [print_deep_description] LastAsyncEl0NmsPPMuxEl0YOLOV8-Post-Process | inputs: NmsPPMuxEl0YOLOV8-Post-Process[0] | outputs: user
[2026-08-18 02:48:35.072] [1869432] [HailoRT] [info] [hef.cpp:1929] [get_network_group_and_network_name] No name was given. Addressing all networks of default network_group: yolov8s_pose
[2026-08-18 02:48:35.146] [1869434] [HailoRT] [info] [hef.cpp:1929] [get_network_group_and_network_name] No name was given. Addressing all networks of default network_group: yolov8s
[2026-08-18 02:54:44.959] [1863622] [HailoRT] [info] [async_infer_runner.cpp:86] [shutdown] Pipeline was aborted. Shutting it down
[2026-08-18 02:54:44.959] [1869426] [HailoRT] [info] [network_group.cpp:857] [operator()] Infer request was aborted by user
[2026-08-18 02:54:44.959] [1863622] [HailoRT] [info] [queue_elements.cpp:570] [execute_deactivate] enqueue() in element PushQEl4AsyncHwEl was aborted, got status = HAILO_SHUTDOWN_EVENT_SIGNALED(57)
[2026-08-18 02:54:44.959] [1863622] [HailoRT] [info] [queue_elements.cpp:570] [execute_deactivate] enqueue() in element PushQEl6AsyncHwEl was aborted, got status = HAILO_SHUTDOWN_EVENT_SIGNALED(57)
[2026-08-18 02:54:44.959] [1863622] [HailoRT] [info] [queue_elements.cpp:570] [execute_deactivate] enqueue() in element PushQEl7AsyncHwEl was aborted, got status = HAILO_SHUTDOWN_EVENT_SIGNALED(57)
[2026-08-18 02:54:44.959] [1863622] [HailoRT] [info] [queue_elements.cpp:570] [execute_deactivate] enqueue() in element PushQEl3yolov8s_pose/input_layer1 was aborted, got status = HAILO_SHUTDOWN_EVENT_SIGNALED(57)
[2026-08-18 02:54:44.959] [1863622] [HailoRT] [info] [queue_elements.cpp:570] [execute_deactivate] enqueue() in element EntryPushQEl0yolov8s_pose/input_layer1 was aborted, got status = HAILO_SHUTDOWN_EVENT_SIGNALED(57)
[2026-08-18 02:54:44.959] [1863622] [HailoRT] [info] [queue_elements.cpp:46] [~BaseQueueElement] Queue element EntryPushQEl0yolov8s_pose/input_layer1 has 0 frames in his Queue on destruction
[2026-08-18 02:54:44.959] [1863622] [HailoRT] [info] [queue_elements.cpp:46] [~BaseQueueElement] Queue element PushQEl3yolov8s_pose/input_layer1 has 0 frames in his Queue on destruction
[2026-08-18 02:54:44.960] [1863622] [HailoRT] [info] [queue_elements.cpp:46] [~BaseQueueElement] Queue element PushQEl4AsyncHwEl has 0 frames in his Queue on destruction
[2026-08-18 02:54:44.960] [1863622] [HailoRT] [info] [queue_elements.cpp:46] [~BaseQueueElement] Queue element PushQEl7AsyncHwEl has 0 frames in his Queue on destruction
[2026-08-18 02:54:44.960] [1863622] [HailoRT] [info] [queue_elements.cpp:46] [~BaseQueueElement] Queue element PushQEl6AsyncHwEl has 0 frames in his Queue on destruction
[2026-08-18 02:54:44.960] [1863622] [HailoRT] [info] [async_infer_runner.cpp:86] [shutdown] Pipeline was aborted. Shutting it down
[2026-08-18 02:54:44.962] [1869426] [HailoRT] [info] [network_group.cpp:857] [operator()] Infer request was aborted by user
[2026-08-18 02:54:44.962] [1863622] [HailoRT] [info] [queue_elements.cpp:1131] [execute_deactivate] enqueue() in element MultiPushQEl0YOLOV8-Post-Process was aborted, got status = HAILO_SHUTDOWN_EVENT_SIGNALED(57)
[2026-08-18 02:54:44.962] [1863622] [HailoRT] [info] [queue_elements.cpp:1131] [execute_deactivate] enqueue() in element MultiPushQEl0YOLOV8-Post-Process was aborted, got status = HAILO_SHUTDOWN_EVENT_SIGNALED(57)
[2026-08-18 02:54:44.962] [1863622] [HailoRT] [info] [queue_elements.cpp:1131] [execute_deactivate] enqueue() in element MultiPushQEl0YOLOV8-Post-Process was aborted, got status = HAILO_SHUTDOWN_EVENT_SIGNALED(57)
[2026-08-18 02:54:44.962] [1863622] [HailoRT] [info] [queue_elements.cpp:1131] [execute_deactivate] enqueue() in element MultiPushQEl0YOLOV8-Post-Process was aborted, got status = HAILO_SHUTDOWN_EVENT_SIGNALED(57)
[2026-08-18 02:54:44.962] [1863622] [HailoRT] [info] [queue_elements.cpp:1131] [execute_deactivate] enqueue() in element MultiPushQEl0YOLOV8-Post-Process was aborted, got status = HAILO_SHUTDOWN_EVENT_SIGNALED(57)
[2026-08-18 02:54:44.962] [1863622] [HailoRT] [info] [queue_elements.cpp:1131] [execute_deactivate] enqueue() in element MultiPushQEl0YOLOV8-Post-Process was aborted, got status = HAILO_SHUTDOWN_EVENT_SIGNALED(57)
[2026-08-18 02:54:44.962] [1863622] [HailoRT] [info] [queue_elements.cpp:570] [execute_deactivate] enqueue() in element PushQEl3yolov8s/input_layer1 was aborted, got status = HAILO_SHUTDOWN_EVENT_SIGNALED(57)
[2026-08-18 02:54:44.962] [1863622] [HailoRT] [info] [queue_elements.cpp:570] [execute_deactivate] enqueue() in element EntryPushQEl0yolov8s/input_layer1 was aborted, got status = HAILO_SHUTDOWN_EVENT_SIGNALED(57)
[2026-08-18 02:54:44.962] [1863622] [HailoRT] [info] [queue_elements.cpp:46] [~BaseQueueElement] Queue element EntryPushQEl0yolov8s/input_layer1 has 0 frames in his Queue on destruction
[2026-08-18 02:54:44.962] [1863622] [HailoRT] [info] [queue_elements.cpp:46] [~BaseQueueElement] Queue element PushQEl3yolov8s/input_layer1 has 0 frames in his Queue on destruction
[2026-08-18 02:54:45.163] [1863622] [HailoRT] [info] [vdevice.cpp:523] [create] Creating vdevice with params: device_count: 1, scheduling_algorithm: ROUND_ROBIN, multi_process_service: false
[2026-08-18 02:54:45.175] [1863622] [HailoRT] [info] [device.cpp:49] [Device] OS Version: Linux 6.12.34+rpt-rpi-2712 #1 SMP PREEMPT Debian 1:6.12.34-1+rpt1~bookworm (2025-06-26) aarch64
[2026-08-18 02:54:45.176] [1863622] [HailoRT] [info] [control.cpp:108] [control__parse_identify_results] firmware_version is: 4.20.0
[2026-08-18 02:54:45.176] [1863622] [HailoRT] [info] [vdevice.cpp:651] [create] VDevice Infos: 0001:03:00.0
[2026-08-18 02:54:45.214] [1863622] [HailoRT] [info] [hef.cpp:1929] [get_network_group_and_network_name] No name was given. Addressing all networks of default network_group: yolov8s
[2026-08-18 02:54:45.214] [1863622] [HailoRT] [info] [hef.cpp:1929] [get_network_group_and_network_name] No name was given. Addressing all networks of default network_group: yolov8s
[2026-08-18 02:54:45.242] [1863622] [HailoRT] [info] [vdevice.cpp:523] [create] Creating vdevice with params: device_count: 1, scheduling_algorithm: ROUND_ROBIN, multi_process_service: false
[2026-08-18 02:54:45.347] [1863622] [HailoRT] [info] [hef.cpp:1929] [get_network_group_and_network_name] No name was given. Addressing all networks of default network_group: yolov8s_pose
[2026-08-18 02:54:45.347] [1863622] [HailoRT] [info] [hef.cpp:1929] [get_network_group_and_network_name] No name was given. Addressing all networks of default network_group: yolov8s_pose
[2026-08-18 02:54:45.375] [1863622] [HailoRT] [warning] [device_internal.cpp:616] [check_hef_is_compatible] HEF was compiled for Hailo8L device, while the device itself is Hailo8. This will result in lower performance.
[2026-08-18 02:54:45.376] [1863622] [HailoRT] [warning] [device_internal.cpp:616] [check_hef_is_compatible] HEF was compiled for Hailo8L device, while the device itself is Hailo8. This will result in lower performance.
[2026-08-18 02:54:45.382] [1863622] [HailoRT] [info] [internal_buffer_manager.cpp:204] [print_execution_results] Planned internal buffer memory: CMA memory 0, user memory 3321344. memory to edge layer usage factor is 0.93083656
[2026-08-18 02:54:45.382] [1863622] [HailoRT] [info] [internal_buffer_manager.cpp:212] [print_execution_results] Default Internal buffer planner executed successfully
[2026-08-18 02:54:45.399] [1863622] [HailoRT] [info] [device_internal.cpp:57] [configure] Configuring HEF took 23.913087 milliseconds
[2026-08-18 02:54:45.400] [1863622] [HailoRT] [info] [vdevice.cpp:749] [configure] Configuring HEF on VDevice took 24.381605 milliseconds
[2026-08-18 02:54:45.400] [1863622] [HailoRT] [info] [infer_model.cpp:436] [configure] Configuring network group 'yolov8s_pose' with params: batch size: 0, power mode: PERFORMANCE, latency: NONE
[2026-08-18 02:54:45.400] [1863622] [HailoRT] [info] [multi_io_elements.cpp:756] [create] Created (AsyncHwEl)
[2026-08-18 02:54:45.400] [1863622] [HailoRT] [info] [queue_elements.cpp:450] [create] Created (EntryPushQEl0yolov8s_pose/input_layer1 | timeout: 10s)
[2026-08-18 02:54:45.400] [1863622] [HailoRT] [info] [filter_elements.cpp:101] [create] Created (PreInferEl3yolov8s_pose/input_layer1 | Reorder - src_order: RGB4, src_shape: (640, 640, 3), dst_order: NHWC, dst_shape: (640, 640, 3))
[2026-08-18 02:54:45.400] [1863622] [HailoRT] [info] [queue_elements.cpp:450] [create] Created (PushQEl3yolov8s_pose/input_layer1 | timeout: 10s)
[2026-08-18 02:54:45.400] [1863622] [HailoRT] [info] [edge_elements.cpp:187] [create] Created (LastAsyncEl3AsyncHwEl)
[2026-08-18 02:54:45.400] [1863622] [HailoRT] [info] [queue_elements.cpp:450] [create] Created (PushQEl4AsyncHwEl | timeout: 10s)
[2026-08-18 02:54:45.400] [1863622] [HailoRT] [info] [filter_elements.cpp:375] [create] Created (PostInferEl4AsyncHwEl | Reorder - src_order: FCR, src_shape: (20, 20, 56), dst_order: FCR, dst_shape: (20, 20, 51))
[2026-08-18 02:54:45.400] [1863622] [HailoRT] [info] [edge_elements.cpp:187] [create] Created (LastAsyncEl0PostInferEl4AsyncHwEl)
[2026-08-18 02:54:45.400] [1863622] [HailoRT] [info] [edge_elements.cpp:187] [create] Created (LastAsyncEl5AsyncHwEl)
[2026-08-18 02:54:45.400] [1863622] [HailoRT] [info] [edge_elements.cpp:187] [create] Created (LastAsyncEl0AsyncHwEl)
[2026-08-18 02:54:45.400] [1863622] [HailoRT] [info] [edge_elements.cpp:187] [create] Created (LastAsyncEl1AsyncHwEl)
[2026-08-18 02:54:45.400] [1863622] [HailoRT] [info] [edge_elements.cpp:187] [create] Created (LastAsyncEl2AsyncHwEl)
[2026-08-18 02:54:45.400] [1863622] [HailoRT] [info] [queue_elements.cpp:450] [create] Created (PushQEl7AsyncHwEl | timeout: 10s)
[2026-08-18 02:54:45.400] [1863622] [HailoRT] [info] [filter_elements.cpp:375] [create] Created (PostInferEl7AsyncHwEl | Reorder - src_order: FCR, src_shape: (40, 40, 56), dst_order: FCR, dst_shape: (40, 40, 51))
[2026-08-18 02:54:45.400] [1863622] [HailoRT] [info] [edge_elements.cpp:187] [create] Created (LastAsyncEl0PostInferEl7AsyncHwEl)
[2026-08-18 02:54:45.400] [1863622] [HailoRT] [info] [edge_elements.cpp:187] [create] Created (LastAsyncEl8AsyncHwEl)
[2026-08-18 02:54:45.401] [1863622] [HailoRT] [info] [queue_elements.cpp:450] [create] Created (PushQEl6AsyncHwEl | timeout: 10s)
[2026-08-18 02:54:45.401] [1863622] [HailoRT] [info] [filter_elements.cpp:375] [create] Created (PostInferEl6AsyncHwEl | Reorder - src_order: FCR, src_shape: (80, 80, 56), dst_order: FCR, dst_shape: (80, 80, 51))
[2026-08-18 02:54:45.401] [1863622] [HailoRT] [info] [edge_elements.cpp:187] [create] Created (LastAsyncEl0PostInferEl6AsyncHwEl)
[2026-08-18 02:54:45.401] [1863622] [HailoRT] [info] [pipeline.cpp:891] [print_deep_description] EntryPushQEl0yolov8s_pose/input_layer1 | inputs: user | outputs: PreInferEl3yolov8s_pose/input_layer1(running in thread_id: 1870739)
[2026-08-18 02:54:45.401] [1863622] [HailoRT] [info] [pipeline.cpp:891] [print_deep_description] PreInferEl3yolov8s_pose/input_layer1 | inputs: EntryPushQEl0yolov8s_pose/input_layer1[0] | outputs: PushQEl3yolov8s_pose/input_layer1
[2026-08-18 02:54:45.401] [1863622] [HailoRT] [info] [pipeline.cpp:891] [print_deep_description] PushQEl3yolov8s_pose/input_layer1 | inputs: PreInferEl3yolov8s_pose/input_layer1[0] | outputs: AsyncHwEl(running in thread_id: 1870740)
[2026-08-18 02:54:45.401] [1863622] [HailoRT] [info] [pipeline.cpp:891] [print_deep_description] AsyncHwEl | inputs: PushQEl3yolov8s_pose/input_layer1[0] | outputs: LastAsyncEl0AsyncHwEl LastAsyncEl1AsyncHwEl LastAsyncEl2AsyncHwEl LastAsyncEl3AsyncHwEl PushQEl4AsyncHwEl LastAsyncEl5AsyncHwEl PushQEl6AsyncHwEl PushQEl7AsyncHwEl LastAsyncEl8AsyncHwEl
[2026-08-18 02:54:45.401] [1863622] [HailoRT] [info] [pipeline.cpp:891] [print_deep_description] LastAsyncEl0AsyncHwEl | inputs: AsyncHwEl[0] | outputs: user
[2026-08-18 02:54:45.401] [1863622] [HailoRT] [info] [pipeline.cpp:891] [print_deep_description] LastAsyncEl1AsyncHwEl | inputs: AsyncHwEl[0] | outputs: user
[2026-08-18 02:54:45.401] [1863622] [HailoRT] [info] [pipeline.cpp:891] [print_deep_description] LastAsyncEl2AsyncHwEl | inputs: AsyncHwEl[0] | outputs: user
[2026-08-18 02:54:45.401] [1863622] [HailoRT] [info] [pipeline.cpp:891] [print_deep_description] LastAsyncEl3AsyncHwEl | inputs: AsyncHwEl[0] | outputs: user
[2026-08-18 02:54:45.401] [1863622] [HailoRT] [info] [pipeline.cpp:891] [print_deep_description] PushQEl4AsyncHwEl | inputs: AsyncHwEl[0] | outputs: PostInferEl4AsyncHwEl(running in thread_id: 1870741)
[2026-08-18 02:54:45.401] [1863622] [HailoRT] [info] [pipeline.cpp:891] [print_deep_description] PostInferEl4AsyncHwEl | inputs: PushQEl4AsyncHwEl[0] | outputs: LastAsyncEl0PostInferEl4AsyncHwEl
[2026-08-18 02:54:45.401] [1863622] [HailoRT] [info] [pipeline.cpp:891] [print_deep_description] LastAsyncEl0PostInferEl4AsyncHwEl | inputs: PostInferEl4AsyncHwEl[0] | outputs: user
[2026-08-18 02:54:45.401] [1863622] [HailoRT] [info] [pipeline.cpp:891] [print_deep_description] LastAsyncEl5AsyncHwEl | inputs: AsyncHwEl[0] | outputs: user
[2026-08-18 02:54:45.401] [1863622] [HailoRT] [info] [pipeline.cpp:891] [print_deep_description] PushQEl6AsyncHwEl | inputs: AsyncHwEl[0] | outputs: PostInferEl6AsyncHwEl(running in thread_id: 1870743)
[2026-08-18 02:54:45.401] [1863622] [HailoRT] [info] [pipeline.cpp:891] [print_deep_description] PostInferEl6AsyncHwEl | inputs: PushQEl6AsyncHwEl[0] | outputs: LastAsyncEl0PostInferEl6AsyncHwEl
[2026-08-18 02:54:45.401] [1863622] [HailoRT] [info] [pipeline.cpp:891] [print_deep_description] LastAsyncEl0PostInferEl6AsyncHwEl | inputs: PostInferEl6AsyncHwEl[0] | outputs: user
[2026-08-18 02:54:45.401] [1863622] [HailoRT] [info] [pipeline.cpp:891] [print_deep_description] PushQEl7AsyncHwEl | inputs: AsyncHwEl[0] | outputs: PostInferEl7AsyncHwEl(running in thread_id: 1870742)
[2026-08-18 02:54:45.401] [1863622] [HailoRT] [info] [pipeline.cpp:891] [print_deep_description] PostInferEl7AsyncHwEl | inputs: PushQEl7AsyncHwEl[0] | outputs: LastAsyncEl0PostInferEl7AsyncHwEl
[2026-08-18 02:54:45.401] [1863622] [HailoRT] [info] [pipeline.cpp:891] [print_deep_description] LastAsyncEl0PostInferEl7AsyncHwEl | inputs: PostInferEl7AsyncHwEl[0] | outputs: user
[2026-08-18 02:54:45.401] [1863622] [HailoRT] [info] [pipeline.cpp:891] [print_deep_description] LastAsyncEl8AsyncHwEl | inputs: AsyncHwEl[0] | outputs: user
[2026-08-18 02:54:45.404] [1863622] [HailoRT] [info] [internal_buffer_manager.cpp:202] [print_execution_results] Default Internal buffer planner failed to meet requirements
[2026-08-18 02:54:45.404] [1863622] [HailoRT] [info] [internal_buffer_manager.cpp:212] [print_execution_results] Default Internal buffer planner executed successfully
[2026-08-18 02:54:45.414] [1863622] [HailoRT] [info] [device_internal.cpp:57] [configure] Configuring HEF took 12.102655 milliseconds
[2026-08-18 02:54:45.415] [1863622] [HailoRT] [info] [vdevice.cpp:749] [configure] Configuring HEF on VDevice took 12.485524 milliseconds
[2026-08-18 02:54:45.415] [1863622] [HailoRT] [info] [infer_model.cpp:436] [configure] Configuring network group 'yolov8s' with params: batch size: 0, power mode: PERFORMANCE, latency: NONE
[2026-08-18 02:54:45.415] [1863622] [HailoRT] [info] [multi_io_elements.cpp:756] [create] Created (AsyncHwEl)
[2026-08-18 02:54:45.415] [1863622] [HailoRT] [info] [queue_elements.cpp:450] [create] Created (EntryPushQEl0yolov8s/input_layer1 | timeout: 10s)
[2026-08-18 02:54:45.415] [1863622] [HailoRT] [info] [filter_elements.cpp:101] [create] Created (PreInferEl3yolov8s/input_layer1 | Reorder - src_order: RGB4, src_shape: (640, 640, 3), dst_order: NHCW, dst_shape: (640, 640, 3))
[2026-08-18 02:54:45.415] [1863622] [HailoRT] [info] [queue_elements.cpp:450] [create] Created (PushQEl3yolov8s/input_layer1 | timeout: 10s)
[2026-08-18 02:54:45.415] [1863622] [HailoRT] [info] [multi_io_elements.cpp:135] [create] Created (NmsPPMuxEl0YOLOV8-Post-Process | Op YOLOV8, Name: YOLOV8-Post-Process, Score threshold: 0.200, IoU threshold: 0.70, Classes: 80, Cross classes: false, NMS results order: BY_CLASS, Max bboxes per class: 100, Image height: 640, Image width: 640)
[2026-08-18 02:54:45.415] [1863622] [HailoRT] [info] [queue_elements.cpp:942] [create] Created (MultiPushQEl0YOLOV8-Post-Process | timeout: 10s)
[2026-08-18 02:54:45.415] [1863622] [HailoRT] [info] [edge_elements.cpp:187] [create] Created (LastAsyncEl0NmsPPMuxEl0YOLOV8-Post-Process)
[2026-08-18 02:54:45.415] [1863622] [HailoRT] [info] [pipeline.cpp:891] [print_deep_description] EntryPushQEl0yolov8s/input_layer1 | inputs: user | outputs: PreInferEl3yolov8s/input_layer1(running in thread_id: 1870744)
[2026-08-18 02:54:45.415] [1863622] [HailoRT] [info] [pipeline.cpp:891] [print_deep_description] PreInferEl3yolov8s/input_layer1 | inputs: EntryPushQEl0yolov8s/input_layer1[0] | outputs: PushQEl3yolov8s/input_layer1
[2026-08-18 02:54:45.415] [1863622] [HailoRT] [info] [pipeline.cpp:891] [print_deep_description] PushQEl3yolov8s/input_layer1 | inputs: PreInferEl3yolov8s/input_layer1[0] | outputs: AsyncHwEl(running in thread_id: 1870745)
[2026-08-18 02:54:45.415] [1863622] [HailoRT] [info] [pipeline.cpp:891] [print_deep_description] AsyncHwEl | inputs: PushQEl3yolov8s/input_layer1[0] | outputs: MultiPushQEl0YOLOV8-Post-Process MultiPushQEl0YOLOV8-Post-Process MultiPushQEl0YOLOV8-Post-Process MultiPushQEl0YOLOV8-Post-Process MultiPushQEl0YOLOV8-Post-Process MultiPushQEl0YOLOV8-Post-Process
[2026-08-18 02:54:45.415] [1863622] [HailoRT] [info] [pipeline.cpp:891] [print_deep_description] MultiPushQEl0YOLOV8-Post-Process | inputs: AsyncHwEl[0] AsyncHwEl[1] AsyncHwEl[2] AsyncHwEl[3] AsyncHwEl[4] AsyncHwEl[5] | outputs: NmsPPMuxEl0YOLOV8-Post-Process(running in thread_id: 1870746)
[2026-08-18 02:54:45.415] [1863622] [HailoRT] [info] [pipeline.cpp:891] [print_deep_description] NmsPPMuxEl0YOLOV8-Post-Process | inputs: MultiPushQEl0YOLOV8-Post-Process[0] | outputs: LastAsyncEl0NmsPPMuxEl0YOLOV8-Post-Process
[2026-08-18 02:54:45.415] [1863622] [HailoRT] [info] [pipeline.cpp:891] [print_deep_description] LastAsyncEl0NmsPPMuxEl0YOLOV8-Post-Process | inputs: NmsPPMuxEl0YOLOV8-Post-Process[0] | outputs: user
[2026-08-18 02:54:45.795] [1869434] [HailoRT] [info] [hef.cpp:1929] [get_network_group_and_network_name] No name was given. Addressing all networks of default network_group: yolov8s
[2026-08-18 02:54:45.801] [1869432] [HailoRT] [info] [hef.cpp:1929] [get_network_group_and_network_name] No name was given. Addressing all networks of default network_group: yolov8s_pose
[2026-08-18 02:55:56.100] [1863622] [HailoRT] [info] [async_infer_runner.cpp:86] [shutdown] Pipeline was aborted. Shutting it down
[2026-08-18 02:55:56.102] [1870731] [HailoRT] [info] [network_group.cpp:857] [operator()] Infer request was aborted by user
[2026-08-18 02:55:56.102] [1870731] [HailoRT] [info] [network_group.cpp:857] [operator()] Infer request was aborted by user
[2026-08-18 02:55:56.102] [1863622] [HailoRT] [info] [queue_elements.cpp:570] [execute_deactivate] enqueue() in element PushQEl4AsyncHwEl was aborted, got status = HAILO_SHUTDOWN_EVENT_SIGNALED(57)
[2026-08-18 02:55:56.102] [1863622] [HailoRT] [info] [queue_elements.cpp:570] [execute_deactivate] enqueue() in element PushQEl6AsyncHwEl was aborted, got status = HAILO_SHUTDOWN_EVENT_SIGNALED(57)
[2026-08-18 02:55:56.102] [1863622] [HailoRT] [info] [queue_elements.cpp:570] [execute_deactivate] enqueue() in element PushQEl7AsyncHwEl was aborted, got status = HAILO_SHUTDOWN_EVENT_SIGNALED(57)
[2026-08-18 02:55:56.102] [1863622] [HailoRT] [info] [queue_elements.cpp:570] [execute_deactivate] enqueue() in element PushQEl3yolov8s_pose/input_layer1 was aborted, got status = HAILO_SHUTDOWN_EVENT_SIGNALED(57)
[2026-08-18 02:55:56.102] [1863622] [HailoRT] [info] [queue_elements.cpp:570] [execute_deactivate] enqueue() in element EntryPushQEl0yolov8s_pose/input_layer1 was aborted, got status = HAILO_SHUTDOWN_EVENT_SIGNALED(57)
[2026-08-18 02:55:56.102] [1863622] [HailoRT] [info] [queue_elements.cpp:46] [~BaseQueueElement] Queue element EntryPushQEl0yolov8s_pose/input_layer1 has 0 frames in his Queue on destruction
[2026-08-18 02:55:56.102] [1863622] [HailoRT] [info] [queue_elements.cpp:46] [~BaseQueueElement] Queue element PushQEl3yolov8s_pose/input_layer1 has 0 frames in his Queue on destruction
[2026-08-18 02:55:56.102] [1863622] [HailoRT] [info] [queue_elements.cpp:46] [~BaseQueueElement] Queue element PushQEl4AsyncHwEl has 0 frames in his Queue on destruction
[2026-08-18 02:55:56.102] [1863622] [HailoRT] [info] [queue_elements.cpp:46] [~BaseQueueElement] Queue element PushQEl7AsyncHwEl has 0 frames in his Queue on destruction
[2026-08-18 02:55:56.102] [1863622] [HailoRT] [info] [queue_elements.cpp:46] [~BaseQueueElement] Queue element PushQEl6AsyncHwEl has 0 frames in his Queue on destruction
[2026-08-18 02:55:56.103] [1863622] [HailoRT] [info] [async_infer_runner.cpp:86] [shutdown] Pipeline was aborted. Shutting it down
[2026-08-18 02:55:56.103] [1863622] [HailoRT] [info] [queue_elements.cpp:1131] [execute_deactivate] enqueue() in element MultiPushQEl0YOLOV8-Post-Process was aborted, got status = HAILO_SHUTDOWN_EVENT_SIGNALED(57)
[2026-08-18 02:55:56.103] [1863622] [HailoRT] [info] [queue_elements.cpp:1131] [execute_deactivate] enqueue() in element MultiPushQEl0YOLOV8-Post-Process was aborted, got status = HAILO_SHUTDOWN_EVENT_SIGNALED(57)
[2026-08-18 02:55:56.103] [1863622] [HailoRT] [info] [queue_elements.cpp:1131] [execute_deactivate] enqueue() in element MultiPushQEl0YOLOV8-Post-Process was aborted, got status = HAILO_SHUTDOWN_EVENT_SIGNALED(57)
[2026-08-18 02:55:56.103] [1863622] [HailoRT] [info] [queue_elements.cpp:1131] [execute_deactivate] enqueue() in element MultiPushQEl0YOLOV8-Post-Process was aborted, got status = HAILO_SHUTDOWN_EVENT_SIGNALED(57)
[2026-08-18 02:55:56.103] [1863622] [HailoRT] [info] [queue_elements.cpp:1131] [execute_deactivate] enqueue() in element MultiPushQEl0YOLOV8-Post-Process was aborted, got status = HAILO_SHUTDOWN_EVENT_SIGNALED(57)
[2026-08-18 02:55:56.103] [1863622] [HailoRT] [info] [queue_elements.cpp:1131] [execute_deactivate] enqueue() in element MultiPushQEl0YOLOV8-Post-Process was aborted, got status = HAILO_SHUTDOWN_EVENT_SIGNALED(57)
[2026-08-18 02:55:56.103] [1863622] [HailoRT] [info] [queue_elements.cpp:570] [execute_deactivate] enqueue() in element PushQEl3yolov8s/input_layer1 was aborted, got status = HAILO_SHUTDOWN_EVENT_SIGNALED(57)
[2026-08-18 02:55:56.103] [1863622] [HailoRT] [info] [queue_elements.cpp:570] [execute_deactivate] enqueue() in element EntryPushQEl0yolov8s/input_layer1 was aborted, got status = HAILO_SHUTDOWN_EVENT_SIGNALED(57)
[2026-08-18 02:55:56.103] [1863622] [HailoRT] [info] [queue_elements.cpp:46] [~BaseQueueElement] Queue element EntryPushQEl0yolov8s/input_layer1 has 0 frames in his Queue on destruction
[2026-08-18 02:55:56.103] [1863622] [HailoRT] [info] [queue_elements.cpp:46] [~BaseQueueElement] Queue element PushQEl3yolov8s/input_layer1 has 0 frames in his Queue on destruction
[2026-08-18 02:55:56.193] [1863622] [HailoRT] [info] [vdevice.cpp:523] [create] Creating vdevice with params: device_count: 1, scheduling_algorithm: ROUND_ROBIN, multi_process_service: false
[2026-08-18 02:55:56.206] [1863622] [HailoRT] [info] [device.cpp:49] [Device] OS Version: Linux 6.12.34+rpt-rpi-2712 #1 SMP PREEMPT Debian 1:6.12.34-1+rpt1~bookworm (2025-06-26) aarch64
[2026-08-18 02:55:56.207] [1863622] [HailoRT] [info] [control.cpp:108] [control__parse_identify_results] firmware_version is: 4.20.0
[2026-08-18 02:55:56.207] [1863622] [HailoRT] [info] [vdevice.cpp:651] [create] VDevice Infos: 0001:03:00.0
[2026-08-18 02:55:56.244] [1863622] [HailoRT] [info] [hef.cpp:1929] [get_network_group_and_network_name] No name was given. Addressing all networks of default network_group: yolov8s
[2026-08-18 02:55:56.244] [1863622] [HailoRT] [info] [hef.cpp:1929] [get_network_group_and_network_name] No name was given. Addressing all networks of default network_group: yolov8s
[2026-08-18 02:55:56.272] [1863622] [HailoRT] [info] [vdevice.cpp:523] [create] Creating vdevice with params: device_count: 1, scheduling_algorithm: ROUND_ROBIN, multi_process_service: false
[2026-08-18 02:55:56.376] [1863622] [HailoRT] [info] [hef.cpp:1929] [get_network_group_and_network_name] No name was given. Addressing all networks of default network_group: yolov8s_pose
[2026-08-18 02:55:56.376] [1863622] [HailoRT] [info] [hef.cpp:1929] [get_network_group_and_network_name] No name was given. Addressing all networks of default network_group: yolov8s_pose
[2026-08-18 02:55:56.403] [1863622] [HailoRT] [warning] [device_internal.cpp:616] [check_hef_is_compatible] HEF was compiled for Hailo8L device, while the device itself is Hailo8. This will result in lower performance.
[2026-08-18 02:55:56.404] [1863622] [HailoRT] [warning] [device_internal.cpp:616] [check_hef_is_compatible] HEF was compiled for Hailo8L device, while the device itself is Hailo8. This will result in lower performance.
[2026-08-18 02:55:56.410] [1863622] [HailoRT] [info] [internal_buffer_manager.cpp:204] [print_execution_results] Planned internal buffer memory: CMA memory 0, user memory 3321344. memory to edge layer usage factor is 0.93083656
[2026-08-18 02:55:56.410] [1863622] [HailoRT] [info] [internal_buffer_manager.cpp:212] [print_execution_results] Default Internal buffer planner executed successfully
[2026-08-18 02:55:56.433] [1863622] [HailoRT] [info] [device_internal.cpp:57] [configure] Configuring HEF took 29.952518 milliseconds
[2026-08-18 02:55:56.434] [1863622] [HailoRT] [info] [vdevice.cpp:749] [configure] Configuring HEF on VDevice took 30.573702 milliseconds
[2026-08-18 02:55:56.434] [1863622] [HailoRT] [info] [infer_model.cpp:436] [configure] Configuring network group 'yolov8s_pose' with params: batch size: 0, power mode: PERFORMANCE, latency: NONE
[2026-08-18 02:55:56.435] [1863622] [HailoRT] [info] [multi_io_elements.cpp:756] [create] Created (AsyncHwEl)
[2026-08-18 02:55:56.435] [1863622] [HailoRT] [info] [queue_elements.cpp:450] [create] Created (EntryPushQEl0yolov8s_pose/input_layer1 | timeout: 10s)
[2026-08-18 02:55:56.435] [1863622] [HailoRT] [info] [filter_elements.cpp:101] [create] Created (PreInferEl3yolov8s_pose/input_layer1 | Reorder - src_order: RGB4, src_shape: (640, 640, 3), dst_order: NHWC, dst_shape: (640, 640, 3))
[2026-08-18 02:55:56.435] [1863622] [HailoRT] [info] [queue_elements.cpp:450] [create] Created (PushQEl3yolov8s_pose/input_layer1 | timeout: 10s)
[2026-08-18 02:55:56.436] [1863622] [HailoRT] [info] [edge_elements.cpp:187] [create] Created (LastAsyncEl3AsyncHwEl)
[2026-08-18 02:55:56.436] [1863622] [HailoRT] [info] [queue_elements.cpp:450] [create] Created (PushQEl4AsyncHwEl | timeout: 10s)
[2026-08-18 02:55:56.436] [1863622] [HailoRT] [info] [filter_elements.cpp:375] [create] Created (PostInferEl4AsyncHwEl | Reorder - src_order: FCR, src_shape: (20, 20, 56), dst_order: FCR, dst_shape: (20, 20, 51))
[2026-08-18 02:55:56.436] [1863622] [HailoRT] [info] [edge_elements.cpp:187] [create] Created (LastAsyncEl0PostInferEl4AsyncHwEl)
[2026-08-18 02:55:56.436] [1863622] [HailoRT] [info] [edge_elements.cpp:187] [create] Created (LastAsyncEl5AsyncHwEl)
[2026-08-18 02:55:56.436] [1863622] [HailoRT] [info] [edge_elements.cpp:187] [create] Created (LastAsyncEl0AsyncHwEl)
[2026-08-18 02:55:56.436] [1863622] [HailoRT] [info] [edge_elements.cpp:187] [create] Created (LastAsyncEl1AsyncHwEl)
[2026-08-18 02:55:56.436] [1863622] [HailoRT] [info] [edge_elements.cpp:187] [create] Created (LastAsyncEl2AsyncHwEl)
[2026-08-18 02:55:56.436] [1863622] [HailoRT] [info] [queue_elements.cpp:450] [create] Created (PushQEl7AsyncHwEl | timeout: 10s)
[2026-08-18 02:55:56.436] [1863622] [HailoRT] [info] [filter_elements.cpp:375] [create] Created (PostInferEl7AsyncHwEl | Reorder - src_order: FCR, src_shape: (40, 40, 56), dst_order: FCR, dst_shape: (40, 40, 51))
[2026-08-18 02:55:56.436] [1863622] [HailoRT] [info] [edge_elements.cpp:187] [create] Created (LastAsyncEl0PostInferEl7AsyncHwEl)
[2026-08-18 02:55:56.436] [1863622] [HailoRT] [info] [edge_elements.cpp:187] [create] Created (LastAsyncEl8AsyncHwEl)
[2026-08-18 02:55:56.436] [1863622] [HailoRT] [info] [queue_elements.cpp:450] [create] Created (PushQEl6AsyncHwEl | timeout: 10s)
[2026-08-18 02:55:56.436] [1863622] [HailoRT] [info] [filter_elements.cpp:375] [create] Created (PostInferEl6AsyncHwEl | Reorder - src_order: FCR, src_shape: (80, 80, 56), dst_order: FCR, dst_shape: (80, 80, 51))
[2026-08-18 02:55:56.436] [1863622] [HailoRT] [info] [edge_elements.cpp:187] [create] Created (LastAsyncEl0PostInferEl6AsyncHwEl)
[2026-08-18 02:55:56.436] [1863622] [HailoRT] [info] [pipeline.cpp:891] [print_deep_description] EntryPushQEl0yolov8s_pose/input_layer1 | inputs: user | outputs: PreInferEl3yolov8s_pose/input_layer1(running in thread_id: 1870998)
[2026-08-18 02:55:56.436] [1863622] [HailoRT] [info] [pipeline.cpp:891] [print_deep_description] PreInferEl3yolov8s_pose/input_layer1 | inputs: EntryPushQEl0yolov8s_pose/input_layer1[0] | outputs: PushQEl3yolov8s_pose/input_layer1
[2026-08-18 02:55:56.436] [1863622] [HailoRT] [info] [pipeline.cpp:891] [print_deep_description] PushQEl3yolov8s_pose/input_layer1 | inputs: PreInferEl3yolov8s_pose/input_layer1[0] | outputs: AsyncHwEl(running in thread_id: 1870999)
[2026-08-18 02:55:56.437] [1863622] [HailoRT] [info] [pipeline.cpp:891] [print_deep_description] AsyncHwEl | inputs: PushQEl3yolov8s_pose/input_layer1[0] | outputs: LastAsyncEl0AsyncHwEl LastAsyncEl1AsyncHwEl LastAsyncEl2AsyncHwEl LastAsyncEl3AsyncHwEl PushQEl4AsyncHwEl LastAsyncEl5AsyncHwEl PushQEl6AsyncHwEl PushQEl7AsyncHwEl LastAsyncEl8AsyncHwEl
[2026-08-18 02:55:56.437] [1863622] [HailoRT] [info] [pipeline.cpp:891] [print_deep_description] LastAsyncEl0AsyncHwEl | inputs: AsyncHwEl[0] | outputs: user
[2026-08-18 02:55:56.437] [1863622] [HailoRT] [info] [pipeline.cpp:891] [print_deep_description] LastAsyncEl1AsyncHwEl | inputs: AsyncHwEl[0] | outputs: user
[2026-08-18 02:55:56.437] [1863622] [HailoRT] [info] [pipeline.cpp:891] [print_deep_description] LastAsyncEl2AsyncHwEl | inputs: AsyncHwEl[0] | outputs: user
[2026-08-18 02:55:56.437] [1863622] [HailoRT] [info] [pipeline.cpp:891] [print_deep_description] LastAsyncEl3AsyncHwEl | inputs: AsyncHwEl[0] | outputs: user
[2026-08-18 02:55:56.437] [1863622] [HailoRT] [info] [pipeline.cpp:891] [print_deep_description] PushQEl4AsyncHwEl | inputs: AsyncHwEl[0] | outputs: PostInferEl4AsyncHwEl(running in thread_id: 1871000)
[2026-08-18 02:55:56.437] [1863622] [HailoRT] [info] [pipeline.cpp:891] [print_deep_description] PostInferEl4AsyncHwEl | inputs: PushQEl4AsyncHwEl[0] | outputs: LastAsyncEl0PostInferEl4AsyncHwEl
[2026-08-18 02:55:56.437] [1863622] [HailoRT] [info] [pipeline.cpp:891] [print_deep_description] LastAsyncEl0PostInferEl4AsyncHwEl | inputs: PostInferEl4AsyncHwEl[0] | outputs: user
[2026-08-18 02:55:56.437] [1863622] [HailoRT] [info] [pipeline.cpp:891] [print_deep_description] LastAsyncEl5AsyncHwEl | inputs: AsyncHwEl[0] | outputs: user
[2026-08-18 02:55:56.437] [1863622] [HailoRT] [info] [pipeline.cpp:891] [print_deep_description] PushQEl6AsyncHwEl | inputs: AsyncHwEl[0] | outputs: PostInferEl6AsyncHwEl(running in thread_id: 1871002)
[2026-08-18 02:55:56.437] [1863622] [HailoRT] [info] [pipeline.cpp:891] [print_deep_description] PostInferEl6AsyncHwEl | inputs: PushQEl6AsyncHwEl[0] | outputs: LastAsyncEl0PostInferEl6AsyncHwEl
[2026-08-18 02:55:56.437] [1863622] [HailoRT] [info] [pipeline.cpp:891] [print_deep_description] LastAsyncEl0PostInferEl6AsyncHwEl | inputs: PostInferEl6AsyncHwEl[0] | outputs: user
[2026-08-18 02:55:56.437] [1863622] [HailoRT] [info] [pipeline.cpp:891] [print_deep_description] PushQEl7AsyncHwEl | inputs: AsyncHwEl[0] | outputs: PostInferEl7AsyncHwEl(running in thread_id: 1871001)
[2026-08-18 02:55:56.437] [1863622] [HailoRT] [info] [pipeline.cpp:891] [print_deep_description] PostInferEl7AsyncHwEl | inputs: PushQEl7AsyncHwEl[0] | outputs: LastAsyncEl0PostInferEl7AsyncHwEl
[2026-08-18 02:55:56.437] [1863622] [HailoRT] [info] [pipeline.cpp:891] [print_deep_description] LastAsyncEl0PostInferEl7AsyncHwEl | inputs: PostInferEl7AsyncHwEl[0] | outputs: user
[2026-08-18 02:55:56.437] [1863622] [HailoRT] [info] [pipeline.cpp:891] [print_deep_description] LastAsyncEl8AsyncHwEl | inputs: AsyncHwEl[0] | outputs: user
[2026-08-18 02:55:56.440] [1863622] [HailoRT] [info] [internal_buffer_manager.cpp:202] [print_execution_results] Default Internal buffer planner failed to meet requirements
[2026-08-18 02:55:56.440] [1863622] [HailoRT] [info] [internal_buffer_manager.cpp:212] [print_execution_results] Default Internal buffer planner executed successfully
[2026-08-18 02:55:56.451] [1863622] [HailoRT] [info] [device_internal.cpp:57] [configure] Configuring HEF took 12.935561 milliseconds
[2026-08-18 02:55:56.451] [1863622] [HailoRT] [info] [vdevice.cpp:749] [configure] Configuring HEF on VDevice took 13.363115 milliseconds
[2026-08-18 02:55:56.451] [1863622] [HailoRT] [info] [infer_model.cpp:436] [configure] Configuring network group 'yolov8s' with params: batch size: 0, power mode: PERFORMANCE, latency: NONE
[2026-08-18 02:55:56.452] [1863622] [HailoRT] [info] [multi_io_elements.cpp:756] [create] Created (AsyncHwEl)
[2026-08-18 02:55:56.452] [1863622] [HailoRT] [info] [queue_elements.cpp:450] [create] Created (EntryPushQEl0yolov8s/input_layer1 | timeout: 10s)
[2026-08-18 02:55:56.452] [1863622] [HailoRT] [info] [filter_elements.cpp:101] [create] Created (PreInferEl3yolov8s/input_layer1 | Reorder - src_order: RGB4, src_shape: (640, 640, 3), dst_order: NHCW, dst_shape: (640, 640, 3))
[2026-08-18 02:55:56.452] [1863622] [HailoRT] [info] [queue_elements.cpp:450] [create] Created (PushQEl3yolov8s/input_layer1 | timeout: 10s)
[2026-08-18 02:55:56.452] [1863622] [HailoRT] [info] [multi_io_elements.cpp:135] [create] Created (NmsPPMuxEl0YOLOV8-Post-Process | Op YOLOV8, Name: YOLOV8-Post-Process, Score threshold: 0.200, IoU threshold: 0.70, Classes: 80, Cross classes: false, NMS results order: BY_CLASS, Max bboxes per class: 100, Image height: 640, Image width: 640)
[2026-08-18 02:55:56.452] [1863622] [HailoRT] [info] [queue_elements.cpp:942] [create] Created (MultiPushQEl0YOLOV8-Post-Process | timeout: 10s)
[2026-08-18 02:55:56.452] [1863622] [HailoRT] [info] [edge_elements.cpp:187] [create] Created (LastAsyncEl0NmsPPMuxEl0YOLOV8-Post-Process)
[2026-08-18 02:55:56.452] [1863622] [HailoRT] [info] [pipeline.cpp:891] [print_deep_description] EntryPushQEl0yolov8s/input_layer1 | inputs: user | outputs: PreInferEl3yolov8s/input_layer1(running in thread_id: 1871003)
[2026-08-18 02:55:56.452] [1863622] [HailoRT] [info] [pipeline.cpp:891] [print_deep_description] PreInferEl3yolov8s/input_layer1 | inputs: EntryPushQEl0yolov8s/input_layer1[0] | outputs: PushQEl3yolov8s/input_layer1
[2026-08-18 02:55:56.452] [1863622] [HailoRT] [info] [pipeline.cpp:891] [print_deep_description] PushQEl3yolov8s/input_layer1 | inputs: PreInferEl3yolov8s/input_layer1[0] | outputs: AsyncHwEl(running in thread_id: 1871004)
[2026-08-18 02:55:56.452] [1863622] [HailoRT] [info] [pipeline.cpp:891] [print_deep_description] AsyncHwEl | inputs: PushQEl3yolov8s/input_layer1[0] | outputs: MultiPushQEl0YOLOV8-Post-Process MultiPushQEl0YOLOV8-Post-Process MultiPushQEl0YOLOV8-Post-Process MultiPushQEl0YOLOV8-Post-Process MultiPushQEl0YOLOV8-Post-Process MultiPushQEl0YOLOV8-Post-Process
[2026-08-18 02:55:56.452] [1863622] [HailoRT] [info] [pipeline.cpp:891] [print_deep_description] MultiPushQEl0YOLOV8-Post-Process | inputs: AsyncHwEl[0] AsyncHwEl[1] AsyncHwEl[2] AsyncHwEl[3] AsyncHwEl[4] AsyncHwEl[5] | outputs: NmsPPMuxEl0YOLOV8-Post-Process(running in thread_id: 1871005)
[2026-08-18 02:55:56.452] [1863622] [HailoRT] [info] [pipeline.cpp:891] [print_deep_description] NmsPPMuxEl0YOLOV8-Post-Process | inputs: MultiPushQEl0YOLOV8-Post-Process[0] | outputs: LastAsyncEl0NmsPPMuxEl0YOLOV8-Post-Process
[2026-08-18 02:55:56.452] [1863622] [HailoRT] [info] [pipeline.cpp:891] [print_deep_description] LastAsyncEl0NmsPPMuxEl0YOLOV8-Post-Process | inputs: NmsPPMuxEl0YOLOV8-Post-Process[0] | outputs: user
[2026-08-18 02:55:56.675] [1869433] [HailoRT] [info] [hef.cpp:1929] [get_network_group_and_network_name] No name was given. Addressing all networks of default network_group: yolov8s_pose
[2026-08-18 02:55:56.841] [1869432] [HailoRT] [info] [hef.cpp:1929] [get_network_group_and_network_name] No name was given. Addressing all networks of default network_group: yolov8s
[2026-08-18 03:01:15.924] [1863622] [HailoRT] [info] [async_infer_runner.cpp:86] [shutdown] Pipeline was aborted. Shutting it down
[2026-08-18 03:01:15.930] [1870990] [HailoRT] [info] [network_group.cpp:857] [operator()] Infer request was aborted by user
[2026-08-18 03:01:15.931] [1863622] [HailoRT] [info] [queue_elements.cpp:570] [execute_deactivate] enqueue() in element PushQEl4AsyncHwEl was aborted, got status = HAILO_SHUTDOWN_EVENT_SIGNALED(57)
[2026-08-18 03:01:15.931] [1863622] [HailoRT] [info] [queue_elements.cpp:570] [execute_deactivate] enqueue() in element PushQEl6AsyncHwEl was aborted, got status = HAILO_SHUTDOWN_EVENT_SIGNALED(57)
[2026-08-18 03:01:15.931] [1863622] [HailoRT] [info] [queue_elements.cpp:570] [execute_deactivate] enqueue() in element PushQEl7AsyncHwEl was aborted, got status = HAILO_SHUTDOWN_EVENT_SIGNALED(57)
[2026-08-18 03:01:15.931] [1863622] [HailoRT] [info] [queue_elements.cpp:570] [execute_deactivate] enqueue() in element PushQEl3yolov8s_pose/input_layer1 was aborted, got status = HAILO_SHUTDOWN_EVENT_SIGNALED(57)
[2026-08-18 03:01:15.931] [1863622] [HailoRT] [info] [queue_elements.cpp:570] [execute_deactivate] enqueue() in element EntryPushQEl0yolov8s_pose/input_layer1 was aborted, got status = HAILO_SHUTDOWN_EVENT_SIGNALED(57)
[2026-08-18 03:01:15.931] [1863622] [HailoRT] [info] [queue_elements.cpp:46] [~BaseQueueElement] Queue element EntryPushQEl0yolov8s_pose/input_layer1 has 0 frames in his Queue on destruction
[2026-08-18 03:01:15.931] [1863622] [HailoRT] [info] [queue_elements.cpp:46] [~BaseQueueElement] Queue element PushQEl3yolov8s_pose/input_layer1 has 0 frames in his Queue on destruction
[2026-08-18 03:01:15.934] [1863622] [HailoRT] [info] [queue_elements.cpp:46] [~BaseQueueElement] Queue element PushQEl4AsyncHwEl has 0 frames in his Queue on destruction
[2026-08-18 03:01:15.934] [1863622] [HailoRT] [info] [queue_elements.cpp:46] [~BaseQueueElement] Queue element PushQEl7AsyncHwEl has 0 frames in his Queue on destruction
[2026-08-18 03:01:15.934] [1863622] [HailoRT] [info] [queue_elements.cpp:46] [~BaseQueueElement] Queue element PushQEl6AsyncHwEl has 0 frames in his Queue on destruction
[2026-08-18 03:01:15.934] [1863622] [HailoRT] [info] [async_infer_runner.cpp:86] [shutdown] Pipeline was aborted. Shutting it down
[2026-08-18 03:01:15.935] [1863622] [HailoRT] [info] [queue_elements.cpp:1131] [execute_deactivate] enqueue() in element MultiPushQEl0YOLOV8-Post-Process was aborted, got status = HAILO_SHUTDOWN_EVENT_SIGNALED(57)
[2026-08-18 03:01:15.935] [1863622] [HailoRT] [info] [queue_elements.cpp:1131] [execute_deactivate] enqueue() in element MultiPushQEl0YOLOV8-Post-Process was aborted, got status = HAILO_SHUTDOWN_EVENT_SIGNALED(57)
[2026-08-18 03:01:15.935] [1863622] [HailoRT] [info] [queue_elements.cpp:1131] [execute_deactivate] enqueue() in element MultiPushQEl0YOLOV8-Post-Process was aborted, got status = HAILO_SHUTDOWN_EVENT_SIGNALED(57)
[2026-08-18 03:01:15.935] [1863622] [HailoRT] [info] [queue_elements.cpp:1131] [execute_deactivate] enqueue() in element MultiPushQEl0YOLOV8-Post-Process was aborted, got status = HAILO_SHUTDOWN_EVENT_SIGNALED(57)
[2026-08-18 03:01:15.935] [1863622] [HailoRT] [info] [queue_elements.cpp:1131] [execute_deactivate] enqueue() in element MultiPushQEl0YOLOV8-Post-Process was aborted, got status = HAILO_SHUTDOWN_EVENT_SIGNALED(57)
[2026-08-18 03:01:15.935] [1863622] [HailoRT] [info] [queue_elements.cpp:1131] [execute_deactivate] enqueue() in element MultiPushQEl0YOLOV8-Post-Process was aborted, got status = HAILO_SHUTDOWN_EVENT_SIGNALED(57)
[2026-08-18 03:01:15.935] [1863622] [HailoRT] [info] [queue_elements.cpp:570] [execute_deactivate] enqueue() in element PushQEl3yolov8s/input_layer1 was aborted, got status = HAILO_SHUTDOWN_EVENT_SIGNALED(57)
[2026-08-18 03:01:15.935] [1863622] [HailoRT] [info] [queue_elements.cpp:570] [execute_deactivate] enqueue() in element EntryPushQEl0yolov8s/input_layer1 was aborted, got status = HAILO_SHUTDOWN_EVENT_SIGNALED(57)
[2026-08-18 03:01:15.935] [1863622] [HailoRT] [info] [queue_elements.cpp:46] [~BaseQueueE[2026-08-18 03:02:23.903] [1872064] [HailoRT] [info] [vdevice.cpp:523] [create] Creating vdevice with params: device_count: 1, scheduling_algorithm: ROUND_ROBIN, multi_process_service: false
[2026-08-18 03:02:23.915] [1872064] [HailoRT] [info] [device.cpp:49] [Device] OS Version: Linux 6.12.34+rpt-rpi-2712 #1 SMP PREEMPT Debian 1:6.12.34-1+rpt1~bookworm (2025-06-26) aarch64
[2026-08-18 03:02:23.916] [1872064] [HailoRT] [info] [control.cpp:108] [control__parse_identify_results] firmware_version is: 4.20.0
[2026-08-18 03:02:23.916] [1872064] [HailoRT] [info] [vdevice.cpp:651] [create] VDevice Infos: 0001:03:00.0
[2026-08-18 03:02:23.954] [1872064] [HailoRT] [info] [hef.cpp:1929] [get_network_group_and_network_name] No name was given. Addressing all networks of default network_group: yolov8s
[2026-08-18 03:02:23.954] [1872064] [HailoRT] [info] [hef.cpp:1929] [get_network_group_and_network_name] No name was given. Addressing all networks of default network_group: yolov8s
[2026-08-18 03:02:23.982] [1872064] [HailoRT] [info] [vdevice.cpp:523] [create] Creating vdevice with params: device_count: 1, scheduling_algorithm: ROUND_ROBIN, multi_process_service: false
[2026-08-18 03:02:24.091] [1872064] [HailoRT] [info] [hef.cpp:1929] [get_network_group_and_network_name] No name was given. Addressing all networks of default network_group: yolov8s_pose
[2026-08-18 03:02:24.091] [1872064] [HailoRT] [info] [hef.cpp:1929] [get_network_group_and_network_name] No name was given. Addressing all networks of default network_group: yolov8s_pose
[2026-08-18 03:02:24.117] [1872064] [HailoRT] [warning] [device_internal.cpp:616] [check_hef_is_compatible] HEF was compiled for Hailo8L device, while the device itself is Hailo8. This will result in lower performance.
[2026-08-18 03:02:24.118] [1872064] [HailoRT] [warning] [device_internal.cpp:616] [check_hef_is_compatible] HEF was compiled for Hailo8L device, while the device itself is Hailo8. This will result in lower performance.
[2026-08-18 03:02:24.125] [1872064] [HailoRT] [info] [internal_buffer_manager.cpp:204] [print_execution_results] Planned internal buffer memory: CMA memory 0, user memory 3321344. memory to edge layer usage factor is 0.93083656
[2026-08-18 03:02:24.125] [1872064] [HailoRT] [info] [internal_buffer_manager.cpp:212] [print_execution_results] Default Internal buffer planner executed successfully
[2026-08-18 03:02:24.143] [1872064] [HailoRT] [info] [device_internal.cpp:57] [configure] Configuring HEF took 25.286627 milliseconds
[2026-08-18 03:02:24.143] [1872064] [HailoRT] [info] [vdevice.cpp:749] [configure] Configuring HEF on VDevice took 26.145681 milliseconds
[2026-08-18 03:02:24.143] [1872064] [HailoRT] [info] [infer_model.cpp:436] [configure] Configuring network group 'yolov8s_pose' with params: batch size: 0, power mode: PERFORMANCE, latency: NONE
[2026-08-18 03:02:24.143] [1872064] [HailoRT] [info] [multi_io_elements.cpp:756] [create] Created (AsyncHwEl)
[2026-08-18 03:02:24.143] [1872064] [HailoRT] [info] [queue_elements.cpp:450] [create] Created (EntryPushQEl0yolov8s_pose/input_layer1 | timeout: 10s)
[2026-08-18 03:02:24.143] [1872064] [HailoRT] [info] [filter_elements.cpp:101] [create] Created (PreInferEl3yolov8s_pose/input_layer1 | Reorder - src_order: RGB4, src_shape: (640, 640, 3), dst_order: NHWC, dst_shape: (640, 640, 3))
[2026-08-18 03:02:24.143] [1872064] [HailoRT] [info] [queue_elements.cpp:450] [create] Created (PushQEl3yolov8s_pose/input_layer1 | timeout: 10s)
[2026-08-18 03:02:24.143] [1872064] [HailoRT] [info] [edge_elements.cpp:187] [create] Created (LastAsyncEl3AsyncHwEl)
[2026-08-18 03:02:24.143] [1872064] [HailoRT] [info] [queue_elements.cpp:450] [create] Created (PushQEl4AsyncHwEl | timeout: 10s)
[2026-08-18 03:02:24.143] [1872064] [HailoRT] [info] [filter_elements.cpp:375] [create] Created (PostInferEl4AsyncHwEl | Reorder - src_order: FCR, src_shape: (20, 20, 56), dst_order: FCR, dst_shape: (20, 20, 51))
[2026-08-18 03:02:24.143] [1872064] [HailoRT] [info] [edge_elements.cpp:187] [create] Created (LastAsyncEl0PostInferEl4AsyncHwEl)
[2026-08-18 03:02:24.143] [1872064] [HailoRT] [info] [edge_elements.cpp:187] [create] Created (LastAsyncEl5AsyncHwEl)
[2026-08-18 03:02:24.143] [1872064] [HailoRT] [info] [edge_elements.cpp:187] [create] Created (LastAsyncEl0AsyncHwEl)
[2026-08-18 03:02:24.143] [1872064] [HailoRT] [info] [edge_elements.cpp:187] [create] Created (LastAsyncEl1AsyncHwEl)
[2026-08-18 03:02:24.143] [1872064] [HailoRT] [info] [edge_elements.cpp:187] [create] Created (LastAsyncEl2AsyncHwEl)
[2026-08-18 03:02:24.144] [1872064] [HailoRT] [info] [queue_elements.cpp:450] [create] Created (PushQEl7AsyncHwEl | timeout: 10s)
[2026-08-18 03:02:24.144] [1872064] [HailoRT] [info] [filter_elements.cpp:375] [create] Created (PostInferEl7AsyncHwEl | Reorder - src_order: FCR, src_shape: (40, 40, 56), dst_order: FCR, dst_shape: (40, 40, 51))
[2026-08-18 03:02:24.144] [1872064] [HailoRT] [info] [edge_elements.cpp:187] [create] Created (LastAsyncEl0PostInferEl7AsyncHwEl)
[2026-08-18 03:02:24.144] [1872064] [HailoRT] [info] [edge_elements.cpp:187] [create] Created (LastAsyncEl8AsyncHwEl)
[2026-08-18 03:02:24.144] [1872064] [HailoRT] [info] [queue_elements.cpp:450] [create] Created (PushQEl6AsyncHwEl | timeout: 10s)
[2026-08-18 03:02:24.144] [1872064] [HailoRT] [info] [filter_elements.cpp:375] [create] Created (PostInferEl6AsyncHwEl | Reorder - src_order: FCR, src_shape: (80, 80, 56), dst_order: FCR, dst_shape: (80, 80, 51))
[2026-08-18 03:02:24.144] [1872064] [HailoRT] [info] [edge_elements.cpp:187] [create] Created (LastAsyncEl0PostInferEl6AsyncHwEl)
[2026-08-18 03:02:24.144] [1872064] [HailoRT] [info] [pipeline.cpp:891] [print_deep_description] EntryPushQEl0yolov8s_pose/input_layer1 | inputs: user | outputs: PreInferEl3yolov8s_pose/input_layer1(running in thread_id: 1872519)
[2026-08-18 03:02:24.144] [1872064] [HailoRT] [info] [pipeline.cpp:891] [print_deep_description] PreInferEl3yolov8s_pose/input_layer1 | inputs: EntryPushQEl0yolov8s_pose/input_layer1[0] | outputs: PushQEl3yolov8s_pose/input_layer1
[2026-08-18 03:02:24.144] [1872064] [HailoRT] [info] [pipeline.cpp:891] [print_deep_description] PushQEl3yolov8s_pose/input_layer1 | inputs: PreInferEl3yolov8s_pose/input_layer1[0] | outputs: AsyncHwEl(running in thread_id: 1872520)
[2026-08-18 03:02:24.144] [1872064] [HailoRT] [info] [pipeline.cpp:891] [print_deep_description] AsyncHwEl | inputs: PushQEl3yolov8s_pose/input_layer1[0] | outputs: LastAsyncEl0AsyncHwEl LastAsyncEl1AsyncHwEl LastAsyncEl2AsyncHwEl LastAsyncEl3AsyncHwEl PushQEl4AsyncHwEl LastAsyncEl5AsyncHwEl PushQEl6AsyncHwEl PushQEl7AsyncHwEl LastAsyncEl8AsyncHwEl
[2026-08-18 03:02:24.144] [1872064] [HailoRT] [info] [pipeline.cpp:891] [print_deep_description] LastAsyncEl0AsyncHwEl | inputs: AsyncHwEl[0] | outputs: user
[2026-08-18 03:02:24.144] [1872064] [HailoRT] [info] [pipeline.cpp:891] [print_deep_description] LastAsyncEl1AsyncHwEl | inputs: AsyncHwEl[0] | outputs: user
[2026-08-18 03:02:24.144] [1872064] [HailoRT] [info] [pipeline.cpp:891] [print_deep_description] LastAsyncEl2AsyncHwEl | inputs: AsyncHwEl[0] | outputs: user
[2026-08-18 03:02:24.144] [1872064] [HailoRT] [info] [pipeline.cpp:891] [print_deep_description] LastAsyncEl3AsyncHwEl | inputs: AsyncHwEl[0] | outputs: user
[2026-08-18 03:02:24.144] [1872064] [HailoRT] [info] [pipeline.cpp:891] [print_deep_description] PushQEl4AsyncHwEl | inputs: AsyncHwEl[0] | outputs: PostInferEl4AsyncHwEl(running in thread_id: 1872521)
[2026-08-18 03:02:24.144] [1872064] [HailoRT] [info] [pipeline.cpp:891] [print_deep_description] PostInferEl4AsyncHwEl | inputs: PushQEl4AsyncHwEl[0] | outputs: LastAsyncEl0PostInferEl4AsyncHwEl
[2026-08-18 03:02:24.144] [1872064] [HailoRT] [info] [pipeline.cpp:891] [print_deep_description] LastAsyncEl0PostInferEl4AsyncHwEl | inputs: PostInferEl4AsyncHwEl[0] | outputs: user
[2026-08-18 03:02:24.144] [1872064] [HailoRT] [info] [pipeline.cpp:891] [print_deep_description] LastAsyncEl5AsyncHwEl | inputs: AsyncHwEl[0] | outputs: user
[2026-08-18 03:02:24.144] [1872064] [HailoRT] [info] [pipeline.cpp:891] [print_deep_description] PushQEl6AsyncHwEl | inputs: AsyncHwEl[0] | outputs: PostInferEl6AsyncHwEl(running in thread_id: 1872523)
[2026-08-18 03:02:24.144] [1872064] [HailoRT] [info] [pipeline.cpp:891] [print_deep_description] PostInferEl6AsyncHwEl | inputs: PushQEl6AsyncHwEl[0] | outputs: LastAsyncEl0PostInferEl6AsyncHwEl
[2026-08-18 03:02:24.144] [1872064] [HailoRT] [info] [pipeline.cpp:891] [print_deep_description] LastAsyncEl0PostInferEl6AsyncHwEl | inputs: PostInferEl6AsyncHwEl[0] | outputs: user
[2026-08-18 03:02:24.144] [1872064] [HailoRT] [info] [pipeline.cpp:891] [print_deep_description] PushQEl7AsyncHwEl | inputs: AsyncHwEl[0] | outputs: PostInferEl7AsyncHwEl(running in thread_id: 1872522)
[2026-08-18 03:02:24.144] [1872064] [HailoRT] [info] [pipeline.cpp:891] [print_deep_description] PostInferEl7AsyncHwEl | inputs: PushQEl7AsyncHwEl[0] | outputs: LastAsyncEl0PostInferEl7AsyncHwEl
[2026-08-18 03:02:24.144] [1872064] [HailoRT] [info] [pipeline.cpp:891] [print_deep_description] LastAsyncEl0PostInferEl7AsyncHwEl | inputs: PostInferEl7AsyncHwEl[0] | outputs: user
[2026-08-18 03:02:24.144] [1872064] [HailoRT] [info] [pipeline.cpp:891] [print_deep_description] LastAsyncEl8AsyncHwEl | inputs: AsyncHwEl[0] | outputs: user
[2026-08-18 03:02:24.147] [1872064] [HailoRT] [info] [internal_buffer_manager.cpp:202] [print_execution_results] Default Internal buffer planner failed to meet requirements
[2026-08-18 03:02:24.147] [1872064] [HailoRT] [info] [internal_buffer_manager.cpp:212] [print_execution_results] Default Internal buffer planner executed successfully
[2026-08-18 03:02:24.159] [1872064] [HailoRT] [info] [device_internal.cpp:57] [configure] Configuring HEF took 13.306692 milliseconds
[2026-08-18 03:02:24.159] [1872064] [HailoRT] [info] [vdevice.cpp:749] [configure] Configuring HEF on VDevice took 13.69345 milliseconds
[2026-08-18 03:02:24.159] [1872064] [HailoRT] [info] [infer_model.cpp:436] [configure] Configuring network group 'yolov8s' with params: batch size: 0, power mode: PERFORMANCE, latency: NONE
[2026-08-18 03:02:24.159] [1872064] [HailoRT] [info] [multi_io_elements.cpp:756] [create] Created (AsyncHwEl)
[2026-08-18 03:02:24.159] [1872064] [HailoRT] [info] [queue_elements.cpp:450] [create] Created (EntryPushQEl0yolov8s/input_layer1 | timeout: 10s)
[2026-08-18 03:02:24.159] [1872064] [HailoRT] [info] [filter_elements.cpp:101] [create] Created (PreInferEl3yolov8s/input_layer1 | Reorder - src_order: RGB4, src_shape: (640, 640, 3), dst_order: NHCW, dst_shape: (640, 640, 3))
[2026-08-18 03:02:24.160] [1872064] [HailoRT] [info] [queue_elements.cpp:450] [create] Created (PushQEl3yolov8s/input_layer1 | timeout: 10s)
[2026-08-18 03:02:24.160] [1872064] [HailoRT] [info] [multi_io_elements.cpp:135] [create] Created (NmsPPMuxEl0YOLOV8-Post-Process | Op YOLOV8, Name: YOLOV8-Post-Process, Score threshold: 0.200, IoU threshold: 0.70, Classes: 80, Cross classes: false, NMS results order: BY_CLASS, Max bboxes per class: 100, Image height: 640, Image width: 640)
[2026-08-18 03:02:24.160] [1872064] [HailoRT] [info] [queue_elements.cpp:942] [create] Created (MultiPushQEl0YOLOV8-Post-Process | timeout: 10s)
[2026-08-18 03:02:24.160] [1872064] [HailoRT] [info] [edge_elements.cpp:187] [create] Created (LastAsyncEl0NmsPPMuxEl0YOLOV8-Post-Process)
[2026-08-18 03:02:24.160] [1872064] [HailoRT] [info] [pipeline.cpp:891] [print_deep_description] EntryPushQEl0yolov8s/input_layer1 | inputs: user | outputs: PreInferEl3yolov8s/input_layer1(running in thread_id: 1872524)
[2026-08-18 03:02:24.160] [1872064] [HailoRT] [info] [pipeline.cpp:891] [print_deep_description] PreInferEl3yolov8s/input_layer1 | inputs: EntryPushQEl0yolov8s/input_layer1[0] | outputs: PushQEl3yolov8s/input_layer1
[2026-08-18 03:02:24.160] [1872064] [HailoRT] [info] [pipeline.cpp:891] [print_deep_description] PushQEl3yolov8s/input_layer1 | inputs: PreInferEl3yolov8s/input_layer1[0] | outputs: AsyncHwEl(running in thread_id: 1872525)
[2026-08-18 03:02:24.160] [1872064] [HailoRT] [info] [pipeline.cpp:891] [print_deep_description] AsyncHwEl | inputs: PushQEl3yolov8s/input_layer1[0] | outputs: MultiPushQEl0YOLOV8-Post-Process MultiPushQEl0YOLOV8-Post-Process MultiPushQEl0YOLOV8-Post-Process MultiPushQEl0YOLOV8-Post-Process MultiPushQEl0YOLOV8-Post-Process MultiPushQEl0YOLOV8-Post-Process
[2026-08-18 03:02:24.160] [1872064] [HailoRT] [info] [pipeline.cpp:891] [print_deep_description] MultiPushQEl0YOLOV8-Post-Process | inputs: AsyncHwEl[0] AsyncHwEl[1] AsyncHwEl[2] AsyncHwEl[3] AsyncHwEl[4] AsyncHwEl[5] | outputs: NmsPPMuxEl0YOLOV8-Post-Process(running in thread_id: 1872526)
[2026-08-18 03:02:24.160] [1872064] [HailoRT] [info] [pipeline.cpp:891] [print_deep_description] NmsPPMuxEl0YOLOV8-Post-Process | inputs: MultiPushQEl0YOLOV8-Post-Process[0] | outputs: LastAsyncEl0NmsPPMuxEl0YOLOV8-Post-Process
[2026-08-18 03:02:24.160] [1872064] [HailoRT] [info] [pipeline.cpp:891] [print_deep_description] LastAsyncEl0NmsPPMuxEl0YOLOV8-Post-Process | inputs: NmsPPMuxEl0YOLOV8-Post-Process[0] | outputs: user
[2026-08-18 03:02:24.504] [1872506] [HailoRT] [info] [hef.cpp:1929] [get_network_group_and_network_name] No name was given. Addressing all networks of default network_group: yolov8s_pose
[2026-08-18 03:02:24.573] [1872508] [HailoRT] [info] [hef.cpp:1929] [get_network_group_and_network_name] No name was given. Addressing all networks of default network_group: yolov8s
[2026-08-18 03:02:46.259] [1872064] [HailoRT] [info] [async_infer_runner.cpp:86] [shutdown] Pipeline was aborted. Shutting it down
[2026-08-18 03:02:46.260] [1872500] [HailoRT] [info] [network_group.cpp:857] [operator()] Infer request was aborted by user
[2026-08-18 03:02:46.260] [1872064] [HailoRT] [info] [queue_elements.cpp:570] [execute_deactivate] enqueue() in element PushQEl4AsyncHwEl was aborted, got status = HAILO_SHUTDOWN_EVENT_SIGNALED(57)
[2026-08-18 03:02:46.260] [1872064] [HailoRT] [info] [queue_elements.cpp:570] [execute_deactivate] enqueue() in element PushQEl6AsyncHwEl was aborted, got status = HAILO_SHUTDOWN_EVENT_SIGNALED(57)
[2026-08-18 03:02:46.260] [1872064] [HailoRT] [info] [queue_elements.cpp:570] [execute_deactivate] enqueue() in element PushQEl7AsyncHwEl was aborted, got status = HAILO_SHUTDOWN_EVENT_SIGNALED(57)
[2026-08-18 03:02:46.260] [1872064] [HailoRT] [info] [queue_elements.cpp:570] [execute_deactivate] enqueue() in element PushQEl3yolov8s_pose/input_layer1 was aborted, got status = HAILO_SHUTDOWN_EVENT_SIGNALED(57)
[2026-08-18 03:02:46.260] [1872064] [HailoRT] [info] [queue_elements.cpp:570] [execute_deactivate] enqueue() in element EntryPushQEl0yolov8s_pose/input_layer1 was aborted, got status = HAILO_SHUTDOWN_EVENT_SIGNALED(57)
[2026-08-18 03:02:46.260] [1872064] [HailoRT] [info] [queue_elements.cpp:46] [~BaseQueueElement] Queue element EntryPushQEl0yolov8s_pose/input_layer1 has 0 frames in his Queue on destruction
[2026-08-18 03:02:46.260] [1872064] [HailoRT] [info] [queue_elements.cpp:46] [~BaseQueueElement] Queue element PushQEl3yolov8s_pose/input_layer1 has 0 frames in his Queue on destruction
[2026-08-18 03:02:46.260] [1872064] [HailoRT] [info] [queue_elements.cpp:46] [~BaseQueueElement] Queue element PushQEl4AsyncHwEl has 0 frames in his Queue on destruction
[2026-08-18 03:02:46.260] [1872064] [HailoRT] [info] [queue_elements.cpp:46] [~BaseQueueElement] Queue element PushQEl7AsyncHwEl has 0 frames in his Queue on destruction
[2026-08-18 03:02:46.261] [1872064] [HailoRT] [info] [queue_elements.cpp:46] [~BaseQueueElement] Queue element PushQEl6AsyncHwEl has 0 frames in his Queue on destruction
[2026-08-18 03:02:46.261] [1872064] [HailoRT] [info] [async_infer_runner.cpp:86] [shutdown] Pipeline was aborted. Shutting it down
[2026-08-18 03:02:46.267] [1872500] [HailoRT] [info] [network_group.cpp:857] [operator()] Infer request was aborted by user
[2026-08-18 03:02:46.267] [1872064] [HailoRT] [info] [queue_elements.cpp:1131] [execute_deactivate] enqueue() in element MultiPushQEl0YOLOV8-Post-Process was aborted, got status = HAILO_SHUTDOWN_EVENT_SIGNALED(57)
[2026-08-18 03:02:46.267] [1872064] [HailoRT] [info] [queue_elements.cpp:1131] [execute_deactivate] enqueue() in element MultiPushQEl0YOLOV8-Post-Process was aborted, got status = HAILO_SHUTDOWN_EVENT_SIGNALED(57)
[2026-08-18 03:02:46.267] [1872064] [HailoRT] [info] [queue_elements.cpp:1131] [execute_deactivate] enqueue() in element MultiPushQEl0YOLOV8-Post-Process was aborted, got status = HAILO_SHUTDOWN_EVENT_SIGNALED(57)
[2026-08-18 03:02:46.267] [1872064] [HailoRT] [info] [queue_elements.cpp:1131] [execute_deactivate] enqueue() in element MultiPushQEl0YOLOV8-Post-Process was aborted, got status = HAILO_SHUTDOWN_EVENT_SIGNALED(57)
[2026-08-18 03:02:46.267] [1872064] [HailoRT] [info] [queue_elements.cpp:1131] [execute_deactivate] enqueue() in element MultiPushQEl0YOLOV8-Post-Process was aborted, got status = HAILO_SHUTDOWN_EVENT_SIGNALED(57)
[2026-08-18 03:02:46.267] [1872064] [HailoRT] [info] [queue_elements.cpp:1131] [execute_deactivate] enqueue() in element MultiPushQEl0YOLOV8-Post-Process was aborted, got status = HAILO_SHUTDOWN_EVENT_SIGNALED(57)
[2026-08-18 03:02:46.267] [1872064] [HailoRT] [info] [queue_elements.cpp:570] [execute_deactivate] enqueue() in element PushQEl3yolov8s/input_layer1 was aborted, got status = HAILO_SHUTDOWN_EVENT_SIGNALED(57)
[2026-08-18 03:02:46.267] [1872064] [HailoRT] [info] [queue_elements.cpp:570] [execute_deactivate] enqueue() in element EntryPushQEl0yolov8s/input_layer1 was aborted, got status = HAILO_SHUTDOWN_EVENT_SIGNALED(57)
[2026-08-18 03:02:46.267] [1872064] [HailoRT] [info] [queue_elements.cpp:46] [~BaseQueueElement] Queue element EntryPushQEl0yolov8s/input_layer1 has 0 frames in his Queue on destruction
[2026-08-18 03:02:46.267] [1872064] [HailoRT] [info] [queue_elements.cpp:46] [~BaseQueueElement] Queue element PushQEl3yolov8s/input_layer1 has 0 frames in his Queue on destruction
[2026-08-18 03:02:46.453] [1872064] [HailoRT] [info] [vdevice.cpp:523] [create] Creating vdevice with params: device_count: 1, scheduling_algorithm: ROUND_ROBIN, multi_process_service: false
[2026-08-18 03:02:46.465] [1872064] [HailoRT] [info] [device.cpp:49] [Device] OS Version: Linux 6.12.34+rpt-rpi-2712 #1 SMP PREEMPT Debian 1:6.12.34-1+rpt1~bookworm (2025-06-26) aarch64
[2026-08-18 03:02:46.467] [1872064] [HailoRT] [info] [control.cpp:108] [control__parse_identify_results] firmware_version is: 4.20.0
[2026-08-18 03:02:46.467] [1872064] [HailoRT] [info] [vdevice.cpp:651] [create] VDevice Infos: 0001:03:00.0
[2026-08-18 03:02:46.504] [1872064] [HailoRT] [info] [hef.cpp:1929] [get_network_group_and_network_name] No name was given. Addressing all networks of default network_group: yolov8s
[2026-08-18 03:02:46.504] [1872064] [HailoRT] [info] [hef.cpp:1929] [get_network_group_and_network_name] No name was given. Addressing all networks of default network_group: yolov8s
[2026-08-18 03:02:46.533] [1872064] [HailoRT] [info] [vdevice.cpp:523] [create] Creating vdevice with params: device_count: 1, scheduling_algorithm: ROUND_ROBIN, multi_process_service: false
[2026-08-18 03:02:46.637] [1872064] [HailoRT] [info] [hef.cpp:1929] [get_network_group_and_network_name] No name was given. Addressing all networks of default network_group: yolov8s_pose
[2026-08-18 03:02:46.637] [1872064] [HailoRT] [info] [hef.cpp:1929] [get_network_group_and_network_name] No name was given. Addressing all networks of default network_group: yolov8s_pose
[2026-08-18 03:02:46.660] [1872064] [HailoRT] [warning] [device_internal.cpp:616] [check_hef_is_compatible] HEF was compiled for Hailo8L device, while the device itself is Hailo8. This will result in lower performance.
[2026-08-18 03:02:46.660] [1872064] [HailoRT] [warning] [device_internal.cpp:616] [check_hef_is_compatible] HEF was compiled for Hailo8L device, while the device itself is Hailo8. This will result in lower performance.
[2026-08-18 03:02:46.673] [1872064] [HailoRT] [info] [internal_buffer_manager.cpp:204] [print_execution_results] Planned internal buffer memory: CMA memory 0, user memory 3321344. memory to edge layer usage factor is 0.93083656
[2026-08-18 03:02:46.673] [1872064] [HailoRT] [info] [internal_buffer_manager.cpp:212] [print_execution_results] Default Internal buffer planner executed successfully
[2026-08-18 03:02:46.691] [1872064] [HailoRT] [info] [device_internal.cpp:57] [configure] Configuring HEF took 31.02443 milliseconds
[2026-08-18 03:02:46.691] [1872064] [HailoRT] [info] [vdevice.cpp:749] [configure] Configuring HEF on VDevice took 31.549391 milliseconds
[2026-08-18 03:02:46.691] [1872064] [HailoRT] [info] [infer_model.cpp:436] [configure] Configuring network group 'yolov8s_pose' with params: batch size: 0, power mode: PERFORMANCE, latency: NONE
[2026-08-18 03:02:46.691] [1872064] [HailoRT] [info] [multi_io_elements.cpp:756] [create] Created (AsyncHwEl)
[2026-08-18 03:02:46.691] [1872064] [HailoRT] [info] [queue_elements.cpp:450] [create] Created (EntryPushQEl0yolov8s_pose/input_layer1 | timeout: 10s)
[2026-08-18 03:02:46.691] [1872064] [HailoRT] [info] [filter_elements.cpp:101] [create] Created (PreInferEl3yolov8s_pose/input_layer1 | Reorder - src_order: RGB4, src_shape: (640, 640, 3), dst_order: NHWC, dst_shape: (640, 640, 3))
[2026-08-18 03:02:46.691] [1872064] [HailoRT] [info] [queue_elements.cpp:450] [create] Created (PushQEl3yolov8s_pose/input_layer1 | timeout: 10s)
[2026-08-18 03:02:46.691] [1872064] [HailoRT] [info] [edge_elements.cpp:187] [create] Created (LastAsyncEl3AsyncHwEl)
[2026-08-18 03:02:46.691] [1872064] [HailoRT] [info] [queue_elements.cpp:450] [create] Created (PushQEl4AsyncHwEl | timeout: 10s)
[2026-08-18 03:02:46.691] [1872064] [HailoRT] [info] [filter_elements.cpp:375] [create] Created (PostInferEl4AsyncHwEl | Reorder - src_order: FCR, src_shape: (20, 20, 56), dst_order: FCR, dst_shape: (20, 20, 51))
[2026-08-18 03:02:46.691] [1872064] [HailoRT] [info] [edge_elements.cpp:187] [create] Created (LastAsyncEl0PostInferEl4AsyncHwEl)
[2026-08-18 03:02:46.692] [1872064] [HailoRT] [info] [edge_elements.cpp:187] [create] Created (LastAsyncEl5AsyncHwEl)
[2026-08-18 03:02:46.692] [1872064] [HailoRT] [info] [edge_elements.cpp:187] [create] Created (LastAsyncEl0AsyncHwEl)
[2026-08-18 03:02:46.692] [1872064] [HailoRT] [info] [edge_elements.cpp:187] [create] Created (LastAsyncEl1AsyncHwEl)
[2026-08-18 03:02:46.692] [1872064] [HailoRT] [info] [edge_elements.cpp:187] [create] Created (LastAsyncEl2AsyncHwEl)
[2026-08-18 03:02:46.692] [1872064] [HailoRT] [info] [queue_elements.cpp:450] [create] Created (PushQEl7AsyncHwEl | timeout: 10s)
[2026-08-18 03:02:46.692] [1872064] [HailoRT] [info] [filter_elements.cpp:375] [create] Created (PostInferEl7AsyncHwEl | Reorder - src_order: FCR, src_shape: (40, 40, 56), dst_order: FCR, dst_shape: (40, 40, 51))
[2026-08-18 03:02:46.692] [1872064] [HailoRT] [info] [edge_elements.cpp:187] [create] Created (LastAsyncEl0PostInferEl7AsyncHwEl)
[2026-08-18 03:02:46.692] [1872064] [HailoRT] [info] [edge_elements.cpp:187] [create] Created (LastAsyncEl8AsyncHwEl)
[2026-08-18 03:02:46.692] [1872064] [HailoRT] [info] [queue_elements.cpp:450] [create] Created (PushQEl6AsyncHwEl | timeout: 10s)
[2026-08-18 03:02:46.692] [1872064] [HailoRT] [info] [filter_elements.cpp:375] [create] Created (PostInferEl6AsyncHwEl | Reorder - src_order: FCR, src_shape: (80, 80, 56), dst_order: FCR, dst_shape: (80, 80, 51))
[2026-08-18 03:02:46.692] [1872064] [HailoRT] [info] [edge_elements.cpp:187] [create] Created (LastAsyncEl0PostInferEl6AsyncHwEl)
[2026-08-18 03:02:46.692] [1872064] [HailoRT] [info] [pipeline.cpp:891] [print_deep_description] EntryPushQEl0yolov8s_pose/input_layer1 | inputs: user | outputs: PreInferEl3yolov8s_pose/input_layer1(running in thread_id: 1872660)
[2026-08-18 03:02:46.692] [1872064] [HailoRT] [info] [pipeline.cpp:891] [print_deep_description] PreInferEl3yolov8s_pose/input_layer1 | inputs: EntryPushQEl0yolov8s_pose/input_layer1[0] | outputs: PushQEl3yolov8s_pose/input_layer1
[2026-08-18 03:02:46.692] [1872064] [HailoRT] [info] [pipeline.cpp:891] [print_deep_description] PushQEl3yolov8s_pose/input_layer1 | inputs: PreInferEl3yolov8s_pose/input_layer1[0] | outputs: AsyncHwEl(running in thread_id: 1872661)
[2026-08-18 03:02:46.692] [1872064] [HailoRT] [info] [pipeline.cpp:891] [print_deep_description] AsyncHwEl | inputs: PushQEl3yolov8s_pose/input_layer1[0] | outputs: LastAsyncEl0AsyncHwEl LastAsyncEl1AsyncHwEl LastAsyncEl2AsyncHwEl LastAsyncEl3AsyncHwEl PushQEl4AsyncHwEl LastAsyncEl5AsyncHwEl PushQEl6AsyncHwEl PushQEl7AsyncHwEl LastAsyncEl8AsyncHwEl
[2026-08-18 03:02:46.692] [1872064] [HailoRT] [info] [pipeline.cpp:891] [print_deep_description] LastAsyncEl0AsyncHwEl | inputs: AsyncHwEl[0] | outputs: user
[2026-08-18 03:02:46.692] [1872064] [HailoRT] [info] [pipeline.cpp:891] [print_deep_description] LastAsyncEl1AsyncHwEl | inputs: AsyncHwEl[0] | outputs: user
[2026-08-18 03:02:46.692] [1872064] [HailoRT] [info] [pipeline.cpp:891] [print_deep_description] LastAsyncEl2AsyncHwEl | inputs: AsyncHwEl[0] | outputs: user
[2026-08-18 03:02:46.692] [1872064] [HailoRT] [info] [pipeline.cpp:891] [print_deep_description] LastAsyncEl3AsyncHwEl | inputs: AsyncHwEl[0] | outputs: user
[2026-08-18 03:02:46.692] [1872064] [HailoRT] [info] [pipeline.cpp:891] [print_deep_description] PushQEl4AsyncHwEl | inputs: AsyncHwEl[0] | outputs: PostInferEl4AsyncHwEl(running in thread_id: 1872662)
[2026-08-18 03:02:46.692] [1872064] [HailoRT] [info] [pipeline.cpp:891] [print_deep_description] PostInferEl4AsyncHwEl | inputs: PushQEl4AsyncHwEl[0] | outputs: LastAsyncEl0PostInferEl4AsyncHwEl
[2026-08-18 03:02:46.692] [1872064] [HailoRT] [info] [pipeline.cpp:891] [print_deep_description] LastAsyncEl0PostInferEl4AsyncHwEl | inputs: PostInferEl4AsyncHwEl[0] | outputs: user
[2026-08-18 03:02:46.692] [1872064] [HailoRT] [info] [pipeline.cpp:891] [print_deep_description] LastAsyncEl5AsyncHwEl | inputs: AsyncHwEl[0] | outputs: user
[2026-08-18 03:02:46.692] [1872064] [HailoRT] [info] [pipeline.cpp:891] [print_deep_description] PushQEl6AsyncHwEl | inputs: AsyncHwEl[0] | outputs: PostInferEl6AsyncHwEl(running in thread_id: 1872664)
[2026-08-18 03:02:46.692] [1872064] [HailoRT] [info] [pipeline.cpp:891] [print_deep_description] PostInferEl6AsyncHwEl | inputs: PushQEl6AsyncHwEl[0] | outputs: LastAsyncEl0PostInferEl6AsyncHwEl
[2026-08-18 03:02:46.692] [1872064] [HailoRT] [info] [pipeline.cpp:891] [print_deep_description] LastAsyncEl0PostInferEl6AsyncHwEl | inputs: PostInferEl6AsyncHwEl[0] | outputs: user
[2026-08-18 03:02:46.692] [1872064] [HailoRT] [info] [pipeline.cpp:891] [print_deep_description] PushQEl7AsyncHwEl | inputs: AsyncHwEl[0] | outputs: PostInferEl7AsyncHwEl(running in thread_id: 1872663)
[2026-08-18 03:02:46.692] [1872064] [HailoRT] [info] [pipeline.cpp:891] [print_deep_description] PostInferEl7AsyncHwEl | inputs: PushQEl7AsyncHwEl[0] | outputs: LastAsyncEl0PostInferEl7AsyncHwEl
[2026-08-18 03:02:46.692] [1872064] [HailoRT] [info] [pipeline.cpp:891] [print_deep_description] LastAsyncEl0PostInferEl7AsyncHwEl | inputs: PostInferEl7AsyncHwEl[0] | outputs: user
[2026-08-18 03:02:46.692] [1872064] [HailoRT] [info] [pipeline.cpp:891] [print_deep_description] LastAsyncEl8AsyncHwEl | inputs: AsyncHwEl[0] | outputs: user
[2026-08-18 03:02:46.696] [1872064] [HailoRT] [info] [internal_buffer_manager.cpp:202] [print_execution_results] Default Internal buffer planner failed to meet requirements
[2026-08-18 03:02:46.696] [1872064] [HailoRT] [info] [internal_buffer_manager.cpp:212] [print_execution_results] Default Internal buffer planner executed successfully
[2026-08-18 03:02:46.707] [1872064] [HailoRT] [info] [device_internal.cpp:57] [configure] Configuring HEF took 13.157155 milliseconds
[2026-08-18 03:02:46.707] [1872064] [HailoRT] [info] [vdevice.cpp:749] [configure] Configuring HEF on VDevice took 13.556451 milliseconds
[2026-08-18 03:02:46.707] [1872064] [HailoRT] [info] [infer_model.cpp:436] [configure] Configuring network group 'yolov8s' with params: batch size: 0, power mode: PERFORMANCE, latency: NONE
[2026-08-18 03:02:46.707] [1872064] [HailoRT] [info] [multi_io_elements.cpp:756] [create] Created (AsyncHwEl)
[2026-08-18 03:02:46.707] [1872064] [HailoRT] [info] [queue_elements.cpp:450] [create] Created (EntryPushQEl0yolov8s/input_layer1 | timeout: 10s)
[2026-08-18 03:02:46.707] [1872064] [HailoRT] [info] [filter_elements.cpp:101] [create] Created (PreInferEl3yolov8s/input_layer1 | Reorder - src_order: RGB4, src_shape: (640, 640, 3), dst_order: NHCW, dst_shape: (640, 640, 3))
[2026-08-18 03:02:46.707] [1872064] [HailoRT] [info] [queue_elements.cpp:450] [create] Created (PushQEl3yolov8s/input_layer1 | timeout: 10s)
[2026-08-18 03:02:46.707] [1872064] [HailoRT] [info] [multi_io_elements.cpp:135] [create] Created (NmsPPMuxEl0YOLOV8-Post-Process | Op YOLOV8, Name: YOLOV8-Post-Process, Score threshold: 0.200, IoU threshold: 0.70, Classes: 80, Cross classes: false, NMS results order: BY_CLASS, Max bboxes per class: 100, Image height: 640, Image width: 640)
[2026-08-18 03:02:46.708] [1872064] [HailoRT] [info] [queue_elements.cpp:942] [create] Created (MultiPushQEl0YOLOV8-Post-Process | timeout: 10s)
[2026-08-18 03:02:46.708] [1872064] [HailoRT] [info] [edge_elements.cpp:187] [create] Created (LastAsyncEl0NmsPPMuxEl0YOLOV8-Post-Process)
[2026-08-18 03:02:46.708] [1872064] [HailoRT] [info] [pipeline.cpp:891] [print_deep_description] EntryPushQEl0yolov8s/input_layer1 | inputs: user | outputs: PreInferEl3yolov8s/input_layer1(running in thread_id: 1872665)
[2026-08-18 03:02:46.708] [1872064] [HailoRT] [info] [pipeline.cpp:891] [print_deep_description] PreInferEl3yolov8s/input_layer1 | inputs: EntryPushQEl0yolov8s/input_layer1[0] | outputs: PushQEl3yolov8s/input_layer1
[2026-08-18 03:02:46.708] [1872064] [HailoRT] [info] [pipeline.cpp:891] [print_deep_description] PushQEl3yolov8s/input_layer1 | inputs: PreInferEl3yolov8s/input_layer1[0] | outputs: AsyncHwEl(running in thread_id: 1872666)
[2026-08-18 03:02:46.708] [1872064] [HailoRT] [info] [pipeline.cpp:891] [print_deep_description] AsyncHwEl | inputs: PushQEl3yolov8s/input_layer1[0] | outputs: MultiPushQEl0YOLOV8-Post-Process MultiPushQEl0YOLOV8-Post-Process MultiPushQEl0YOLOV8-Post-Process MultiPushQEl0YOLOV8-Post-Process MultiPushQEl0YOLOV8-Post-Process MultiPushQEl0YOLOV8-Post-Process
[2026-08-18 03:02:46.708] [1872064] [HailoRT] [info] [pipeline.cpp:891] [print_deep_description] MultiPushQEl0YOLOV8-Post-Process | inputs: AsyncHwEl[0] AsyncHwEl[1] AsyncHwEl[2] AsyncHwEl[3] AsyncHwEl[4] AsyncHwEl[5] | outputs: NmsPPMuxEl0YOLOV8-Post-Process(running in thread_id: 1872667)
[2026-08-18 03:02:46.708] [1872064] [HailoRT] [info] [pipeline.cpp:891] [print_deep_description] NmsPPMuxEl0YOLOV8-Post-Process | inputs: MultiPushQEl0YOLOV8-Post-Process[0] | outputs: LastAsyncEl0NmsPPMuxEl0YOLOV8-Post-Process
[2026-08-18 03:02:46.708] [1872064] [HailoRT] [info] [pipeline.cpp:891] [print_deep_description] LastAsyncEl0NmsPPMuxEl0YOLOV8-Post-Process | inputs: NmsPPMuxEl0YOLOV8-Post-Process[0] | outputs: user
[2026-08-18 03:02:47.009] [1872506] [HailoRT] [info] [hef.cpp:1929] [get_network_group_and_network_name] No name was given. Addressing all networks of default network_group: yolov8s_pose
[2026-08-18 03:02:47.103] [1872508] [HailoRT] [info] [hef.cpp:1929] [get_network_group_and_network_name] No name was given. Addressing all networks of default network_group: yolov8s
[2026-08-18 03:03:27.772] [1872064] [HailoRT] [info] [async_infer_runner.cpp:86] [shutdown] Pipeline was aborted. Shutting it down
[2026-08-18 03:03:27.772] [1872652] [HailoRT] [info] [network_group.cpp:857] [operator()] Infer request was aborted by user
[2026-08-18 03:03:27.773] [1872064] [HailoRT] [info] [queue_elements.cpp:570] [execute_deactivate] enqueue() in element PushQEl4AsyncHwEl was aborted, got status = HAILO_SHUTDOWN_EVENT_SIGNALED(57)
[2026-08-18 03:03:27.773] [1872064] [HailoRT] [info] [queue_elements.cpp:570] [execute_deactivate] enqueue() in element PushQEl6AsyncHwEl was aborted, got status = HAILO_SHUTDOWN_EVENT_SIGNALED(57)
[2026-08-18 03:03:27.773] [1872064] [HailoRT] [info] [queue_elements.cpp:570] [execute_deactivate] enqueue() in element PushQEl7AsyncHwEl was aborted, got status = HAILO_SHUTDOWN_EVENT_SIGNALED(57)
[2026-08-18 03:03:27.773] [1872064] [HailoRT] [info] [queue_elements.cpp:570] [execute_deactivate] enqueue() in element PushQEl3yolov8s_pose/input_layer1 was aborted, got status = HAILO_SHUTDOWN_EVENT_SIGNALED(57)
[2026-08-18 03:03:27.773] [1872064] [HailoRT] [info] [queue_elements.cpp:570] [execute_deactivate] enqueue() in element EntryPushQEl0yolov8s_pose/input_layer1 was aborted, got status = HAILO_SHUTDOWN_EVENT_SIGNALED(57)
[2026-08-18 03:03:27.773] [1872064] [HailoRT] [info] [queue_elements.cpp:46] [~BaseQueueElement] Queue element EntryPushQEl0yolov8s_pose/input_layer1 has 0 frames in his Queue on destruction
[2026-08-18 03:03:27.773] [1872064] [HailoRT] [info] [queue_elements.cpp:46] [~BaseQueueElement] Queue element PushQEl3yolov8s_pose/input_layer1 has 0 frames in his Queue on destruction
[2026-08-18 03:03:27.773] [1872064] [HailoRT] [info] [queue_elements.cpp:46] [~BaseQueueElement] Queue element PushQEl4AsyncHwEl has 0 frames in his Queue on destruction
[2026-08-18 03:03:27.773] [1872064] [HailoRT] [info] [queue_elements.cpp:46] [~BaseQueueElement] Queue element PushQEl7AsyncHwEl has 0 frames in his Queue on destruction
[2026-08-18 03:03:27.773] [1872064] [HailoRT] [info] [queue_elements.cpp:46] [~BaseQueueElement] Queue element PushQEl6AsyncHwEl has 0 frames in his Queue on destruction
[2026-08-18 03:03:27.774] [1872064] [HailoRT] [info] [async_infer_runner.cpp:86] [shutdown] Pipeline was aborted. Shutting it down
[2026-08-18 03:03:27.780] [1872652] [HailoRT] [info] [network_group.cpp:857] [operator()] Infer request was aborted by user
[2026-08-18 03:03:27.780] [1872652] [HailoRT] [info] [network_group.cpp:857] [operator()] Infer request was aborted by user
[2026-08-18 03:03:27.783] [1872064] [HailoRT] [info] [queue_elements.cpp:1131] [execute_deactivate] enqueue() in element MultiPushQEl0YOLOV8-Post-Process was aborted, got status = HAILO_SHUTDOWN_EVENT_SIGNALED(57)
[2026-08-18 03:03:27.783] [1872064] [HailoRT] [info] [queue_elements.cpp:1131] [execute_deactivate] enqueue() in element MultiPushQEl0YOLOV8-Post-Process was aborted, got status = HAILO_SHUTDOWN_EVENT_SIGNALED(57)
[2026-08-18 03:03:27.783] [1872064] [HailoRT] [info] [queue_elements.cpp:1131] [execute_deactivate] enqueue() in element MultiPushQEl0YOLOV8-Post-Process was aborted, got status = HAILO_SHUTDOWN_EVENT_SIGNALED(57)
[2026-08-18 03:03:27.783] [1872064] [HailoRT] [info] [queue_elements.cpp:1131] [execute_deactivate] enqueue() in element MultiPushQEl0YOLOV8-Post-Process was aborted, got status = HAILO_SHUTDOWN_EVENT_SIGNALED(57)
[2026-08-18 03:03:27.783] [1872064] [HailoRT] [info] [queue_elements.cpp:1131] [execute_deactivate] enqueue() in element MultiPushQEl0YOLOV8-Post-Process was aborted, got status = HAILO_SHUTDOWN_EVENT_SIGNALED(57)
[2026-08-18 03:03:27.783] [1872064] [HailoRT] [info] [queue_elements.cpp:1131] [execute_deactivate] enqueue() in element MultiPushQEl0YOLOV8-Post-Process was aborted, got status = HAILO_SHUTDOWN_EVENT_SIGNALED(57)
[2026-08-18 03:03:27.783] [1872064] [HailoRT] [info] [queue_elements.cpp:570] [execute_deactivate] enqueue() in element PushQEl3yolov8s/input_layer1 was aborted, got status = HAILO_SHUTDOWN_EVENT_SIGNALED(57)
[2026-08-18 03:03:27.783] [1872064] [HailoRT] [info] [queue_elements.cpp:570] [execute_deactivate] enqueue() in element EntryPushQEl0yolov8s/input_layer1 was aborted, got status = HAILO_SHUTDOWN_EVENT_SIGNALED(57)
[2026-08-18 03:03:27.783] [1872064] [HailoRT] [info] [queue_elements.cpp:46] [~BaseQueueElement] Queue element EntryPushQEl0yolov8s/input_layer1 has 0 frames in his Queue on destruction
[2026-08-18 03:03:27.783] [1872064] [HailoRT] [info] [queue_elements.cpp:46] [~BaseQueueElement] Queue element PushQEl3yolov8s/input_layer1 has 0 frames in his Queue on destruction
[2026-08-18 03:03:27.882] [1872064] [HailoRT] [info] [vdevice.cpp:523] [create] Creating vdevice with params: device_count: 1, scheduling_algorithm: ROUND_ROBIN, multi_process_service: false
[2026-08-18 03:03:27.894] [1872064] [HailoRT] [info] [device.cpp:49] [Device] OS Version: Linux 6.12.34+rpt-rpi-2712 #1 SMP PREEMPT Debian 1:6.12.34-1+rpt1~bookworm (2025-06-26) aarch64
[2026-08-18 03:03:27.895] [1872064] [HailoRT] [info] [control.cpp:108] [control__parse_identify_results] firmware_version is: 4.20.0
[2026-08-18 03:03:27.895] [1872064] [HailoRT] [info] [vdevice.cpp:651] [create] VDevice Infos: 0001:03:00.0
[2026-08-18 03:03:27.933] [1872064] [HailoRT] [info] [hef.cpp:1929] [get_network_group_and_network_name] No name was given. Addressing all networks of default network_group: yolov8s
[2026-08-18 03:03:27.933] [1872064] [HailoRT] [info] [hef.cpp:1929] [get_network_group_and_network_name] No name was given. Addressing all networks of default network_group: yolov8s
[2026-08-18 03:03:27.961] [1872064] [HailoRT] [info] [vdevice.cpp:523] [create] Creating vdevice with params: device_count: 1, scheduling_algorithm: ROUND_ROBIN, multi_process_service: false
[2026-08-18 03:03:28.066] [1872064] [HailoRT] [info] [hef.cpp:1929] [get_network_group_and_network_name] No name was given. Addressing all networks of default network_group: yolov8s_pose
[2026-08-18 03:03:28.066] [1872064] [HailoRT] [info] [hef.cpp:1929] [get_network_group_and_network_name] No name was given. Addressing all networks of default network_group: yolov8s_pose
[2026-08-18 03:03:28.091] [1872064] [HailoRT] [warning] [device_internal.cpp:616] [check_hef_is_compatible] HEF was compiled for Hailo8L device, while the device itself is Hailo8. This will result in lower performance.
[2026-08-18 03:03:28.091] [1872064] [HailoRT] [warning] [device_internal.cpp:616] [check_hef_is_compatible] HEF was compiled for Hailo8L device, while the device itself is Hailo8. This will result in lower performance.
[2026-08-18 03:03:28.098] [1872064] [HailoRT] [info] [internal_buffer_manager.cpp:204] [print_execution_results] Planned internal buffer memory: CMA memory 0, user memory 3321344. memory to edge layer usage factor is 0.93083656
[2026-08-18 03:03:28.098] [1872064] [HailoRT] [info] [internal_buffer_manager.cpp:212] [print_execution_results] Default Internal buffer planner executed successfully
[2026-08-18 03:03:28.120] [1872064] [HailoRT] [info] [device_internal.cpp:57] [configure] Configuring HEF took 29.068156 milliseconds
[2026-08-18 03:03:28.120] [1872064] [HailoRT] [info] [vdevice.cpp:749] [configure] Configuring HEF on VDevice took 29.662247 milliseconds
[2026-08-18 03:03:28.120] [1872064] [HailoRT] [info] [infer_model.cpp:436] [configure] Configuring network group 'yolov8s_pose' with params: batch size: 0, power mode: PERFORMANCE, latency: NONE
[2026-08-18 03:03:28.121] [1872064] [HailoRT] [info] [multi_io_elements.cpp:756] [create] Created (AsyncHwEl)
[2026-08-18 03:03:28.121] [1872064] [HailoRT] [info] [queue_elements.cpp:450] [create] Created (EntryPushQEl0yolov8s_pose/input_layer1 | timeout: 10s)
[2026-08-18 03:03:28.121] [1872064] [HailoRT] [info] [filter_elements.cpp:101] [create] Created (PreInferEl3yolov8s_pose/input_layer1 | Reorder - src_order: RGB4, src_shape: (640, 640, 3), dst_order: NHWC, dst_shape: (640, 640, 3))
[2026-08-18 03:03:28.123] [1872064] [HailoRT] [info] [queue_elements.cpp:450] [create] Created (PushQEl3yolov8s_pose/input_layer1 | timeout: 10s)
[2026-08-18 03:03:28.123] [1872064] [HailoRT] [info] [edge_elements.cpp:187] [create] Created (LastAsyncEl3AsyncHwEl)
[2026-08-18 03:03:28.123] [1872064] [HailoRT] [info] [queue_elements.cpp:450] [create] Created (PushQEl4AsyncHwEl | timeout: 10s)
[2026-08-18 03:03:28.123] [1872064] [HailoRT] [info] [filter_elements.cpp:375] [create] Created (PostInferEl4AsyncHwEl | Reorder - src_order: FCR, src_shape: (20, 20, 56), dst_order: FCR, dst_shape: (20, 20, 51))
[2026-08-18 03:03:28.123] [1872064] [HailoRT] [info] [edge_elements.cpp:187] [create] Created (LastAsyncEl0PostInferEl4AsyncHwEl)
[2026-08-18 03:03:28.123] [1872064] [HailoRT] [info] [edge_elements.cpp:187] [create] Created (LastAsyncEl5AsyncHwEl)
[2026-08-18 03:03:28.123] [1872064] [HailoRT] [info] [edge_elements.cpp:187] [create] Created (LastAsyncEl0AsyncHwEl)
[2026-08-18 03:03:28.123] [1872064] [HailoRT] [info] [edge_elements.cpp:187] [create] Created (LastAsyncEl1AsyncHwEl)
[2026-08-18 03:03:28.123] [1872064] [HailoRT] [info] [edge_elements.cpp:187] [create] Created (LastAsyncEl2AsyncHwEl)
[2026-08-18 03:03:28.123] [1872064] [HailoRT] [info] [queue_elements.cpp:450] [create] Created (PushQEl7AsyncHwEl | timeout: 10s)
[2026-08-18 03:03:28.123] [1872064] [HailoRT] [info] [filter_elements.cpp:375] [create] Created (PostInferEl7AsyncHwEl | Reorder - src_order: FCR, src_shape: (40, 40, 56), dst_order: FCR, dst_shape: (40, 40, 51))
[2026-08-18 03:03:28.123] [1872064] [HailoRT] [info] [edge_elements.cpp:187] [create] Created (LastAsyncEl0PostInferEl7AsyncHwEl)
[2026-08-18 03:03:28.124] [1872064] [HailoRT] [info] [edge_elements.cpp:187] [create] Created (LastAsyncEl8AsyncHwEl)
[2026-08-18 03:03:28.124] [1872064] [HailoRT] [info] [queue_elements.cpp:450] [create] Created (PushQEl6AsyncHwEl | timeout: 10s)
[2026-08-18 03:03:28.124] [1872064] [HailoRT] [info] [filter_elements.cpp:375] [create] Created (PostInferEl6AsyncHwEl | Reorder - src_order: FCR, src_shape: (80, 80, 56), dst_order: FCR, dst_shape: (80, 80, 51))
[2026-08-18 03:03:28.124] [1872064] [HailoRT] [info] [edge_elements.cpp:187] [create] Created (LastAsyncEl0PostInferEl6AsyncHwEl)
[2026-08-18 03:03:28.124] [1872064] [HailoRT] [info] [pipeline.cpp:891] [print_deep_description] EntryPushQEl0yolov8s_pose/input_layer1 | inputs: user | outputs: PreInferEl3yolov8s_pose/input_layer1(running in thread_id: 1873017)
[2026-08-18 03:03:28.124] [1872064] [HailoRT] [info] [pipeline.cpp:891] [print_deep_description] PreInferEl3yolov8s_pose/input_layer1 | inputs: EntryPushQEl0yolov8s_pose/input_layer1[0] | outputs: PushQEl3yolov8s_pose/input_layer1
[2026-08-18 03:03:28.124] [1872064] [HailoRT] [info] [pipeline.cpp:891] [print_deep_description] PushQEl3yolov8s_pose/input_layer1 | inputs: PreInferEl3yolov8s_pose/input_layer1[0] | outputs: AsyncHwEl(running in thread_id: 1873018)
[2026-08-18 03:03:28.124] [1872064] [HailoRT] [info] [pipeline.cpp:891] [print_deep_description] AsyncHwEl | inputs: PushQEl3yolov8s_pose/input_layer1[0] | outputs: LastAsyncEl0AsyncHwEl LastAsyncEl1AsyncHwEl LastAsyncEl2AsyncHwEl LastAsyncEl3AsyncHwEl PushQEl4AsyncHwEl LastAsyncEl5AsyncHwEl PushQEl6AsyncHwEl PushQEl7AsyncHwEl LastAsyncEl8AsyncHwEl
[2026-08-18 03:03:28.124] [1872064] [HailoRT] [info] [pipeline.cpp:891] [print_deep_description] LastAsyncEl0AsyncHwEl | inputs: AsyncHwEl[0] | outputs: user
[2026-08-18 03:03:28.124] [1872064] [HailoRT] [info] [pipeline.cpp:891] [print_deep_description] LastAsyncEl1AsyncHwEl | inputs: AsyncHwEl[0] | outputs: user
[2026-08-18 03:03:28.124] [1872064] [HailoRT] [info] [pipeline.cpp:891] [print_deep_description] LastAsyncEl2AsyncHwEl | inputs: AsyncHwEl[0] | outputs: user
[2026-08-18 03:03:28.124] [1872064] [HailoRT] [info] [pipeline.cpp:891] [print_deep_description] LastAsyncEl3AsyncHwEl | inputs: AsyncHwEl[0] | outputs: user
[2026-08-18 03:03:28.124] [1872064] [HailoRT] [info] [pipeline.cpp:891] [print_deep_description] PushQEl4AsyncHwEl | inputs: AsyncHwEl[0] | outputs: PostInferEl4AsyncHwEl(running in thread_id: 1873019)
[2026-08-18 03:03:28.124] [1872064] [HailoRT] [info] [pipeline.cpp:891] [print_deep_description] PostInferEl4AsyncHwEl | inputs: PushQEl4AsyncHwEl[0] | outputs: LastAsyncEl0PostInferEl4AsyncHwEl
[2026-08-18 03:03:28.124] [1872064] [HailoRT] [info] [pipeline.cpp:891] [print_deep_description] LastAsyncEl0PostInferEl4AsyncHwEl | inputs: PostInferEl4AsyncHwEl[0] | outputs: user
[2026-08-18 03:03:28.124] [1872064] [HailoRT] [info] [pipeline.cpp:891] [print_deep_description] LastAsyncEl5AsyncHwEl | inputs: AsyncHwEl[0] | outputs: user
[2026-08-18 03:03:28.124] [1872064] [HailoRT] [info] [pipeline.cpp:891] [print_deep_description] PushQEl6AsyncHwEl | inputs: AsyncHwEl[0] | outputs: PostInferEl6AsyncHwEl(running in thread_id: 1873021)
[2026-08-18 03:03:28.124] [1872064] [HailoRT] [info] [pipeline.cpp:891] [print_deep_description] PostInferEl6AsyncHwEl | inputs: PushQEl6AsyncHwEl[0] | outputs: LastAsyncEl0PostInferEl6AsyncHwEl
[2026-08-18 03:03:28.124] [1872064] [HailoRT] [info] [pipeline.cpp:891] [print_deep_description] LastAsyncEl0PostInferEl6AsyncHwEl | inputs: PostInferEl6AsyncHwEl[0] | outputs: user
[2026-08-18 03:03:28.124] [1872064] [HailoRT] [info] [pipeline.cpp:891] [print_deep_description] PushQEl7AsyncHwEl | inputs: AsyncHwEl[0] | outputs: PostInferEl7AsyncHwEl(running in thread_id: 1873020)
[2026-08-18 03:03:28.124] [1872064] [HailoRT] [info] [pipeline.cpp:891] [print_deep_description] PostInferEl7AsyncHwEl | inputs: PushQEl7AsyncHwEl[0] | outputs: LastAsyncEl0PostInferEl7AsyncHwEl
[2026-08-18 03:03:28.124] [1872064] [HailoRT] [info] [pipeline.cpp:891] [print_deep_description] LastAsyncEl0PostInferEl7AsyncHwEl | inputs: PostInferEl7AsyncHwEl[0] | outputs: user
[2026-08-18 03:03:28.124] [1872064] [HailoRT] [info] [pipeline.cpp:891] [print_deep_description] LastAsyncEl8AsyncHwEl | inputs: AsyncHwEl[0] | outputs: user
[2026-08-18 03:03:28.128] [1872064] [HailoRT] [info] [internal_buffer_manager.cpp:202] [print_execution_results] Default Internal buffer planner failed to meet requirements
[2026-08-18 03:03:28.128] [1872064] [HailoRT] [info] [internal_buffer_manager.cpp:212] [print_execution_results] Default Internal buffer planner executed successfully
[2026-08-18 03:03:28.139] [1872064] [HailoRT] [info] [device_internal.cpp:57] [configure] Configuring HEF took 13.779228 milliseconds
[2026-08-18 03:03:28.139] [1872064] [HailoRT] [info] [vdevice.cpp:749] [configure] Configuring HEF on VDevice took 14.17145 milliseconds
[2026-08-18 03:03:28.140] [1872064] [HailoRT] [info] [infer_model.cpp:436] [configure] Configuring network group 'yolov8s' with params: batch size: 0, power mode: PERFORMANCE, latency: NONE
[2026-08-18 03:03:28.140] [1872064] [HailoRT] [info] [multi_io_elements.cpp:756] [create] Created (AsyncHwEl)
[2026-08-18 03:03:28.140] [1872064] [HailoRT] [info] [queue_elements.cpp:450] [create] Created (EntryPushQEl0yolov8s/input_layer1 | timeout: 10s)
[2026-08-18 03:03:28.140] [1872064] [HailoRT] [info] [filter_elements.cpp:101] [create] Created (PreInferEl3yolov8s/input_layer1 | Reorder - src_order: RGB4, src_shape: (640, 640, 3), dst_order: NHCW, dst_shape: (640, 640, 3))
[2026-08-18 03:03:28.140] [1872064] [HailoRT] [info] [queue_elements.cpp:450] [create] Created (PushQEl3yolov8s/input_layer1 | timeout: 10s)
[2026-08-18 03:03:28.140] [1872064] [HailoRT] [info] [multi_io_elements.cpp:135] [create] Created (NmsPPMuxEl0YOLOV8-Post-Process | Op YOLOV8, Name: YOLOV8-Post-Process, Score threshold: 0.200, IoU threshold: 0.70, Classes: 80, Cross classes: false, NMS results order: BY_CLASS, Max bboxes per class: 100, Image height: 640, Image width: 640)
[2026-08-18 03:03:28.140] [1872064] [HailoRT] [info] [queue_elements.cpp:942] [create] Created (MultiPushQEl0YOLOV8-Post-Process | timeout: 10s)
[2026-08-18 03:03:28.140] [1872064] [HailoRT] [info] [edge_elements.cpp:187] [create] Created (LastAsyncEl0NmsPPMuxEl0YOLOV8-Post-Process)
[2026-08-18 03:03:28.140] [1872064] [HailoRT] [info] [pipeline.cpp:891] [print_deep_description] EntryPushQEl0yolov8s/input_layer1 | inputs: user | outputs: PreInferEl3yolov8s/input_layer1(running in thread_id: 1873022)
[2026-08-18 03:03:28.140] [1872064] [HailoRT] [info] [pipeline.cpp:891] [print_deep_description] PreInferEl3yolov8s/input_layer1 | inputs: EntryPushQEl0yolov8s/input_layer1[0] | outputs: PushQEl3yolov8s/input_layer1
[2026-08-18 03:03:28.140] [1872064] [HailoRT] [info] [pipeline.cpp:891] [print_deep_description] PushQEl3yolov8s/input_layer1 | inputs: PreInferEl3yolov8s/input_layer1[0] | outputs: AsyncHwEl(running in thread_id: 1873023)
[2026-08-18 03:03:28.140] [1872064] [HailoRT] [info] [pipeline.cpp:891] [print_deep_description] AsyncHwEl | inputs: PushQEl3yolov8s/input_layer1[0] | outputs: MultiPushQEl0YOLOV8-Post-Process MultiPushQEl0YOLOV8-Post-Process MultiPushQEl0YOLOV8-Post-Process MultiPushQEl0YOLOV8-Post-Process MultiPushQEl0YOLOV8-Post-Process MultiPushQEl0YOLOV8-Post-Process
[2026-08-18 03:03:28.140] [1872064] [HailoRT] [info] [pipeline.cpp:891] [print_deep_description] MultiPushQEl0YOLOV8-Post-Process | inputs: AsyncHwEl[0] AsyncHwEl[1] AsyncHwEl[2] AsyncHwEl[3] AsyncHwEl[4] AsyncHwEl[5] | outputs: NmsPPMuxEl0YOLOV8-Post-Process(running in thread_id: 1873024)
[2026-08-18 03:03:28.140] [1872064] [HailoRT] [info] [pipeline.cpp:891] [print_deep_description] NmsPPMuxEl0YOLOV8-Post-Process | inputs: MultiPushQEl0YOLOV8-Post-Process[0] | outputs: LastAsyncEl0NmsPPMuxEl0YOLOV8-Post-Process
[2026-08-18 03:03:28.140] [1872064] [HailoRT] [info] [pipeline.cpp:891] [print_deep_description] LastAsyncEl0NmsPPMuxEl0YOLOV8-Post-Process | inputs: NmsPPMuxEl0YOLOV8-Post-Process[0] | outputs: user
[2026-08-18 03:03:28.445] [1872506] [HailoRT] [info] [hef.cpp:1929] [get_network_group_and_network_name] No name was given. Addressing all networks of default network_group: yolov8s_pose
[2026-08-18 03:03:28.524] [1872509] [HailoRT] [info] [hef.cpp:1929] [get_network_group_and_network_name] No name was given. Addressing all networks of default network_group: yolov8s
[2026-08-18 03:18:12.595] [1872064] [HailoRT] [info] [async_infer_runner.cpp:86] [shutdown] Pipeline was aborted. Shutting it down
[2026-08-18 03:18:12.596] [1873003] [HailoRT] [info] [network_group.cpp:857] [operator()] Infer request was aborted by user
[2026-08-18 03:18:12.596] [1872064] [HailoRT] [info] [queue_elements.cpp:570] [execute_deactivate] enqueue() in element PushQEl4AsyncHwEl was aborted, got status = HAILO_SHUTDOWN_EVENT_SIGNALED(57)
[2026-08-18 03:18:12.596] [1872064] [HailoRT] [info] [queue_elements.cpp:570] [execute_deactivate] enqueue() in element PushQEl6AsyncHwEl was aborted, got status = HAILO_SHUTDOWN_EVENT_SIGNALED(57)
[2026-08-18 03:18:12.596] [1872064] [HailoRT] [info] [queue_elements.cpp:570] [execute_deactivate] enqueue() in element PushQEl7AsyncHwEl was aborted, got status = HAILO_SHUTDOWN_EVENT_SIGNALED(57)
[2026-08-18 03:18:12.596] [1872064] [HailoRT] [info] [queue_elements.cpp:570] [execute_deactivate] enqueue() in element PushQEl3yolov8s_pose/input_layer1 was aborted, got status = HAILO_SHUTDOWN_EVENT_SIGNALED(57)
[2026-08-18 03:18:12.596] [1872064] [HailoRT] [info] [queue_elements.cpp:570] [execute_deactivate] enqueue() in element EntryPushQEl0yolov8s_pose/input_layer1 was aborted, got status = HAILO_SHUTDOWN_EVENT_SIGNALED(57)
[2026-08-18 03:18:12.596] [1872064] [HailoRT] [info] [queue_elements.cpp:46] [~BaseQueueElement] Queue element EntryPushQEl0yolov8s_pose/input_layer1 has 0 frames in his Queue on destruction
[2026-08-18 03:18:12.596] [1872064] [HailoRT] [info] [queue_elements.cpp:46] [~BaseQueueElement] Queue element PushQEl3yolov8s_pose/input_layer1 has 0 frames in his Queue on destruction
[2026-08-18 03:18:12.597] [1872064] [HailoRT] [info] [queue_elements.cpp:46] [~BaseQueueElement] Queue element PushQEl4AsyncHwEl has 0 frames in his Queue on destruction
[2026-08-18 03:18:12.597] [1872064] [HailoRT] [info] [queue_elements.cpp:46] [~BaseQueueElement] Queue element PushQEl7AsyncHwEl has 0 frames in his Queue on destruction
[2026-08-18 03:18:12.597] [1872064] [HailoRT] [info] [queue_elements.cpp:46] [~BaseQueueElement] Queue element PushQEl6AsyncHwEl has 0 frames in his Queue on destruction
[2026-08-18 03:18:12.598] [1872064] [HailoRT] [info] [async_infer_runner.cpp:86] [shutdown] Pipeline was aborted. Shutting it down
[2026-08-18 03:18:12.605] [1873003] [HailoRT] [info] [network_group.cpp:857] [operator()] Infer request was aborted by user
[2026-08-18 03:18:12.606] [1872064] [HailoRT] [info] [queue_elements.cpp:1131] [execute_deactivate] enqueue() in element MultiPushQEl0YOLOV8-Post-Process was aborted, got status = HAILO_SHUTDOWN_EVENT_SIGNALED(57)
[2026-08-18 03:18:12.606] [1872064] [HailoRT] [info] [queue_elements.cpp:1131] [execute_deactivate] enqueue() in element MultiPushQEl0YOLOV8-Post-Process was aborted, got status = HAILO_SHUTDOWN_EVENT_SIGNALED(57)
[2026-08-18 03:18:12.606] [1872064] [HailoRT] [info] [queue_elements.cpp:1131] [execute_deactivate] enqueue() in element MultiPushQEl0YOLOV8-Post-Process was aborted, got status = HAILO_SHUTDOWN_EVENT_SIGNALED(57)
[2026-08-18 03:18:12.606] [1872064] [HailoRT] [info] [queue_elements.cpp:1131] [execute_deactivate] enqueue() in element MultiPushQEl0YOLOV8-Post-Process was aborted, got status = HAILO_SHUTDOWN_EVENT_SIGNALED(57)
[2026-08-18 03:18:12.606] [1872064] [HailoRT] [info] [queue_elements.cpp:1131] [execute_deactivate] enqueue() in element MultiPushQEl0YOLOV8-Post-Process was aborted, got status = HAILO_SHUTDOWN_EVENT_SIGNALED(57)
[2026-08-18 03:18:12.606] [1872064] [HailoRT] [info] [queue_elements.cpp:1131] [execute_deactivate] enqueue() in element MultiPushQEl0YOLOV8-Post-Process was aborted, got status = HAILO_SHUTDOWN_EVENT_SIGNALED(57)
[2026-08-18 03:18:12.606] [1872064] [HailoRT] [info] [queue_elements.cpp:570] [execute_deactivate] enqueue() in element PushQEl3yolov8s/input_layer1 was aborted, got status = HAILO_SHUTDOWN_EVENT_SIGNALED(57)
[2026-08-18 03:18:12.606] [1872064] [HailoRT] [info] [queue_elements.cpp:570] [execute_deactivate] enqueue() in element EntryPushQEl0yolov8s/input_layer1 was aborted, got status =[2026-08-18 03:19:57.921] [1875876] [HailoRT] [info] [vdevice.cpp:523] [create] Creating vdevice with params: device_count: 1, scheduling_algorithm: ROUND_ROBIN, multi_process_service: false
[2026-08-18 03:19:57.931] [1875876] [HailoRT] [info] [device.cpp:49] [Device] OS Version: Linux 6.12.34+rpt-rpi-2712 #1 SMP PREEMPT Debian 1:6.12.34-1+rpt1~bookworm (2025-06-26) aarch64
[2026-08-18 03:19:57.932] [1875876] [HailoRT] [info] [control.cpp:108] [control__parse_identify_results] firmware_version is: 4.20.0
[2026-08-18 03:19:57.932] [1875876] [HailoRT] [info] [vdevice.cpp:651] [create] VDevice Infos: 0001:03:00.0
[2026-08-18 03:19:57.970] [1875876] [HailoRT] [info] [hef.cpp:1929] [get_network_group_and_network_name] No name was given. Addressing all networks of default network_group: yolov8s
[2026-08-18 03:19:57.970] [1875876] [HailoRT] [info] [hef.cpp:1929] [get_network_group_and_network_name] No name was given. Addressing all networks of default network_group: yolov8s
[2026-08-18 03:19:57.998] [1875876] [HailoRT] [info] [vdevice.cpp:523] [create] Creating vdevice with params: device_count: 1, scheduling_algorithm: ROUND_ROBIN, multi_process_service: false
[2026-08-18 03:19:58.106] [1875876] [HailoRT] [info] [hef.cpp:1929] [get_network_group_and_network_name] No name was given. Addressing all networks of default network_group: yolov8s_pose
[2026-08-18 03:19:58.106] [1875876] [HailoRT] [info] [hef.cpp:1929] [get_network_group_and_network_name] No name was given. Addressing all networks of default network_group: yolov8s_pose
[2026-08-18 03:19:58.132] [1875876] [HailoRT] [warning] [device_internal.cpp:616] [check_hef_is_compatible] HEF was compiled for Hailo8L device, while the device itself is Hailo8. This will result in lower performance.
[2026-08-18 03:19:58.132] [1875876] [HailoRT] [warning] [device_internal.cpp:616] [check_hef_is_compatible] HEF was compiled for Hailo8L device, while the device itself is Hailo8. This will result in lower performance.
[2026-08-18 03:19:58.140] [1875876] [HailoRT] [info] [internal_buffer_manager.cpp:204] [print_execution_results] Planned internal buffer memory: CMA memory 0, user memory 3321344. memory to edge layer usage factor is 0.93083656
[2026-08-18 03:19:58.140] [1875876] [HailoRT] [info] [internal_buffer_manager.cpp:212] [print_execution_results] Default Internal buffer planner executed successfully
[2026-08-18 03:19:58.157] [1875876] [HailoRT] [info] [device_internal.cpp:57] [configure] Configuring HEF took 25.145322 milliseconds
[2026-08-18 03:19:58.157] [1875876] [HailoRT] [info] [vdevice.cpp:749] [configure] Configuring HEF on VDevice took 25.657173 milliseconds
[2026-08-18 03:19:58.157] [1875876] [HailoRT] [info] [infer_model.cpp:436] [configure] Configuring network group 'yolov8s_pose' with params: batch size: 0, power mode: PERFORMANCE, latency: NONE
[2026-08-18 03:19:58.158] [1875876] [HailoRT] [info] [multi_io_elements.cpp:756] [create] Created (AsyncHwEl)
[2026-08-18 03:19:58.158] [1875876] [HailoRT] [info] [queue_elements.cpp:450] [create] Created (EntryPushQEl0yolov8s_pose/input_layer1 | timeout: 10s)
[2026-08-18 03:19:58.158] [1875876] [HailoRT] [info] [filter_elements.cpp:101] [create] Created (PreInferEl3yolov8s_pose/input_layer1 | Reorder - src_order: RGB4, src_shape: (640, 640, 3), dst_order: NHWC, dst_shape: (640, 640, 3))
[2026-08-18 03:19:58.158] [1875876] [HailoRT] [info] [queue_elements.cpp:450] [create] Created (PushQEl3yolov8s_pose/input_layer1 | timeout: 10s)
[2026-08-18 03:19:58.158] [1875876] [HailoRT] [info] [edge_elements.cpp:187] [create] Created (LastAsyncEl3AsyncHwEl)
[2026-08-18 03:19:58.158] [1875876] [HailoRT] [info] [queue_elements.cpp:450] [create] Created (PushQEl4AsyncHwEl | timeout: 10s)
[2026-08-18 03:19:58.158] [1875876] [HailoRT] [info] [filter_elements.cpp:375] [create] Created (PostInferEl4AsyncHwEl | Reorder - src_order: FCR, src_shape: (20, 20, 56), dst_order: FCR, dst_shape: (20, 20, 51))
[2026-08-18 03:19:58.158] [1875876] [HailoRT] [info] [edge_elements.cpp:187] [create] Created (LastAsyncEl0PostInferEl4AsyncHwEl)
[2026-08-18 03:19:58.158] [1875876] [HailoRT] [info] [edge_elements.cpp:187] [create] Created (LastAsyncEl5AsyncHwEl)
[2026-08-18 03:19:58.158] [1875876] [HailoRT] [info] [edge_elements.cpp:187] [create] Created (LastAsyncEl0AsyncHwEl)
[2026-08-18 03:19:58.158] [1875876] [HailoRT] [info] [edge_elements.cpp:187] [create] Created (LastAsyncEl1AsyncHwEl)
[2026-08-18 03:19:58.158] [1875876] [HailoRT] [info] [edge_elements.cpp:187] [create] Created (LastAsyncEl2AsyncHwEl)
[2026-08-18 03:19:58.158] [1875876] [HailoRT] [info] [queue_elements.cpp:450] [create] Created (PushQEl7AsyncHwEl | timeout: 10s)
[2026-08-18 03:19:58.158] [1875876] [HailoRT] [info] [filter_elements.cpp:375] [create] Created (PostInferEl7AsyncHwEl | Reorder - src_order: FCR, src_shape: (40, 40, 56), dst_order: FCR, dst_shape: (40, 40, 51))
[2026-08-18 03:19:58.158] [1875876] [HailoRT] [info] [edge_elements.cpp:187] [create] Created (LastAsyncEl0PostInferEl7AsyncHwEl)
[2026-08-18 03:19:58.158] [1875876] [HailoRT] [info] [edge_elements.cpp:187] [create] Created (LastAsyncEl8AsyncHwEl)
[2026-08-18 03:19:58.158] [1875876] [HailoRT] [info] [queue_elements.cpp:450] [create] Created (PushQEl6AsyncHwEl | timeout: 10s)
[2026-08-18 03:19:58.158] [1875876] [HailoRT] [info] [filter_elements.cpp:375] [create] Created (PostInferEl6AsyncHwEl | Reorder - src_order: FCR, src_shape: (80, 80, 56), dst_order: FCR, dst_shape: (80, 80, 51))
[2026-08-18 03:19:58.158] [1875876] [HailoRT] [info] [edge_elements.cpp:187] [create] Created (LastAsyncEl0PostInferEl6AsyncHwEl)
[2026-08-18 03:19:58.158] [1875876] [HailoRT] [info] [pipeline.cpp:891] [print_deep_description] EntryPushQEl0yolov8s_pose/input_layer1 | inputs: user | outputs: PreInferEl3yolov8s_pose/input_layer1(running in thread_id: 1876462)
[2026-08-18 03:19:58.158] [1875876] [HailoRT] [info] [pipeline.cpp:891] [print_deep_description] PreInferEl3yolov8s_pose/input_layer1 | inputs: EntryPushQEl0yolov8s_pose/input_layer1[0] | outputs: PushQEl3yolov8s_pose/input_layer1
[2026-08-18 03:19:58.158] [1875876] [HailoRT] [info] [pipeline.cpp:891] [print_deep_description] PushQEl3yolov8s_pose/input_layer1 | inputs: PreInferEl3yolov8s_pose/input_layer1[0] | outputs: AsyncHwEl(running in thread_id: 1876463)
[2026-08-18 03:19:58.158] [1875876] [HailoRT] [info] [pipeline.cpp:891] [print_deep_description] AsyncHwEl | inputs: PushQEl3yolov8s_pose/input_layer1[0] | outputs: LastAsyncEl0AsyncHwEl LastAsyncEl1AsyncHwEl LastAsyncEl2AsyncHwEl LastAsyncEl3AsyncHwEl PushQEl4AsyncHwEl LastAsyncEl5AsyncHwEl PushQEl6AsyncHwEl PushQEl7AsyncHwEl LastAsyncEl8AsyncHwEl
[2026-08-18 03:19:58.158] [1875876] [HailoRT] [info] [pipeline.cpp:891] [print_deep_description] LastAsyncEl0AsyncHwEl | inputs: AsyncHwEl[0] | outputs: user
[2026-08-18 03:19:58.158] [1875876] [HailoRT] [info] [pipeline.cpp:891] [print_deep_description] LastAsyncEl1AsyncHwEl | inputs: AsyncHwEl[0] | outputs: user
[2026-08-18 03:19:58.158] [1875876] [HailoRT] [info] [pipeline.cpp:891] [print_deep_description] LastAsyncEl2AsyncHwEl | inputs: AsyncHwEl[0] | outputs: user
[2026-08-18 03:19:58.158] [1875876] [HailoRT] [info] [pipeline.cpp:891] [print_deep_description] LastAsyncEl3AsyncHwEl | inputs: AsyncHwEl[0] | outputs: user
[2026-08-18 03:19:58.158] [1875876] [HailoRT] [info] [pipeline.cpp:891] [print_deep_description] PushQEl4AsyncHwEl | inputs: AsyncHwEl[0] | outputs: PostInferEl4AsyncHwEl(running in thread_id: 1876464)
[2026-08-18 03:19:58.158] [1875876] [HailoRT] [info] [pipeline.cpp:891] [print_deep_description] PostInferEl4AsyncHwEl | inputs: PushQEl4AsyncHwEl[0] | outputs: LastAsyncEl0PostInferEl4AsyncHwEl
[2026-08-18 03:19:58.158] [1875876] [HailoRT] [info] [pipeline.cpp:891] [print_deep_description] LastAsyncEl0PostInferEl4AsyncHwEl | inputs: PostInferEl4AsyncHwEl[0] | outputs: user
[2026-08-18 03:19:58.158] [1875876] [HailoRT] [info] [pipeline.cpp:891] [print_deep_description] LastAsyncEl5AsyncHwEl | inputs: AsyncHwEl[0] | outputs: user
[2026-08-18 03:19:58.158] [1875876] [HailoRT] [info] [pipeline.cpp:891] [print_deep_description] PushQEl6AsyncHwEl | inputs: AsyncHwEl[0] | outputs: PostInferEl6AsyncHwEl(running in thread_id: 1876466)
[2026-08-18 03:19:58.158] [1875876] [HailoRT] [info] [pipeline.cpp:891] [print_deep_description] PostInferEl6AsyncHwEl | inputs: PushQEl6AsyncHwEl[0] | outputs: LastAsyncEl0PostInferEl6AsyncHwEl
[2026-08-18 03:19:58.158] [1875876] [HailoRT] [info] [pipeline.cpp:891] [print_deep_description] LastAsyncEl0PostInferEl6AsyncHwEl | inputs: PostInferEl6AsyncHwEl[0] | outputs: user
[2026-08-18 03:19:58.158] [1875876] [HailoRT] [info] [pipeline.cpp:891] [print_deep_description] PushQEl7AsyncHwEl | inputs: AsyncHwEl[0] | outputs: PostInferEl7AsyncHwEl(running in thread_id: 1876465)
[2026-08-18 03:19:58.158] [1875876] [HailoRT] [info] [pipeline.cpp:891] [print_deep_description] PostInferEl7AsyncHwEl | inputs: PushQEl7AsyncHwEl[0] | outputs: LastAsyncEl0PostInferEl7AsyncHwEl
[2026-08-18 03:19:58.158] [1875876] [HailoRT] [info] [pipeline.cpp:891] [print_deep_description] LastAsyncEl0PostInferEl7AsyncHwEl | inputs: PostInferEl7AsyncHwEl[0] | outputs: user
[2026-08-18 03:19:58.158] [1875876] [HailoRT] [info] [pipeline.cpp:891] [print_deep_description] LastAsyncEl8AsyncHwEl | inputs: AsyncHwEl[0] | outputs: user
[2026-08-18 03:19:58.162] [1875876] [HailoRT] [info] [internal_buffer_manager.cpp:202] [print_execution_results] Default Internal buffer planner failed to meet requirements
[2026-08-18 03:19:58.162] [1875876] [HailoRT] [info] [internal_buffer_manager.cpp:212] [print_execution_results] Default Internal buffer planner executed successfully
[2026-08-18 03:19:58.172] [1875876] [HailoRT] [info] [device_internal.cpp:57] [configure] Configuring HEF took 11.709105 milliseconds
[2026-08-18 03:19:58.172] [1875876] [HailoRT] [info] [vdevice.cpp:749] [configure] Configuring HEF on VDevice took 12.091847 milliseconds
[2026-08-18 03:19:58.172] [1875876] [HailoRT] [info] [infer_model.cpp:436] [configure] Configuring network group 'yolov8s' with params: batch size: 0, power mode: PERFORMANCE, latency: NONE
[2026-08-18 03:19:58.172] [1875876] [HailoRT] [info] [multi_io_elements.cpp:756] [create] Created (AsyncHwEl)
[2026-08-18 03:19:58.172] [1875876] [HailoRT] [info] [queue_elements.cpp:450] [create] Created (EntryPushQEl0yolov8s/input_layer1 | timeout: 10s)
[2026-08-18 03:19:58.172] [1875876] [HailoRT] [info] [filter_elements.cpp:101] [create] Created (PreInferEl3yolov8s/input_layer1 | Reorder - src_order: RGB4, src_shape: (640, 640, 3), dst_order: NHCW, dst_shape: (640, 640, 3))
[2026-08-18 03:19:58.173] [1875876] [HailoRT] [info] [queue_elements.cpp:450] [create] Created (PushQEl3yolov8s/input_layer1 | timeout: 10s)
[2026-08-18 03:19:58.173] [1875876] [HailoRT] [info] [multi_io_elements.cpp:135] [create] Created (NmsPPMuxEl0YOLOV8-Post-Process | Op YOLOV8, Name: YOLOV8-Post-Process, Score threshold: 0.200, IoU threshold: 0.70, Classes: 80, Cross classes: false, NMS results order: BY_CLASS, Max bboxes per class: 100, Image height: 640, Image width: 640)
[2026-08-18 03:19:58.173] [1875876] [HailoRT] [info] [queue_elements.cpp:942] [create] Created (MultiPushQEl0YOLOV8-Post-Process | timeout: 10s)
[2026-08-18 03:19:58.173] [1875876] [HailoRT] [info] [edge_elements.cpp:187] [create] Created (LastAsyncEl0NmsPPMuxEl0YOLOV8-Post-Process)
[2026-08-18 03:19:58.173] [1875876] [HailoRT] [info] [pipeline.cpp:891] [print_deep_description] EntryPushQEl0yolov8s/input_layer1 | inputs: user | outputs: PreInferEl3yolov8s/input_layer1(running in thread_id: 1876467)
[2026-08-18 03:19:58.173] [1875876] [HailoRT] [info] [pipeline.cpp:891] [print_deep_description] PreInferEl3yolov8s/input_layer1 | inputs: EntryPushQEl0yolov8s/input_layer1[0] | outputs: PushQEl3yolov8s/input_layer1
[2026-08-18 03:19:58.173] [1875876] [HailoRT] [info] [pipeline.cpp:891] [print_deep_description] PushQEl3yolov8s/input_layer1 | inputs: PreInferEl3yolov8s/input_layer1[0] | outputs: AsyncHwEl(running in thread_id: 1876468)
[2026-08-18 03:19:58.173] [1875876] [HailoRT] [info] [pipeline.cpp:891] [print_deep_description] AsyncHwEl | inputs: PushQEl3yolov8s/input_layer1[0] | outputs: MultiPushQEl0YOLOV8-Post-Process MultiPushQEl0YOLOV8-Post-Process MultiPushQEl0YOLOV8-Post-Process MultiPushQEl0YOLOV8-Post-Process MultiPushQEl0YOLOV8-Post-Process MultiPushQEl0YOLOV8-Post-Process
[2026-08-18 03:19:58.173] [1875876] [HailoRT] [info] [pipeline.cpp:891] [print_deep_description] MultiPushQEl0YOLOV8-Post-Process | inputs: AsyncHwEl[0] AsyncHwEl[1] AsyncHwEl[2] AsyncHwEl[3] AsyncHwEl[4] AsyncHwEl[5] | outputs: NmsPPMuxEl0YOLOV8-Post-Process(running in thread_id: 1876469)
[2026-08-18 03:19:58.173] [1875876] [HailoRT] [info] [pipeline.cpp:891] [print_deep_description] NmsPPMuxEl0YOLOV8-Post-Process | inputs: MultiPushQEl0YOLOV8-Post-Process[0] | outputs: LastAsyncEl0NmsPPMuxEl0YOLOV8-Post-Process
[2026-08-18 03:19:58.173] [1875876] [HailoRT] [info] [pipeline.cpp:891] [print_deep_description] LastAsyncEl0NmsPPMuxEl0YOLOV8-Post-Process | inputs: NmsPPMuxEl0YOLOV8-Post-Process[0] | outputs: user
[2026-08-18 03:19:58.480] [1876448] [HailoRT] [info] [hef.cpp:1929] [get_network_group_and_network_name] No name was given. Addressing all networks of default network_group: yolov8s_pose
[2026-08-18 03:19:58.584] [1876450] [HailoRT] [info] [hef.cpp:1929] [get_network_group_and_network_name] No name was given. Addressing all networks of default network_group: yolov8s
[2026-08-18 03:30:49.203] [1875876] [HailoRT] [info] [async_infer_runner.cpp:86] [shutdown] Pipeline was aborted. Shutting it down
[2026-08-18 03:30:49.203] [1875876] [HailoRT] [info] [queue_elements.cpp:570] [execute_deactivate] enqueue() in element PushQEl4AsyncHwEl was aborted, got status = HAILO_SHUTDOWN_EVENT_SIGNALED(57)
[2026-08-18 03:30:49.204] [1875876] [HailoRT] [info] [queue_elements.cpp:570] [execute_deactivate] enqueue() in element PushQEl6AsyncHwEl was aborted, got status = HAILO_SHUTDOWN_EVENT_SIGNALED(57)
[2026-08-18 03:30:49.204] [1875876] [HailoRT] [info] [queue_elements.cpp:570] [execute_deactivate] enqueue() in element PushQEl7AsyncHwEl was aborted, got status = HAILO_SHUTDOWN_EVENT_SIGNALED(57)
[2026-08-18 03:30:49.204] [1875876] [HailoRT] [info] [queue_elements.cpp:570] [execute_deactivate] enqueue() in element PushQEl3yolov8s_pose/input_layer1 was aborted, got status = HAILO_SHUTDOWN_EVENT_SIGNALED(57)
[2026-08-18 03:30:49.204] [1875876] [HailoRT] [info] [queue_elements.cpp:570] [execute_deactivate] enqueue() in element EntryPushQEl0yolov8s_pose/input_layer1 was aborted, got status = HAILO_SHUTDOWN_EVENT_SIGNALED(57)
[2026-08-18 03:30:49.204] [1875876] [HailoRT] [info] [queue_elements.cpp:46] [~BaseQueueElement] Queue element EntryPushQEl0yolov8s_pose/input_layer1 has 0 frames in his Queue on destruction
[2026-08-18 03:30:49.204] [1875876] [HailoRT] [info] [queue_elements.cpp:46] [~BaseQueueElement] Queue element PushQEl3yolov8s_pose/input_layer1 has 0 frames in his Queue on destruction
[2026-08-18 03:30:49.204] [1875876] [HailoRT] [info] [queue_elements.cpp:46] [~BaseQueueElement] Queue element PushQEl4AsyncHwEl has 0 frames in his Queue on destruction
[2026-08-18 03:30:49.204] [1875876] [HailoRT] [info] [queue_elements.cpp:46] [~BaseQueueElement] Queue element PushQEl7AsyncHwEl has 0 frames in his Queue on destruction
[2026-08-18 03:30:49.204] [1875876] [HailoRT] [info] [queue_elements.cpp:46] [~BaseQueueElement] Queue element PushQEl6AsyncHwEl has 0 frames in his Queue on destruction
[2026-08-18 03:30:49.204] [1875876] [HailoRT] [info] [async_infer_runner.cpp:86] [shutdown] Pipeline was aborted. Shutting it down
[2026-08-18 03:30:49.206] [1876442] [HailoRT] [info] [network_group.cpp:857] [operator()] Infer request was aborted by user
[2026-08-18 03:30:49.206] [1875876] [HailoRT] [info] [queue_elements.cpp:1131] [execute_deactivate] enqueue() in element MultiPushQEl0YOLOV8-Post-Process was aborted, got status = HAILO_SHUTDOWN_EVENT_SIGNALED(57)
[2026-08-18 03:30:49.206] [1875876] [HailoRT] [info] [queue_elements.cpp:1131] [execute_deactivate] enqueue() in element MultiPushQEl0YOLOV8-Post-Process was aborted, got status = HAILO_SHUTDOWN_EVENT_SIGNALED(57)
[2026-08-18 03:30:49.206] [1875876] [HailoRT] [info] [queue_elements.cpp:1131] [execute_deactivate] enqueue() in element MultiPushQEl0YOLOV8-Post-Process was aborted, got status = HAILO_SHUTDOWN_EVENT_SIGNALED(57)
[2026-08-18 03:30:49.206] [1875876] [HailoRT] [info] [queue_elements.cpp:1131] [execute_deactivate] enqueue() in element MultiPushQEl0YOLOV8-Post-Process was aborted, got status = HAILO_SHUTDOWN_EVENT_SIGNALED(57)
[2026-08-18 03:30:49.206] [1875876] [HailoRT] [info] [queue_elements.cpp:1131] [execute_deactivate] enqueue() in element MultiPushQEl0YOLOV8-Post-Process was aborted, got status = HAILO_SHUTDOWN_EVENT_SIGNALED(57)
[2026-08-18 03:30:49.206] [1875876] [HailoRT] [info] [queue_elements.cpp:1131] [execute_deactivate] enqueue() in element MultiPushQEl0YOLOV8-Post-Process was aborted, got status = HAILO_SHUTDOWN_EVENT_SIGNALED(57)
[2026-08-18 03:30:49.206] [1875876] [HailoRT] [info] [queue_elements.cpp:570] [execute_deactivate] enqueue() in element PushQEl3yolov8s/input_layer1 was aborted, got status = HAILO_SHUTDOWN_EVENT_SIGNALED(57)
[2026-08-18 03:30:49.206] [1875876] [HailoRT] [info] [queue_elements.cpp:570] [execute_deactivate] enqueue() in element EntryPushQEl0yolov8s/input_layer1 was aborted, got status = HAILO_SHUTDOWN_EVENT_SIGNALED(57)
[2026-08-18 03:30:49.206] [1875876] [HailoRT] [info] [queue_elements.cpp:46] [~BaseQueueElement] Queue element EntryPushQEl0yolov8s/input_layer1 has 0 frames in his Queue on destruction
[2026-08-18 03:30:49.206] [1875876] [HailoRT] [info] [queue_elements.cpp:46] [~BaseQueueElement] Queue element PushQEl3yolov8s/input_layer1 has 0 frames in his Queue on destruction
[2026-08-18 03:30:49.303] [1875876] [HailoRT] [info] [vdevice.cpp:523] [create] Creating vdevice with params: device_count: 1, scheduling_algorithm: ROUND_ROBIN, multi_process_service: false
[2026-08-18 03:30:49.315] [1875876] [HailoRT] [info] [device.cpp:49] [Device] OS Version: Linux 6.12.34+rpt-rpi-2712 #1 SMP PREEMPT Debian 1:6.12.34-1+rpt1~bookworm (2025-06-26) aarch64
[2026-08-18 03:30:49.316] [1875876] [HailoRT] [info] [control.cpp:108] [control__parse_identify_results] firmware_version is: 4.20.0
[2026-08-18 03:30:49.316] [1875876] [HailoRT] [info] [vdevice.cpp:651] [create] VDevice Infos: 0001:03:00.0
[2026-08-18 03:30:49.354] [1875876] [HailoRT] [info] [hef.cpp:1929] [get_network_group_and_network_name] No name was given. Addressing all networks of default network_group: yolov8s
[2026-08-18 03:30:49.354] [1875876] [HailoRT] [info] [hef.cpp:1929] [get_network_group_and_network_name] No name was given. Addressing all networks of default network_group: yolov8s
[2026-08-18 03:30:49.382] [1875876] [HailoRT] [info] [vdevice.cpp:523] [create] Creating vdevice with params: device_count: 1, scheduling_algorithm: ROUND_ROBIN, multi_process_service: false
[2026-08-18 03:30:49.487] [1875876] [HailoRT] [info] [hef.cpp:1929] [get_network_group_and_network_name] No name was given. Addressing all networks of default network_group: yolov8s_pose
[2026-08-18 03:30:49.487] [1875876] [HailoRT] [info] [hef.cpp:1929] [get_network_group_and_network_name] No name was given. Addressing all networks of default network_group: yolov8s_pose
[2026-08-18 03:30:49.510] [1875876] [HailoRT] [warning] [device_internal.cpp:616] [check_hef_is_compatible] HEF was compiled for Hailo8L device, while the device itself is Hailo8. This will result in lower performance.
[2026-08-18 03:30:49.510] [1875876] [HailoRT] [warning] [device_internal.cpp:616] [check_hef_is_compatible] HEF was compiled for Hailo8L device, while the device itself is Hailo8. This will result in lower performance.
[2026-08-18 03:30:49.517] [1875876] [HailoRT] [info] [internal_buffer_manager.cpp:204] [print_execution_results] Planned internal buffer memory: CMA memory 0, user memory 3321344. memory to edge layer usage factor is 0.93083656
[2026-08-18 03:30:49.517] [1875876] [HailoRT] [info] [internal_buffer_manager.cpp:212] [print_execution_results] Default Internal buffer planner executed successfully
[2026-08-18 03:30:49.534] [1875876] [HailoRT] [info] [device_internal.cpp:57] [configure] Configuring HEF took 23.770689 milliseconds
[2026-08-18 03:30:49.534] [1875876] [HailoRT] [info] [vdevice.cpp:749] [configure] Configuring HEF on VDevice took 24.246188 milliseconds
[2026-08-18 03:30:49.534] [1875876] [HailoRT] [info] [infer_model.cpp:436] [configure] Configuring network group 'yolov8s_pose' with params: batch size: 0, power mode: PERFORMANCE, latency: NONE
[2026-08-18 03:30:49.534] [1875876] [HailoRT] [info] [multi_io_elements.cpp:756] [create] Created (AsyncHwEl)
[2026-08-18 03:30:49.534] [1875876] [HailoRT] [info] [queue_elements.cpp:450] [create] Created (EntryPushQEl0yolov8s_pose/input_layer1 | timeout: 10s)
[2026-08-18 03:30:49.534] [1875876] [HailoRT] [info] [filter_elements.cpp:101] [create] Created (PreInferEl3yolov8s_pose/input_layer1 | Reorder - src_order: RGB4, src_shape: (640, 640, 3), dst_order: NHWC, dst_shape: (640, 640, 3))
[2026-08-18 03:30:49.534] [1875876] [HailoRT] [info] [queue_elements.cpp:450] [create] Created (PushQEl3yolov8s_pose/input_layer1 | timeout: 10s)
[2026-08-18 03:30:49.534] [1875876] [HailoRT] [info] [edge_elements.cpp:187] [create] Created (LastAsyncEl3AsyncHwEl)
[2026-08-18 03:30:49.535] [1875876] [HailoRT] [info] [queue_elements.cpp:450] [create] Created (PushQEl4AsyncHwEl | timeout: 10s)
[2026-08-18 03:30:49.535] [1875876] [HailoRT] [info] [filter_elements.cpp:375] [create] Created (PostInferEl4AsyncHwEl | Reorder - src_order: FCR, src_shape: (20, 20, 56), dst_order: FCR, dst_shape: (20, 20, 51))
[2026-08-18 03:30:49.535] [1875876] [HailoRT] [info] [edge_elements.cpp:187] [create] Created (LastAsyncEl0PostInferEl4AsyncHwEl)
[2026-08-18 03:30:49.535] [1875876] [HailoRT] [info] [edge_elements.cpp:187] [create] Created (LastAsyncEl5AsyncHwEl)
[2026-08-18 03:30:49.535] [1875876] [HailoRT] [info] [edge_elements.cpp:187] [create] Created (LastAsyncEl0AsyncHwEl)
[2026-08-18 03:30:49.535] [1875876] [HailoRT] [info] [edge_elements.cpp:187] [create] Created (LastAsyncEl1AsyncHwEl)
[2026-08-18 03:30:49.535] [1875876] [HailoRT] [info] [edge_elements.cpp:187] [create] Created (LastAsyncEl2AsyncHwEl)
[2026-08-18 03:30:49.535] [1875876] [HailoRT] [info] [queue_elements.cpp:450] [create] Created (PushQEl7AsyncHwEl | timeout: 10s)
[2026-08-18 03:30:49.535] [1875876] [HailoRT] [info] [filter_elements.cpp:375] [create] Created (PostInferEl7AsyncHwEl | Reorder - src_order: FCR, src_shape: (40, 40, 56), dst_order: FCR, dst_shape: (40, 40, 51))
[2026-08-18 03:30:49.535] [1875876] [HailoRT] [info] [edge_elements.cpp:187] [create] Created (LastAsyncEl0PostInferEl7AsyncHwEl)
[2026-08-18 03:30:49.535] [1875876] [HailoRT] [info] [edge_elements.cpp:187] [create] Created (LastAsyncEl8AsyncHwEl)
[2026-08-18 03:30:49.535] [1875876] [HailoRT] [info] [queue_elements.cpp:450] [create] Created (PushQEl6AsyncHwEl | timeout: 10s)
[2026-08-18 03:30:49.535] [1875876] [HailoRT] [info] [filter_elements.cpp:375] [create] Created (PostInferEl6AsyncHwEl | Reorder - src_order: FCR, src_shape: (80, 80, 56), dst_order: FCR, dst_shape: (80, 80, 51))
[2026-08-18 03:30:49.535] [1875876] [HailoRT] [info] [edge_elements.cpp:187] [create] Created (LastAsyncEl0PostInferEl6AsyncHwEl)
[2026-08-18 03:30:49.535] [1875876] [HailoRT] [info] [pipeline.cpp:891] [print_deep_description] EntryPushQEl0yolov8s_pose/input_layer1 | inputs: user | outputs: PreInferEl3yolov8s_pose/input_layer1(running in thread_id: 1878900)
[2026-08-18 03:30:49.535] [1875876] [HailoRT] [info] [pipeline.cpp:891] [print_deep_description] PreInferEl3yolov8s_pose/input_layer1 | inputs: EntryPushQEl0yolov8s_pose/input_layer1[0] | outputs: PushQEl3yolov8s_pose/input_layer1
[2026-08-18 03:30:49.535] [1875876] [HailoRT] [info] [pipeline.cpp:891] [print_deep_description] PushQEl3yolov8s_pose/input_layer1 | inputs: PreInferEl3yolov8s_pose/input_layer1[0] | outputs: AsyncHwEl(running in thread_id: 1878901)
[2026-08-18 03:30:49.535] [1875876] [HailoRT] [info] [pipeline.cpp:891] [print_deep_description] AsyncHwEl | inputs: PushQEl3yolov8s_pose/input_layer1[0] | outputs: LastAsyncEl0AsyncHwEl LastAsyncEl1AsyncHwEl LastAsyncEl2AsyncHwEl LastAsyncEl3AsyncHwEl PushQEl4AsyncHwEl LastAsyncEl5AsyncHwEl PushQEl6AsyncHwEl PushQEl7AsyncHwEl LastAsyncEl8AsyncHwEl
[2026-08-18 03:30:49.535] [1875876] [HailoRT] [info] [pipeline.cpp:891] [print_deep_description] LastAsyncEl0AsyncHwEl | inputs: AsyncHwEl[0] | outputs: user
[2026-08-18 03:30:49.535] [1875876] [HailoRT] [info] [pipeline.cpp:891] [print_deep_description] LastAsyncEl1AsyncHwEl | inputs: AsyncHwEl[0] | outputs: user
[2026-08-18 03:30:49.535] [1875876] [HailoRT] [info] [pipeline.cpp:891] [print_deep_description] LastAsyncEl2AsyncHwEl | inputs: AsyncHwEl[0] | outputs: user
[2026-08-18 03:30:49.535] [1875876] [HailoRT] [info] [pipeline.cpp:891] [print_deep_description] LastAsyncEl3AsyncHwEl | inputs: AsyncHwEl[0] | outputs: user
[2026-08-18 03:30:49.535] [1875876] [HailoRT] [info] [pipeline.cpp:891] [print_deep_description] PushQEl4AsyncHwEl | inputs: AsyncHwEl[0] | outputs: PostInferEl4AsyncHwEl(running in thread_id: 1878902)
[2026-08-18 03:30:49.535] [1875876] [HailoRT] [info] [pipeline.cpp:891] [print_deep_description] PostInferEl4AsyncHwEl | inputs: PushQEl4AsyncHwEl[0] | outputs: LastAsyncEl0PostInferEl4AsyncHwEl
[2026-08-18 03:30:49.535] [1875876] [HailoRT] [info] [pipeline.cpp:891] [print_deep_description] LastAsyncEl0PostInferEl4AsyncHwEl | inputs: PostInferEl4AsyncHwEl[0] | outputs: user
[2026-08-18 03:30:49.535] [1875876] [HailoRT] [info] [pipeline.cpp:891] [print_deep_description] LastAsyncEl5AsyncHwEl | inputs: AsyncHwEl[0] | outputs: user
[2026-08-18 03:30:49.535] [1875876] [HailoRT] [info] [pipeline.cpp:891] [print_deep_description] PushQEl6AsyncHwEl | inputs: AsyncHwEl[0] | outputs: PostInferEl6AsyncHwEl(running in thread_id: 1878904)
[2026-08-18 03:30:49.535] [1875876] [HailoRT] [info] [pipeline.cpp:891] [print_deep_description] PostInferEl6AsyncHwEl | inputs: PushQEl6AsyncHwEl[0] | outputs: LastAsyncEl0PostInferEl6AsyncHwEl
[2026-08-18 03:30:49.535] [1875876] [HailoRT] [info] [pipeline.cpp:891] [print_deep_description] LastAsyncEl0PostInferEl6AsyncHwEl | inputs: PostInferEl6AsyncHwEl[0] | outputs: user
[2026-08-18 03:30:49.535] [1875876] [HailoRT] [info] [pipeline.cpp:891] [print_deep_description] PushQEl7AsyncHwEl | inputs: AsyncHwEl[0] | outputs: PostInferEl7AsyncHwEl(running in thread_id: 1878903)
[2026-08-18 03:30:49.535] [1875876] [HailoRT] [info] [pipeline.cpp:891] [print_deep_description] PostInferEl7AsyncHwEl | inputs: PushQEl7AsyncHwEl[0] | outputs: LastAsyncEl0PostInferEl7AsyncHwEl
[2026-08-18 03:30:49.535] [1875876] [HailoRT] [info] [pipeline.cpp:891] [print_deep_description] LastAsyncEl0PostInferEl7AsyncHwEl | inputs: PostInferEl7AsyncHwEl[0] | outputs: user
[2026-08-18 03:30:49.535] [1875876] [HailoRT] [info] [pipeline.cpp:891] [print_deep_description] LastAsyncEl8AsyncHwEl | inputs: AsyncHwEl[0] | outputs: user
[2026-08-18 03:30:49.538] [1875876] [HailoRT] [info] [internal_buffer_manager.cpp:202] [print_execution_results] Default Internal buffer planner failed to meet requirements
[2026-08-18 03:30:49.538] [1875876] [HailoRT] [info] [internal_buffer_manager.cpp:212] [print_execution_results] Default Internal buffer planner executed successfully
[2026-08-18 03:30:49.549] [1875876] [HailoRT] [info] [device_internal.cpp:57] [configure] Configuring HEF took 12.415871 milliseconds
[2026-08-18 03:30:49.549] [1875876] [HailoRT] [info] [vdevice.cpp:749] [configure] Configuring HEF on VDevice took 12.804205 milliseconds
[2026-08-18 03:30:49.550] [1875876] [HailoRT] [info] [infer_model.cpp:436] [configure] Configuring network group 'yolov8s' with params: batch size: 0, power mode: PERFORMANCE, latency: NONE
[2026-08-18 03:30:49.550] [1875876] [HailoRT] [info] [multi_io_elements.cpp:756] [create] Created (AsyncHwEl)
[2026-08-18 03:30:49.550] [1875876] [HailoRT] [info] [queue_elements.cpp:450] [create] Created (EntryPushQEl0yolov8s/input_layer1 | timeout: 10s)
[2026-08-18 03:30:49.550] [1875876] [HailoRT] [info] [filter_elements.cpp:101] [create] Created (PreInferEl3yolov8s/input_layer1 | Reorder - src_order: RGB4, src_shape: (640, 640, 3), dst_order: NHCW, dst_shape: (640, 640, 3))
[2026-08-18 03:30:49.550] [1875876] [HailoRT] [info] [queue_elements.cpp:450] [create] Created (PushQEl3yolov8s/input_layer1 | timeout: 10s)
[2026-08-18 03:30:49.550] [1875876] [HailoRT] [info] [multi_io_elements.cpp:135] [create] Created (NmsPPMuxEl0YOLOV8-Post-Process | Op YOLOV8, Name: YOLOV8-Post-Process, Score threshold: 0.200, IoU threshold: 0.70, Classes: 80, Cross classes: false, NMS results order: BY_CLASS, Max bboxes per class: 100, Image height: 640, Image width: 640)
[2026-08-18 03:30:49.550] [1875876] [HailoRT] [info] [queue_elements.cpp:942] [create] Created (MultiPushQEl0YOLOV8-Post-Process | timeout: 10s)
[2026-08-18 03:30:49.550] [1875876] [HailoRT] [info] [edge_elements.cpp:187] [create] Created (LastAsyncEl0NmsPPMuxEl0YOLOV8-Post-Process)
[2026-08-18 03:30:49.550] [1875876] [HailoRT] [info] [pipeline.cpp:891] [print_deep_description] EntryPushQEl0yolov8s/input_layer1 | inputs: user | outputs: PreInferEl3yolov8s/input_layer1(running in thread_id: 1878905)
[2026-08-18 03:30:49.550] [1875876] [HailoRT] [info] [pipeline.cpp:891] [print_deep_description] PreInferEl3yolov8s/input_layer1 | inputs: EntryPushQEl0yolov8s/input_layer1[0] | outputs: PushQEl3yolov8s/input_layer1
[2026-08-18 03:30:49.550] [1875876] [HailoRT] [info] [pipeline.cpp:891] [print_deep_description] PushQEl3yolov8s/input_layer1 | inputs: PreInferEl3yolov8s/input_layer1[0] | outputs: AsyncHwEl(running in thread_id: 1878906)
[2026-08-18 03:30:49.550] [1875876] [HailoRT] [info] [pipeline.cpp:891] [print_deep_description] AsyncHwEl | inputs: PushQEl3yolov8s/input_layer1[0] | outputs: MultiPushQEl0YOLOV8-Post-Process MultiPushQEl0YOLOV8-Post-Process MultiPushQEl0YOLOV8-Post-Process MultiPushQEl0YOLOV8-Post-Process MultiPushQEl0YOLOV8-Post-Process MultiPushQEl0YOLOV8-Post-Process
[2026-08-18 03:30:49.550] [1875876] [HailoRT] [info] [pipeline.cpp:891] [print_deep_description] MultiPushQEl0YOLOV8-Post-Process | inputs: AsyncHwEl[0] AsyncHwEl[1] AsyncHwEl[2] AsyncHwEl[3] AsyncHwEl[4] AsyncHwEl[5] | outputs: NmsPPMuxEl0YOLOV8-Post-Process(running in thread_id: 1878907)
[2026-08-18 03:30:49.550] [1875876] [HailoRT] [info] [pipeline.cpp:891] [print_deep_description] NmsPPMuxEl0YOLOV8-Post-Process | inputs: MultiPushQEl0YOLOV8-Post-Process[0] | outputs: LastAsyncEl0NmsPPMuxEl0YOLOV8-Post-Process
[2026-08-18 03:30:49.550] [1875876] [HailoRT] [info] [pipeline.cpp:891] [print_deep_description] LastAsyncEl0NmsPPMuxEl0YOLOV8-Post-Process | inputs: NmsPPMuxEl0YOLOV8-Post-Process[0] | outputs: user
[2026-08-18 03:30:49.802] [1876448] [HailoRT] [info] [hef.cpp:1929] [get_network_group_and_network_name] No name was given. Addressing all networks of default network_group: yolov8s_pose
[2026-08-18 03:30:49.945] [1876450] [HailoRT] [info] [hef.cpp:1929] [get_network_group_and_network_name] No name was given. Addressing all networks of default network_group: yolov8s
[2026-08-18 03:54:41.215] [1875876] [HailoRT] [info] [async_infer_runner.cpp:86] [shutdown] Pipeline was aborted. Shutting it down
[2026-08-18 03:54:41.216] [1875876] [HailoRT] [info] [queue_elements.cpp:570] [execute_deactivate] enqueue() in element PushQEl4AsyncHwEl was aborted, got status = HAILO_SHUTDOWN_EVENT_SIGNALED(57)
[2026-08-18 03:54:41.216] [1875876] [HailoRT] [info] [queue_elements.cpp:570] [execute_deactivate] enqueue() in element PushQEl6AsyncHwEl was aborted, got status = HAILO_SHUTDOWN_EVENT_SIGNALED(57)
[2026-08-18 03:54:41.216] [1875876] [HailoRT] [info] [queue_elements.cpp:570] [execute_deactivate] enqueue() in element PushQEl7AsyncHwEl was aborted, got status = HAILO_SHUTDOWN_EVENT_SIGNALED(57)
[2026-08-18 03:54:41.216] [1875876] [HailoRT] [info] [queue_elements.cpp:570] [execute_deactivate] enqueue() in element PushQEl3yolov8s_pose/input_layer1 was aborted, got status = HAILO_SHUTDOWN_EVENT_SIGNALED(57)
[2026-08-18 03:54:41.216] [1875876] [HailoRT] [info] [queue_elements.cpp:570] [execute_deactivate] enqueue() in element EntryPushQEl0yolov8s_pose/input_layer1 was aborted, got status = HAILO_SHUTDOWN_EVENT_SIGNALED(57)
[2026-08-18 03:54:41.216] [1875876] [HailoRT] [info] [queue_elements.cpp:46] [~BaseQueueElement] Queue element EntryPushQEl0yolov8s_pose/input_layer1 has 0 frames in his Queue on destruction
[2026-08-18 03:54:41.216] [1875876] [HailoRT] [info] [queue_elements.cpp:46] [~BaseQueueElement] Queue element PushQEl3yolov8s_pose/input_layer1 has 0 frames in his Queue on destruction
[2026-08-18 03:54:41.216] [1875876] [HailoRT] [info] [queue_elements.cpp:46] [~BaseQueueElement] Queue element PushQEl4AsyncHwEl has 0 frames in his Queue on destruction
[2026-08-18 03:54:41.216] [1875876] [HailoRT] [info] [queue_elements.cpp:46] [~BaseQueueElement] Queue element PushQEl7AsyncHwEl has 0 frames in his Queue on destruction
[2026-08-18 03:54:41.216] [1875876] [HailoRT] [info] [queue_elements.cpp:46] [~BaseQueueElement] Queue element PushQEl6AsyncHwEl has 0 frames in his Queue on destruction
[2026-08-18 03:54:41.217] [1875876] [HailoRT] [info] [async_infer_runner.cpp:86] [shutdown] Pipeline was aborted. Shutting it down
[2026-08-18 03:54:41.229] [1878892] [HailoRT] [info] [network_group.cpp:857] [operator()] Infer request was aborted by user
[2026-08-18 03:54:41.229] [1875876] [HailoRT] [info] [queue_elements.cpp:1131] [execute_deactivate] enqueue() in element MultiPushQEl0YOLOV8-Post-Process was aborted, got status = HAILO_SHUTDOWN_EVENT_SIGNALED(57)
[2026-08-18 03:54:41.229] [1875876] [HailoRT] [info] [queue_elements.cpp:1131] [execute_deactivate] enqueue() in element MultiPushQEl0YOLOV8-Post-Process was aborted, got status = HAILO_SHUTDOWN_EVENT_SIGNALED(57)
[2026-08-18 03:54:41.229] [1875876] [HailoRT] [info] [queue_elements.cpp:1131] [execute_deactivate] enqueue() in element MultiPushQEl0YOLOV8-Post-Process was aborted, got status = HAILO_SHUTDOWN_EVENT_SIGNALED(57)
[2026-08-18 03:54:41.229] [1875876] [HailoRT] [info] [queue_elements.cpp:1131] [execute_deactivate] enqueue() in element MultiPushQEl0YOLOV8-Post-Process was aborted, got status = HAILO_SHUTDOWN_EVENT_SIGNALED(57)
[2026-08-18 03:54:41.229] [1875876] [HailoRT] [info] [queue_elements.cpp:1131] [execute_deactivate] enqueue() in element MultiPushQEl0YOLOV8-Post-Process was aborted, got status = HAILO_SHUTDOWN_EVENT_SIGNALED(57)
[2026-08-18 03:54:41.229] [1875876] [HailoRT] [info] [queue_elements.cpp:1131] [execute_deactivate] enqueue() in element MultiPushQEl0YOLOV8-Post-Process was aborted, got status = HAILO_SHUTDOWN_EVENT_SIGNALED(57)
[2026-08-18 03:54:41.229] [1875876] [HailoRT] [info] [queue_elements.cpp:570] [execute_deactivate] enqueue() in element PushQEl3yolov8s/input_layer1 was aborted, got status = HAILO_SHUTDOWN_EVENT_SIGNALED(57)
[2026-08-18 03:54:41.229] [1875876] [HailoRT] [info] [queue_elements.cpp:570] [execute_deactivate] enqueue() in element EntryPushQEl0yolov8s/input_layer1 was aborted, got status = HAILO_SHUTDOWN_EVENT_SIGNALED(57)
[2026-08-18 03:54:41.229] [1875876] [HailoRT] [info] [queue_elements.cpp:46] [~BaseQueueElement] Queue element EntryPushQEl0yolov8s/input_layer1 has 0 frames in his Queue on destruction
[2026-08-18 03:54:41.229] [1875876] [HailoRT] [info] [queue_elements.cpp:46] [~BaseQueueElement] Queue element PushQEl3yolov8s/input_layer1 has 0 frames in his Queue on destruction
[2026-08-18 03:54:41.325] [1875876] [HailoRT] [info] [vdevice.cpp:523] [create] Creating vdevice with params: device_count: 1, scheduling_algorithm: ROUND_ROBIN, multi_process_service: false
[2026-08-18 03:54:41.337] [1875876] [HailoRT] [info] [device.cpp:49] [Device] OS Version: Linux 6.12.34+rpt-rpi-2712 #1 SMP PREEMPT Debian 1:6.12.34-1+rpt1~bookworm (2025-06-26) aarch64
[2026-08-18 03:54:41.339] [1875876] [HailoRT] [info] [control.cpp:108] [control__parse_identify_results] firmware_version is: 4.20.0
[2026-08-18 03:54:41.339] [1875876] [HailoRT] [info] [vdevice.cpp:651] [create] VDevice Infos: 0001:03:00.0
[2026-08-18 03:54:41.377] [1875876] [HailoRT] [info] [hef.cpp:1929] [get_network_group_and_network_name] No name was given. Addressing all networks of default network_group: yolov8s
[2026-08-18 03:54:41.377] [1875876] [HailoRT] [info] [hef.cpp:1929] [get_network_group_and_network_name] No name was given. Addressing all networks of default network_group: yolov8s
[2026-08-18 03:54:41.406] [1875876] [HailoRT] [info] [vdevice.cpp:523] [create] Creating vdevice with params: device_count: 1, scheduling_algorithm: ROUND_ROBIN, multi_process_service: false
[2026-08-18 03:54:41.510] [1875876] [HailoRT] [info] [hef.cpp:1929] [get_network_group_and_network_name] No name was given. Addressing all networks of default network_group: yolov8s_pose
[2026-08-18 03:54:41.510] [1875876] [HailoRT] [info] [hef.cpp:1929] [get_network_group_and_network_name] No name was given. Addressing all networks of default network_group: yolov8s_pose
[2026-08-18 03:54:41.540] [1875876] [HailoRT] [warning] [device_internal.cpp:616] [check_hef_is_compatible] HEF was compiled for Hailo8L device, while the device itself is Hailo8. This will result in lower performance.
[2026-08-18 03:54:41.540] [1875876] [HailoRT] [warning] [device_internal.cpp:616] [check_hef_is_compatible] HEF was compiled for Hailo8L device, while the device itself is Hailo8. This will result in lower performance.
[2026-08-18 03:54:41.548] [1875876] [HailoRT] [info] [internal_buffer_manager.cpp:204] [print_execution_results] Planned internal buffer memory: CMA memory 0, user memory 3321344. memory to edge layer usage factor is 0.93083656
[2026-08-18 03:54:41.548] [1875876] [HailoRT] [info] [internal_buffer_manager.cpp:212] [print_execution_results] Default Internal buffer planner executed successfully
[2026-08-18 03:54:41.566] [1875876] [HailoRT] [info] [device_internal.cpp:57] [configure] Configuring HEF took 26.036866 milliseconds
[2026-08-18 03:54:41.566] [1875876] [HailoRT] [info] [vdevice.cpp:749] [configure] Configuring HEF on VDevice took 26.523421 milliseconds
[2026-08-18 03:54:41.566] [1875876] [HailoRT] [info] [infer_model.cpp:436] [configure] Configuring network group 'yolov8s_pose' with params: batch size: 0, power mode: PERFORMANCE, latency: NONE
[2026-08-18 03:54:41.566] [1875876] [HailoRT] [info] [multi_io_elements.cpp:756] [create] Created (AsyncHwEl)
[2026-08-18 03:54:41.566] [1875876] [HailoRT] [info] [queue_elements.cpp:450] [create] Created (EntryPushQEl0yolov8s_pose/input_layer1 | timeout: 10s)
[2026-08-18 03:54:41.566] [1875876] [HailoRT] [info] [filter_elements.cpp:101] [create] Created (PreInferEl3yolov8s_pose/input_layer1 | Reorder - src_order: RGB4, src_shape: (640, 640, 3), dst_order: NHWC, dst_shape: (640, 640, 3))
[2026-08-18 03:54:41.566] [1875876] [HailoRT] [info] [queue_elements.cpp:450] [create] Created (PushQEl3yolov8s_pose/input_layer1 | timeout: 10s)
[2026-08-18 03:54:41.566] [1875876] [HailoRT] [info] [edge_elements.cpp:187] [create] Created (LastAsyncEl3AsyncHwEl)
[2026-08-18 03:54:41.566] [1875876] [HailoRT] [info] [queue_elements.cpp:450] [create] Created (PushQEl4AsyncHwEl | timeout: 10s)
[2026-08-18 03:54:41.566] [1875876] [HailoRT] [info] [filter_elements.cpp:375] [create] Created (PostInferEl4AsyncHwEl | Reorder - src_order: FCR, src_shape: (20, 20, 56), dst_order: FCR, dst_shape: (20, 20, 51))
[2026-08-18 03:54:41.566] [1875876] [HailoRT] [info] [edge_elements.cpp:187] [create] Created (LastAsyncEl0PostInferEl4AsyncHwEl)
[2026-08-18 03:54:41.566] [1875876] [HailoRT] [info] [edge_elements.cpp:187] [create] Created (LastAsyncEl5AsyncHwEl)
[2026-08-18 03:54:41.566] [1875876] [HailoRT] [info] [edge_elements.cpp:187] [create] Created (LastAsyncEl0AsyncHwEl)
[2026-08-18 03:54:41.566] [1875876] [HailoRT] [info] [edge_elements.cpp:187] [create] Created (LastAsyncEl1AsyncHwEl)
[2026-08-18 03:54:41.566] [1875876] [HailoRT] [info] [edge_elements.cpp:187] [create] Created (LastAsyncEl2AsyncHwEl)
[2026-08-18 03:54:41.567] [1875876] [HailoRT] [info] [queue_elements.cpp:450] [create] Created (PushQEl7AsyncHwEl | timeout: 10s)
[2026-08-18 03:54:41.567] [1875876] [HailoRT] [info] [filter_elements.cpp:375] [create] Created (PostInferEl7AsyncHwEl | Reorder - src_order: FCR, src_shape: (40, 40, 56), dst_order: FCR, dst_shape: (40, 40, 51))
[2026-08-18 03:54:41.567] [1875876] [HailoRT] [info] [edge_elements.cpp:187] [create] Created (LastAsyncEl0PostInferEl7AsyncHwEl)
[2026-08-18 03:54:41.567] [1875876] [HailoRT] [info] [edge_elements.cpp:187] [create] Created (LastAsyncEl8AsyncHwEl)
[2026-08-18 03:54:41.567] [1875876] [HailoRT] [info] [queue_elements.cpp:450] [create] Created (PushQEl6AsyncHwEl | timeout: 10s)
[2026-08-18 03:54:41.567] [1875876] [HailoRT] [info] [filter_elements.cpp:375] [create] Created (PostInferEl6AsyncHwEl | Reorder - src_order: FCR, src_shape: (80, 80, 56), dst_order: FCR, dst_shape: (80, 80, 51))
[2026-08-18 03:54:41.567] [1875876] [HailoRT] [info] [edge_elements.cpp:187] [create] Created (LastAsyncEl0PostInferEl6AsyncHwEl)
[2026-08-18 03:54:41.567] [1875876] [HailoRT] [info] [pipeline.cpp:891] [print_deep_description] EntryPushQEl0yolov8s_pose/input_layer1 | inputs: user | outputs: PreInferEl3yolov8s_pose/input_layer1(running in thread_id: 1883063)
[2026-08-18 03:54:41.567] [1875876] [HailoRT] [info] [pipeline.cpp:891] [print_deep_description] PreInferEl3yolov8s_pose/input_layer1 | inputs: EntryPushQEl0yolov8s_pose/input_layer1[0] | outputs: PushQEl3yolov8s_pose/input_layer1
[2026-08-18 03:54:41.567] [1875876] [HailoRT] [info] [pipeline.cpp:891] [print_deep_description] PushQEl3yolov8s_pose/input_layer1 | inputs: PreInferEl3yolov8s_pose/input_layer1[0] | outputs: AsyncHwEl(running in thread_id: 1883064)
[2026-08-18 03:54:41.567] [1875876] [HailoRT] [info] [pipeline.cpp:891] [print_deep_description] AsyncHwEl | inputs: PushQEl3yolov8s_pose/input_layer1[0] | outputs: LastAsyncEl0AsyncHwEl LastAsyncEl1AsyncHwEl LastAsyncEl2AsyncHwEl LastAsyncEl3AsyncHwEl PushQEl4AsyncHwEl LastAsyncEl5AsyncHwEl PushQEl6AsyncHwEl PushQEl7AsyncHwEl LastAsyncEl8AsyncHwEl
[2026-08-18 03:54:41.567] [1875876] [HailoRT] [info] [pipeline.cpp:891] [print_deep_description] LastAsyncEl0AsyncHwEl | inputs: AsyncHwEl[0] | outputs: user
[2026-08-18 03:54:41.567] [1875876] [HailoRT] [info] [pipeline.cpp:891] [print_deep_description] LastAsyncEl1AsyncHwEl | inputs: AsyncHwEl[0] | outputs: user
[2026-08-18 03:54:41.567] [1875876] [HailoRT] [info] [pipeline.cpp:891] [print_deep_description] LastAsyncEl2AsyncHwEl | inputs: AsyncHwEl[0] | outputs: user
[2026-08-18 03:54:41.567] [1875876] [HailoRT] [info] [pipeline.cpp:891] [print_deep_description] LastAsyncEl3AsyncHwEl | inputs: AsyncHwEl[0] | outputs: user
[2026-08-18 03:54:41.567] [1875876] [HailoRT] [info] [pipeline.cpp:891] [print_deep_description] PushQEl4AsyncHwEl | inputs: AsyncHwEl[0] | outputs: PostInferEl4AsyncHwEl(running in thread_id: 1883065)
[2026-08-18 03:54:41.567] [1875876] [HailoRT] [info] [pipeline.cpp:891] [print_deep_description] PostInferEl4AsyncHwEl | inputs: PushQEl4AsyncHwEl[0] | outputs: LastAsyncEl0PostInferEl4AsyncHwEl
[2026-08-18 03:54:41.567] [1875876] [HailoRT] [info] [pipeline.cpp:891] [print_deep_description] LastAsyncEl0PostInferEl4AsyncHwEl | inputs: PostInferEl4AsyncHwEl[0] | outputs: user
[2026-08-18 03:54:41.567] [1875876] [HailoRT] [info] [pipeline.cpp:891] [print_deep_description] LastAsyncEl5AsyncHwEl | inputs: AsyncHwEl[0] | outputs: user
[2026-08-18 03:54:41.567] [1875876] [HailoRT] [info] [pipeline.cpp:891] [print_deep_description] PushQEl6AsyncHwEl | inputs: AsyncHwEl[0] | outputs: PostInferEl6AsyncHwEl(running in thread_id: 1883067)
[2026-08-18 03:54:41.567] [1875876] [HailoRT] [info] [pipeline.cpp:891] [print_deep_description] PostInferEl6AsyncHwEl | inputs: PushQEl6AsyncHwEl[0] | outputs: LastAsyncEl0PostInferEl6AsyncHwEl
[2026-08-18 03:54:41.567] [1875876] [HailoRT] [info] [pipeline.cpp:891] [print_deep_description] LastAsyncEl0PostInferEl6AsyncHwEl | inputs: PostInferEl6AsyncHwEl[0] | outputs: user
[2026-08-18 03:54:41.567] [1875876] [HailoRT] [info] [pipeline.cpp:891] [print_deep_description] PushQEl7AsyncHwEl | inputs: AsyncHwEl[0] | outputs: PostInferEl7AsyncHwEl(running in thread_id: 1883066)
[2026-08-18 03:54:41.567] [1875876] [HailoRT] [info] [pipeline.cpp:891] [print_deep_description] PostInferEl7AsyncHwEl | inputs: PushQEl7AsyncHwEl[0] | outputs: LastAsyncEl0PostInferEl7AsyncHwEl
[2026-08-18 03:54:41.567] [1875876] [HailoRT] [info] [pipeline.cpp:891] [print_deep_description] LastAsyncEl0PostInferEl7AsyncHwEl | inputs: PostInferEl7AsyncHwEl[0] | outputs: user
[2026-08-18 03:54:41.567] [1875876] [HailoRT] [info] [pipeline.cpp:891] [print_deep_description] LastAsyncEl8AsyncHwEl | inputs: AsyncHwEl[0] | outputs: user
[2026-08-18 03:54:41.570] [1875876] [HailoRT] [info] [internal_buffer_manager.cpp:202] [print_execution_results] Default Internal buffer planner failed to meet requirements
[2026-08-18 03:54:41.570] [1875876] [HailoRT] [info] [internal_buffer_manager.cpp:212] [print_execution_results] Default Internal buffer planner executed successfully
[2026-08-18 03:54:41.580] [1875876] [HailoRT] [info] [device_internal.cpp:57] [configure] Configuring HEF took 11.81903 milliseconds
[2026-08-18 03:54:41.581] [1875876] [HailoRT] [info] [vdevice.cpp:749] [configure] Configuring HEF on VDevice took 12.21701 milliseconds
[2026-08-18 03:54:41.581] [1875876] [HailoRT] [info] [infer_model.cpp:436] [configure] Configuring network group 'yolov8s' with params: batch size: 0, power mode: PERFORMANCE, latency: NONE
[2026-08-18 03:54:41.581] [1875876] [HailoRT] [info] [multi_io_elements.cpp:756] [create] Created (AsyncHwEl)
[2026-08-18 03:54:41.581] [1875876] [HailoRT] [info] [queue_elements.cpp:450] [create] Created (EntryPushQEl0yolov8s/input_layer1 | timeout: 10s)
[2026-08-18 03:54:41.581] [1875876] [HailoRT] [info] [filter_elements.cpp:101] [create] Created (PreInferEl3yolov8s/input_layer1 | Reorder - src_order: RGB4, src_shape: (640, 640, 3), dst_order: NHCW, dst_shape: (640, 640, 3))
[2026-08-18 03:54:41.581] [1875876] [HailoRT] [info] [queue_elements.cpp:450] [create] Created (PushQEl3yolov8s/input_layer1 | timeout: 10s)
[2026-08-18 03:54:41.581] [1875876] [HailoRT] [info] [multi_io_elements.cpp:135] [create] Created (NmsPPMuxEl0YOLOV8-Post-Process | Op YOLOV8, Name: YOLOV8-Post-Process, Score threshold: 0.200, IoU threshold: 0.70, Classes: 80, Cross classes: false, NMS results order: BY_CLASS, Max bboxes per class: 100, Image height: 640, Image width: 640)
[2026-08-18 03:54:41.581] [1875876] [HailoRT] [info] [queue_elements.cpp:942] [create] Created (MultiPushQEl0YOLOV8-Post-Process | timeout: 10s)
[2026-08-18 03:54:41.581] [1875876] [HailoRT] [info] [edge_elements.cpp:187] [create] Created (LastAsyncEl0NmsPPMuxEl0YOLOV8-Post-Process)
[2026-08-18 03:54:41.581] [1875876] [HailoRT] [info] [pipeline.cpp:891] [print_deep_description] EntryPushQEl0yolov8s/input_layer1 | inputs: user | outputs: PreInferEl3yolov8s/input_layer1(running in thread_id: 1883068)
[2026-08-18 03:54:41.581] [1875876] [HailoRT] [info] [pipeline.cpp:891] [print_deep_description] PreInferEl3yolov8s/input_layer1 | inputs: EntryPushQEl0yolov8s/input_layer1[0] | outputs: PushQEl3yolov8s/input_layer1
[2026-08-18 03:54:41.581] [1875876] [HailoRT] [info] [pipeline.cpp:891] [print_deep_description] PushQEl3yolov8s/input_layer1 | inputs: PreInferEl3yolov8s/input_layer1[0] | outputs: AsyncHwEl(running in thread_id: 1883069)
[2026-08-18 03:54:41.581] [1875876] [HailoRT] [info] [pipeline.cpp:891] [print_deep_description] AsyncHwEl | inputs: PushQEl3yolov8s/input_layer1[0] | outputs: MultiPushQEl0YOLOV8-Post-Process MultiPushQEl0YOLOV8-Post-Process MultiPushQEl0YOLOV8-Post-Process MultiPushQEl0YOLOV8-Post-Process MultiPushQEl0YOLOV8-Post-Process MultiPushQEl0YOLOV8-Post-Process
[2026-08-18 03:54:41.581] [1875876] [HailoRT] [info] [pipeline.cpp:891] [print_deep_description] MultiPushQEl0YOLOV8-Post-Process | inputs: AsyncHwEl[0] AsyncHwEl[1] AsyncHwEl[2] AsyncHwEl[3] AsyncHwEl[4] AsyncHwEl[5] | outputs: NmsPPMuxEl0YOLOV8-Post-Process(running in thread_id: 1883070)
[2026-08-18 03:54:41.581] [1875876] [HailoRT] [info] [pipeline.cpp:891] [print_deep_description] NmsPPMuxEl0YOLOV8-Post-Process | inputs: MultiPushQEl0YOLOV8-Post-Process[0] | outputs: LastAsyncEl0NmsPPMuxEl0YOLOV8-Post-Process
[2026-08-18 03:54:41.581] [1875876] [HailoRT] [info] [pipeline.cpp:891] [print_deep_description] LastAsyncEl0NmsPPMuxEl0YOLOV8-Post-Process | inputs: NmsPPMuxEl0YOLOV8-Post-Process[0] | outputs: user
[2026-08-18 03:54:41.904] [1876448] [HailoRT] [info] [hef.cpp:1929] [get_network_group_and_network_name] No name was given. Addressing all networks of default network_group: yolov8s_pose
[2026-08-18 03:54:41.970] [1876451] [HailoRT] [info] [hef.cpp:1929] [get_network_group_and_network_name] No name was given. Addressing all networks of default network_group: yolov8s
[2026-08-18 04:07:15.125] [1875876] [HailoRT] [info] [async_infer_runner.cpp:86] [shutdown] Pipeline was aborted. Shutting it down
[2026-08-18 04:07:15.127] [1875876] [HailoRT] [info] [queue_elements.cpp:570] [execute_deactivate] enqueue() in element PushQEl4AsyncHwEl was aborted, got status = HAILO_SHUTDOWN_EVENT_SIGNALED(57)
[2026-08-18 04:07:15.127] [1875876] [HailoRT] [info] [queue_elements.cpp:570] [execute_deactivate] enqueue() in element PushQEl6AsyncHwEl was aborted, got status = HAILO_SHUTDOWN_EVENT_SIGNALED(57)
[2026-08-18 04:07:15.127] [1875876] [HailoRT] [info] [queue_elements.cpp:570] [execute_deactivate] enqueue() in element PushQEl7AsyncHwEl was aborted, got status = HAILO_SHUTDOWN_EVENT_SIGNALED(57)
[2026-08-18 04:07:15.127] [1875876] [HailoRT] [info] [queue_elements.cpp:570] [execute_deactivate] enqueue() in element PushQEl3yolov8s_pose/input_layer1 was aborted, got status = HAILO_SHUTDOWN_EVENT_SIGNALED(57)
[2026-08-18 04:07:15.127] [1875876] [HailoRT] [info] [queue_elements.cpp:570] [execute_deactivate] enqueue() in element EntryPushQEl0yolov8s_pose/input_layer1 was aborted, got status = HAILO_SHUTDOWN_EVENT_SIGNALED(57)
[2026-08-18 04:07:15.127] [1875876] [HailoRT] [info] [queue_elements.cpp:46] [~BaseQueueElement] Queue element EntryPushQEl0yolov8s_pose/input_layer1 has 0 frames in his Queue on destruction
[2026-08-18 04:07:15.127] [1875876] [HailoRT] [info] [queue_elements.cpp:46] [~BaseQueueElement] Queue element PushQEl3yolov8s_pose/input_layer1 has 0 frames in his Queue on destruction
[2026-08-18 04:07:15.128] [1875876] [HailoRT] [info] [queue_elements.cpp:46] [~BaseQueueElement] Queue element PushQEl4AsyncHwEl has 0 frames in his Queue on destruction
[2026-08-18 04:07:15.128] [1875876] [HailoRT] [info] [queue_elements.cpp:46] [~BaseQueueElement] Queue element PushQEl7AsyncHwEl has 0 frames in his Queue on destruction
[2026-08-18 04:07:15.128] [1875876] [HailoRT] [info] [queue_elements.cpp:46] [~BaseQueueElement] Queue element PushQEl6AsyncHwEl has 0 frames in his Queue on destruction
[2026-08-18 04:07:15.128] [1875876] [HailoRT] [info] [async_infer_runner.cpp:86] [shutdown] Pipeline was aborted. Shutting it down
[2026-08-18 04:07:15.134] [1883055] [HailoRT] [info] [network_group.cpp:857] [operator()] Infer request was aborted by user
[2026-08-18 04:07:15.134] [1875876] [HailoRT] [info] [queue_elements.cpp:1131] [execute_deactivate] enqueue() in element MultiPushQEl0YOLOV8-Post-Process was aborted, got status = HAILO_SHUTDOWN_EVENT_SIGNALED(57)
[2026-08-18 04:07:15.134] [1875876] [HailoRT] [info] [queue_elements.cpp:1131] [execute_deactivate] enqueue() in element MultiPushQEl0YOLOV8-Post-Process was aborted, got status = HAILO_SHUTDOWN_EVENT_SIGNALED(57)
[2026-08-18 04:07:15.134] [1875876] [HailoRT] [info] [queue_elements.cpp:1131] [execute_deactivate] enqueue() in element MultiPushQEl0YOLOV8-Post-Process was aborted, got status = HAILO_SHUTDOWN_EVENT_SIGNALED(57)
[2026-08-18 04:07:15.134] [1875876] [HailoRT] [info] [queue_elements.cpp:1131] [execute_deactivate] enqueue() in element MultiPushQEl0YOLOV8-Post-Process was aborted, got status = HAILO_SHUTDOWN_EVENT_SIGNALED(57)
[2026-08-18 04:07:15.134] [1875876] [HailoRT] [info] [queue_elements.cpp:1131] [execute_deactivate] enqueue() in element MultiPushQEl0YOLOV8-Post-Process was aborted, got status = HAILO_SHUTDOWN_EVENT_SIGNALED(57)
[2026-08-18 04:07:15.134] [1875876] [HailoRT] [info] [queue_elements.cpp:1131] [execute_deactivate] enqueue() in element MultiPushQEl0YOLOV8-Post-Process was aborted, got status = HAILO_SHUTDOWN_EVENT_SIGNALED(57)
[2026-08-18 04:07:15.134] [1875876] [HailoRT] [info] [queue_elements.cpp:570] [execute_deactivate] enqueue() in element PushQEl3yolov8s/input_layer1 was aborted, got status = HAILO_SHUTDOWN_EVENT_SIGNALED(57)
[2026-08-18 04:07:15.134] [1875876] [HailoRT] [info] [queue_elements.cpp:570] [execute_deactivate] enqueue() in element EntryPushQEl0yolov8s/input_layer1 was aborted, got status = HAILO_SHUTDOWN_EVENT_SIGNALED(57)
[2026-08-18 04:07:15.134] [1875876] [HailoRT] [info] [queue_elements.cpp:46] [~BaseQueueElement] Queue element EntryPushQEl0yolov8s/input_layer1 has 0 frames in his Queue on destruction
[2026-08-18 04:07:15.134] [1875876] [HailoRT] [info] [queue_elements.cpp:46] [~BaseQueueElement] Queue element PushQEl3yolov8s/input_layer1 has 0 frames in his Queue on destruction
[2026-08-18 04:07:15.238] [1875876] [HailoRT] [info] [vdevice.cpp:523] [create] Creating vdevice with params: device_count: 1, scheduling_algorithm: ROUND_ROBIN, multi_process_service: false
[2026-08-18 04:07:15.250] [1875876] [HailoRT] [info] [device.cpp:49] [Device] OS Version: Linux 6.12.34+rpt-rpi-2712 #1 SMP PREEMPT Debian 1:6.12.34-1+rpt1~bookworm (2025-06-26) aarch64
[2026-08-18 04:07:15.251] [1875876] [HailoRT] [info] [control.cpp:108] [control__parse_identify_results] firmware_version is: 4.20.0
[2026-08-18 04:07:15.251] [1875876] [HailoRT] [info] [vdevice.cpp:651] [create] VDevice Infos: 0001:03:00.0
[2026-08-18 04:07:15.291] [1875876] [HailoRT] [info] [hef.cpp:1929] [get_network_group_and_network_name] No name was given. Addressing all networks of default network_group: yolov8s
[2026-08-18 04:07:15.291] [1875876] [HailoRT] [info] [hef.cpp:1929] [get_network_group_and_network_name] No name was given. Addressing all networks of default network_group: yolov8s
[2026-08-18 04:07:15.319] [1875876] [HailoRT] [info] [vdevice.cpp:523] [create] Creating vdevice with params: device_count: 1, scheduling_algorithm: ROUND_ROBIN, multi_process_service: false
[2026-08-18 04:07:15.423] [1875876] [HailoRT] [info] [hef.cpp:1929] [get_network_group_and_network_name] No name was given. Addressing all networks of default network_group: yolov8s_pose
[2026-08-18 04:07:15.423] [1875876] [HailoRT] [info] [hef.cpp:1929] [get_network_group_and_network_name] No name was given. Addressing all networks of default network_group: yolov8s_pose
[2026-08-18 04:07:15.445] [1875876] [HailoRT] [warning] [device_internal.cpp:616] [check_hef_is_compatible] HEF was compiled for Hailo8L device, while the device itself is Hailo8. This will result in lower performance.
[2026-08-18 04:07:15.446] [1875876] [HailoRT] [warning] [device_internal.cpp:616] [check_hef_is_compatible] HEF was compiled for Hailo8L device, while the device itself is Hailo8. This will result in lower performance.
[2026-08-18 04:07:15.452] [1875876] [HailoRT] [info] [internal_buffer_manager.cpp:204] [print_execution_results] Planned internal buffer memory: CMA memory 0, user memory 3321344. memory to edge layer usage factor is 0.93083656
[2026-08-18 04:07:15.452] [1875876] [HailoRT] [info] [internal_buffer_manager.cpp:212] [print_execution_results] Default Internal buffer planner executed successfully
[2026-08-18 04:07:15.469] [1875876] [HailoRT] [info] [device_internal.cpp:57] [configure] Configuring HEF took 23.566474 milliseconds
[2026-08-18 04:07:15.469] [1875876] [HailoRT] [info] [vdevice.cpp:749] [configure] Configuring HEF on VDevice took 24.076121 milliseconds
[2026-08-18 04:07:15.469] [1875876] [HailoRT] [info] [infer_model.cpp:436] [configure] Configuring network group 'yolov8s_pose' with params: batch size: 0, power mode: PERFORMANCE, latency: NONE
[2026-08-18 04:07:15.469] [1875876] [HailoRT] [info] [multi_io_elements.cpp:756] [create] Created (AsyncHwEl)
[2026-08-18 04:07:15.469] [1875876] [HailoRT] [info] [queue_elements.cpp:450] [create] Created (EntryPushQEl0yolov8s_pose/input_layer1 | timeout: 10s)
[2026-08-18 04:07:15.469] [1875876] [HailoRT] [info] [filter_elements.cpp:101] [create] Created (PreInferEl3yolov8s_pose/input_layer1 | Reorder - src_order: RGB4, src_shape: (640, 640, 3), dst_order: NHWC, dst_shape: (640, 640, 3))
[2026-08-18 04:07:15.469] [1875876] [HailoRT] [info] [queue_elements.cpp:450] [create] Created (PushQEl3yolov8s_pose/input_layer1 | timeout: 10s)
[2026-08-18 04:07:15.470] [1875876] [HailoRT] [info] [edge_elements.cpp:187] [create] Created (LastAsyncEl3AsyncHwEl)
[2026-08-18 04:07:15.470] [1875876] [HailoRT] [info] [queue_elements.cpp:450] [create] Created (PushQEl4AsyncHwEl | timeout: 10s)
[2026-08-18 04:07:15.470] [1875876] [HailoRT] [info] [filter_elements.cpp:375] [create] Created (PostInferEl4AsyncHwEl | Reorder - src_order: FCR, src_shape: (20, 20, 56), dst_order: FCR, dst_shape: (20, 20, 51))
[2026-08-18 04:07:15.470] [1875876] [HailoRT] [info] [edge_elements.cpp:187] [create] Created (LastAsyncEl0PostInferEl4AsyncHwEl)
[2026-08-18 04:07:15.470] [1875876] [HailoRT] [info] [edge_elements.cpp:187] [create] Created (LastAsyncEl5AsyncHwEl)
[2026-08-18 04:07:15.470] [1875876] [HailoRT] [info] [edge_elements.cpp:187] [create] Created (LastAsyncEl0AsyncHwEl)
[2026-08-18 04:07:15.470] [1875876] [HailoRT] [info] [edge_elements.cpp:187] [create] Created (LastAsyncEl1AsyncHwEl)
[2026-08-18 04:07:15.470] [1875876] [HailoRT] [info] [edge_elements.cpp:187] [create] Created (LastAsyncEl2AsyncHwEl)
[2026-08-18 04:07:15.470] [1875876] [HailoRT] [info] [queue_elements.cpp:450] [create] Created (PushQEl7AsyncHwEl | timeout: 10s)
[2026-08-18 04:07:15.470] [1875876] [HailoRT] [info] [filter_elements.cpp:375] [create] Created (PostInferEl7AsyncHwEl | Reorder - src_order: FCR, src_shape: (40, 40, 56), dst_order: FCR, dst_shape: (40, 40, 51))
[2026-08-18 04:07:15.470] [1875876] [HailoRT] [info] [edge_elements.cpp:187] [create] Created (LastAsyncEl0PostInferEl7AsyncHwEl)
[2026-08-18 04:07:15.470] [1875876] [HailoRT] [info] [edge_elements.cpp:187] [create] Created (LastAsyncEl8AsyncHwEl)
[2026-08-18 04:07:15.470] [1875876] [HailoRT] [info] [queue_elements.cpp:450] [create] Created (PushQEl6AsyncHwEl | timeout: 10s)
[2026-08-18 04:07:15.470] [1875876] [HailoRT] [info] [filter_elements.cpp:375] [create] Created (PostInferEl6AsyncHwEl | Reorder - src_order: FCR, src_shape: (80, 80, 56), dst_order: FCR, dst_shape: (80, 80, 51))
[2026-08-18 04:07:15.470] [1875876] [HailoRT] [info] [edge_elements.cpp:187] [create] Created (LastAsyncEl0PostInferEl6AsyncHwEl)
[2026-08-18 04:07:15.470] [1875876] [HailoRT] [info] [pipeline.cpp:891] [print_deep_description] EntryPushQEl0yolov8s_pose/input_layer1 | inputs: user | outputs: PreInferEl3yolov8s_pose/input_layer1(running in thread_id: 1885539)
[2026-08-18 04:07:15.470] [1875876] [HailoRT] [info] [pipeline.cpp:891] [print_deep_description] PreInferEl3yolov8s_pose/input_layer1 | inputs: EntryPushQEl0yolov8s_pose/input_layer1[0] | outputs: PushQEl3yolov8s_pose/input_layer1
[2026-08-18 04:07:15.470] [1875876] [HailoRT] [info] [pipeline.cpp:891] [print_deep_description] PushQEl3yolov8s_pose/input_layer1 | inputs: PreInferEl3yolov8s_pose/input_layer1[0] | outputs: AsyncHwEl(running in thread_id: 1885540)
[2026-08-18 04:07:15.470] [1875876] [HailoRT] [info] [pipeline.cpp:891] [print_deep_description] AsyncHwEl | inputs: PushQEl3yolov8s_pose/input_layer1[0] | outputs: LastAsyncEl0AsyncHwEl LastAsyncEl1AsyncHwEl LastAsyncEl2AsyncHwEl LastAsyncEl3AsyncHwEl PushQEl4AsyncHwEl LastAsyncEl5AsyncHwEl PushQEl6AsyncHwEl PushQEl7AsyncHwEl LastAsyncEl8AsyncHwEl
[2026-08-18 04:07:15.470] [1875876] [HailoRT] [info] [pipeline.cpp:891] [print_deep_description] LastAsyncEl0AsyncHwEl | inputs: AsyncHwEl[0] | outputs: user
[2026-08-18 04:07:15.470] [1875876] [HailoRT] [info] [pipeline.cpp:891] [print_deep_description] LastAsyncEl1AsyncHwEl | inputs: AsyncHwEl[0] | outputs: user
[2026-08-18 04:07:15.470] [1875876] [HailoRT] [info] [pipeline.cpp:891] [print_deep_description] LastAsyncEl2AsyncHwEl | inputs: AsyncHwEl[0] | outputs: user
[2026-08-18 04:07:15.470] [1875876] [HailoRT] [info] [pipeline.cpp:891] [print_deep_description] LastAsyncEl3AsyncHwEl | inputs: AsyncHwEl[0] | outputs: user
[2026-08-18 04:07:15.470] [1875876] [HailoRT] [info] [pipeline.cpp:891] [print_deep_description] PushQEl4AsyncHwEl | inputs: AsyncHwEl[0] | outputs: PostInferEl4AsyncHwEl(running in thread_id: 1885541)
[2026-08-18 04:07:15.470] [1875876] [HailoRT] [info] [pipeline.cpp:891] [print_deep_description] PostInferEl4AsyncHwEl | inputs: PushQEl4AsyncHwEl[0] | outputs: LastAsyncEl0PostInferEl4AsyncHwEl
[2026-08-18 04:07:15.470] [1875876] [HailoRT] [info] [pipeline.cpp:891] [print_deep_description] LastAsyncEl0PostInferEl4AsyncHwEl | inputs: PostInferEl4AsyncHwEl[0] | outputs: user
[2026-08-18 04:07:15.470] [1875876] [HailoRT] [info] [pipeline.cpp:891] [print_deep_description] LastAsyncEl5AsyncHwEl | inputs: AsyncHwEl[0] | outputs: user
[2026-08-18 04:07:15.470] [1875876] [HailoRT] [info] [pipeline.cpp:891] [print_deep_description] PushQEl6AsyncHwEl | inputs: AsyncHwEl[0] | outputs: PostInferEl6AsyncHwEl(running in thread_id: 1885543)
[2026-08-18 04:07:15.470] [1875876] [HailoRT] [info] [pipeline.cpp:891] [print_deep_description] PostInferEl6AsyncHwEl | inputs: PushQEl6AsyncHwEl[0] | outputs: LastAsyncEl0PostInferEl6AsyncHwEl
[2026-08-18 04:07:15.470] [1875876] [HailoRT] [info] [pipeline.cpp:891] [print_deep_description] LastAsyncEl0PostInferEl6AsyncHwEl | inputs: PostInferEl6AsyncHwEl[0] | outputs: user
[2026-08-18 04:07:15.470] [1875876] [HailoRT] [info] [pipeline.cpp:891] [print_deep_description] PushQEl7AsyncHwEl | inputs: AsyncHwEl[0] | outputs: PostInferEl7AsyncHwEl(running in thread_id: 1885542)
[2026-08-18 04:07:15.470] [1875876] [HailoRT] [info] [pipeline.cpp:891] [print_deep_description] PostInferEl7AsyncHwEl | inputs: PushQEl7AsyncHwEl[0] | outputs: LastAsyncEl0PostInferEl7AsyncHwEl
[2026-08-18 04:07:15.470] [1875876] [HailoRT] [info] [pipeline.cpp:891] [print_deep_description] LastAsyncEl0PostInferEl7AsyncHwEl | inputs: PostInferEl7AsyncHwEl[0] | outputs: user
[2026-08-18 04:07:15.470] [1875876] [HailoRT] [info] [pipeline.cpp:891] [print_deep_description] LastAsyncEl8AsyncHwEl | inputs: AsyncHwEl[0] | outputs: user
[2026-08-18 04:07:15.473] [1875876] [HailoRT] [info] [internal_buffer_manager.cpp:202] [print_execution_results] Default Internal buffer planner failed to meet requirements
[2026-08-18 04:07:15.473] [1875876] [HailoRT] [info] [internal_buffer_manager.cpp:212] [print_execution_results] Default Internal buffer planner executed successfully
[2026-08-18 04:07:15.484] [1875876] [HailoRT] [info] [device_internal.cpp:57] [configure] Configuring HEF took 12.419134 milliseconds
[2026-08-18 04:07:15.484] [1875876] [HailoRT] [info] [vdevice.cpp:749] [configure] Configuring HEF on VDevice took 12.830207 milliseconds
[2026-08-18 04:07:15.484] [1875876] [HailoRT] [info] [infer_model.cpp:436] [configure] Configuring network group 'yolov8s' with params: batch size: 0, power mode: PERFORMANCE, latency: NONE
[2026-08-18 04:07:15.484] [1875876] [HailoRT] [info] [multi_io_elements.cpp:756] [create] Created (AsyncHwEl)
[2026-08-18 04:07:15.485] [1875876] [HailoRT] [info] [queue_elements.cpp:450] [create] Created (EntryPushQEl0yolov8s/input_layer1 | timeout: 10s)
[2026-08-18 04:07:15.485] [1875876] [HailoRT] [info] [filter_elements.cpp:101] [create] Created (PreInferEl3yolov8s/input_layer1 | Reorder - src_order: RGB4, src_shape: (640, 640, 3), dst_order: NHCW, dst_shape: (640, 640, 3))
[2026-08-18 04:07:15.485] [1875876] [HailoRT] [info] [queue_elements.cpp:450] [create] Created (PushQEl3yolov8s/input_layer1 | timeout: 10s)
[2026-08-18 04:07:15.485] [1875876] [HailoRT] [info] [multi_io_elements.cpp:135] [create] Created (NmsPPMuxEl0YOLOV8-Post-Process | Op YOLOV8, Name: YOLOV8-Post-Process, Score threshold: 0.200, IoU threshold: 0.70, Classes: 80, Cross classes: false, NMS results order: BY_CLASS, Max bboxes per class: 100, Image height: 640, Image width: 640)
[2026-08-18 04:07:15.485] [1875876] [HailoRT] [info] [queue_elements.cpp:942] [create] Created (MultiPushQEl0YOLOV8-Post-Process | timeout: 10s)
[2026-08-18 04:07:15.485] [1875876] [HailoRT] [info] [edge_elements.cpp:187] [create] Created (LastAsyncEl0NmsPPMuxEl0YOLOV8-Post-Process)
[2026-08-18 04:07:15.485] [1875876] [HailoRT] [info] [pipeline.cpp:891] [print_deep_description] EntryPushQEl0yolov8s/input_layer1 | inputs: user | outputs: PreInferEl3yolov8s/input_layer1(running in thread_id: 1885544)
[2026-08-18 04:07:15.485] [1875876] [HailoRT] [info] [pipeline.cpp:891] [print_deep_description] PreInferEl3yolov8s/input_layer1 | inputs: EntryPushQEl0yolov8s/input_layer1[0] | outputs: PushQEl3yolov8s/input_layer1
[2026-08-18 04:07:15.485] [1875876] [HailoRT] [info] [pipeline.cpp:891] [print_deep_description] PushQEl3yolov8s/input_layer1 | inputs: PreInferEl3yolov8s/input_layer1[0] | outputs: AsyncHwEl(running in thread_id: 1885545)
[2026-08-18 04:07:15.485] [1875876] [HailoRT] [info] [pipeline.cpp:891] [print_deep_description] AsyncHwEl | inputs: PushQEl3yolov8s/input_layer1[0] | outputs: MultiPushQEl0YOLOV8-Post-Process MultiPushQEl0YOLOV8-Post-Process MultiPushQEl0YOLOV8-Post-Process MultiPushQEl0YOLOV8-Post-Process MultiPushQEl0YOLOV8-Post-Process MultiPushQEl0YOLOV8-Post-Process
[2026-08-18 04:07:15.485] [1875876] [HailoRT] [info] [pipeline.cpp:891] [print_deep_description] MultiPushQEl0YOLOV8-Post-Process | inputs: AsyncHwEl[0] AsyncHwEl[1] AsyncHwEl[2] AsyncHwEl[3] AsyncHwEl[4] AsyncHwEl[5] | outputs: NmsPPMuxEl0YOLOV8-Post-Process(running in thread_id: 1885546)
[2026-08-18 04:07:15.485] [1875876] [HailoRT] [info] [pipeline.cpp:891] [print_deep_description] NmsPPMuxEl0YOLOV8-Post-Process | inputs: MultiPushQEl0YOLOV8-Post-Process[0] | outputs: LastAsyncEl0NmsPPMuxEl0YOLOV8-Post-Process
[2026-08-18 04:07:15.485] [1875876] [HailoRT] [info] [pipeline.cpp:891] [print_deep_description] LastAsyncEl0NmsPPMuxEl0YOLOV8-Post-Process | inputs: NmsPPMuxEl0YOLOV8-Post-Process[0] | outputs: user
[2026-08-18 04:07:15.798] [1876448] [HailoRT] [info] [hef.cpp:1929] [get_network_group_and_network_name] No name was given. Addressing all networks of default network_group: yolov8s_pose
[2026-08-18 04:07:15.877] [1876472] [HailoRT] [info] [hef.cpp:1929] [get_network_group_and_network_name] No name was given. Addressing all networks of default network_group: yolov8s
[2026-08-18 04:10:55.643] [1875876] [HailoRT] [info] [async_infer_runner.cpp:86] [shutdown] Pipeline was aborted. Shutting it down
[2026-08-18 04:10:55.645] [1875876] [HailoRT] [info] [queue_elements.cpp:570] [execute_deactivate] enqueue() in element PushQEl4AsyncHwEl was aborted, got status = HAILO_SHUTDOWN_EVENT_SIGNALED(57)
[2026-08-18 04:10:55.645] [1875876] [HailoRT] [info] [queue_elements.cpp:570] [execute_deactivate] enqueue() in element PushQEl6AsyncHwEl was aborted, got status = HAILO_SHUTDOWN_EVENT_SIGNALED(57)
[2026-08-18 04:10:55.645] [1875876] [HailoRT] [info] [queue_elements.cpp:570] [execute_deactivate] enqueue() in element PushQEl7AsyncHwEl was aborted, got status = HAILO_SHUTDOWN_EVENT_SIGNALED(57)
[2026-08-18 04:10:55.645] [1875876] [HailoRT] [info] [queue_elements.cpp:570] [execute_deactivate] enqueue() in element PushQEl3yolov8s_pose/input_layer1 was aborted, got status = HAILO_SHUTDOWN_EVENT_SIGNALED(57)
[2026-08-18 04:10:55.645] [1875876] [HailoRT] [info] [queue_elements.cpp:570] [execute_deactivate] enqueue() in element EntryPushQEl0yolov8s_pose/input_layer1 was aborted, got status = HAILO_SHUTDOWN_EVENT_SIGNALED(57)
[2026-08-18 04:10:55.645] [1875876] [HailoRT] [info] [queue_elements.cpp:46] [~BaseQueueElement] Queue element EntryPushQEl0yolov8s_pose/input_layer1 has 0 frames in his Queue on destruction
[2026-08-18 04:10:55.645] [1875876] [HailoRT] [info] [queue_elements.cpp:46] [~BaseQueueElement] Queue element PushQEl3yolov8s_pose/input_layer1 has 0 frames in his Queue on destruction
[2026-08-18 04:10:55.645] [1875876] [HailoRT] [info] [queue_elements.cpp:46] [~BaseQueueElement] Queue element PushQEl4AsyncHwEl has 0 frames in his Queue on destruction
[2026-08-18 04:10:55.645] [1875876] [HailoRT] [info] [queue_elements.cpp:46] [~BaseQueueElement] Queue element PushQEl7AsyncHwEl has 0 frames in his Queue on destruction
[2026-08-18 04:10:55.646] [1875876] [HailoRT] [info] [queue_elements.cpp:46] [~BaseQueueElement] Queue element PushQEl6AsyncHwEl has 0 frames in his Queue on destruction
[2026-08-18 04:10:55.646] [1875876] [HailoRT] [info] [async_infer_runner.cpp:86] [shutdown] Pipeline was aborted. Shutting it down
[2026-08-18 04:10:55.654] [1885532] [HailoRT] [info] [network_group.cpp:857] [operator()] Infer request was aborted by user
[2026-08-18 04:10:55.654] [1875876] [HailoRT] [info] [queue_elements.cpp:1131] [execute_deactivate] enqueue() in element MultiPushQEl0YOLOV8-Post-Process was aborted, got status = HAILO_SHUTDOWN_EVENT_SIGNALED(57)
[2026-08-18 04:10:55.655] [1875876] [HailoRT] [info] [queue_elements.cpp:1131] [execute_deactivate] enqueue() in element MultiPushQEl0YOLOV8-Post-Process was aborted, got status = HAILO_SHUTDOWN_EVENT_SIGNALED(57)
[2026-08-18 04:10:55.655] [1875876] [HailoRT] [info] [queue_elements.cpp:1131] [execute_deactivate] enqueue() in element MultiPushQEl0YOLOV8-Post-Process was aborted, got status = HAILO_SHUTDOWN_EVENT_SIGNALED(57)
[2026-08-18 04:10:55.655] [1875876] [HailoRT] [info] [queue_elements.cpp:1131] [execute_deactivate] enqueue() in element MultiPushQEl0YOLOV8-Post-Process was aborted, got status = HAILO_SHUTDOWN_EVENT_SIGNALED(57)
[2026-08-18 04:10:55.655] [1875876] [HailoRT] [info] [queue_elements.cpp:1131] [execute_deactivate] enqueue() in element MultiPushQEl0YOLOV8-Post-Process was aborted, got status = HAILO_SHUTDOWN_EVENT_SIGNALED(57)
[2026-08-18 04:10:55.655] [1875876] [HailoRT] [info] [queue_elements.cpp:1131] [execute_deactivate] enqueue() in element MultiPushQEl0YOLOV8-Post-Process was aborted, got status = HAILO_SHUTDOWN_EVENT_SIGNALED(57)
[2026-08-18 04:10:55.655] [1875876] [HailoRT] [info] [queue_elements.cpp:570] [execute_deactivate] enqueue() in element PushQEl3yolov8s/input_layer1 was aborted, got status = HAILO_SHUTDOWN_EVENT_SIGNALED(57)
[2026-08-18 04:10:55.655] [1875876] [HailoRT] [info] [queue_elements.cpp:570] [execute_deactivate] enqueue() in element EntryPushQEl0yolov8s/input_layer1 was aborted, got status = HAILO_SHUTDOWN_EVENT_SIGNALED(57)
[2026-08-18 04:10:55.655] [1875876] [HailoRT] [info] [queue_elements.cpp:46] [~BaseQueueE[2026-08-18 04:11:52.594] [1886351] [HailoRT] [info] [vdevice.cpp:523] [create] Creating vdevice with params: device_count: 1, scheduling_algorithm: ROUND_ROBIN, multi_process_service: false
[2026-08-18 04:11:52.606] [1886351] [HailoRT] [info] [device.cpp:49] [Device] OS Version: Linux 6.12.34+rpt-rpi-2712 #1 SMP PREEMPT Debian 1:6.12.34-1+rpt1~bookworm (2025-06-26) aarch64
[2026-08-18 04:11:52.607] [1886351] [HailoRT] [info] [control.cpp:108] [control__parse_identify_results] firmware_version is: 4.20.0
[2026-08-18 04:11:52.607] [1886351] [HailoRT] [info] [vdevice.cpp:651] [create] VDevice Infos: 0001:03:00.0
[2026-08-18 04:11:52.647] [1886351] [HailoRT] [info] [hef.cpp:1929] [get_network_group_and_network_name] No name was given. Addressing all networks of default network_group: yolov8s
[2026-08-18 04:11:52.647] [1886351] [HailoRT] [info] [hef.cpp:1929] [get_network_group_and_network_name] No name was given. Addressing all networks of default network_group: yolov8s
[2026-08-18 04:11:52.674] [1886351] [HailoRT] [info] [vdevice.cpp:523] [create] Creating vdevice with params: device_count: 1, scheduling_algorithm: ROUND_ROBIN, multi_process_service: false
[2026-08-18 04:11:52.784] [1886351] [HailoRT] [info] [hef.cpp:1929] [get_network_group_and_network_name] No name was given. Addressing all networks of default network_group: yolov8s_pose
[2026-08-18 04:11:52.784] [1886351] [HailoRT] [info] [hef.cpp:1929] [get_network_group_and_network_name] No name was given. Addressing all networks of default network_group: yolov8s_pose
[2026-08-18 04:11:52.811] [1886351] [HailoRT] [warning] [device_internal.cpp:616] [check_hef_is_compatible] HEF was compiled for Hailo8L device, while the device itself is Hailo8. This will result in lower performance.
[2026-08-18 04:11:52.811] [1886351] [HailoRT] [warning] [device_internal.cpp:616] [check_hef_is_compatible] HEF was compiled for Hailo8L device, while the device itself is Hailo8. This will result in lower performance.
[2026-08-18 04:11:52.821] [1886351] [HailoRT] [info] [internal_buffer_manager.cpp:204] [print_execution_results] Planned internal buffer memory: CMA memory 0, user memory 3321344. memory to edge layer usage factor is 0.93083656
[2026-08-18 04:11:52.821] [1886351] [HailoRT] [info] [internal_buffer_manager.cpp:212] [print_execution_results] Default Internal buffer planner executed successfully
[2026-08-18 04:11:52.840] [1886351] [HailoRT] [info] [device_internal.cpp:57] [configure] Configuring HEF took 28.757798 milliseconds
[2026-08-18 04:11:52.840] [1886351] [HailoRT] [info] [vdevice.cpp:749] [configure] Configuring HEF on VDevice took 29.262796 milliseconds
[2026-08-18 04:11:52.840] [1886351] [HailoRT] [info] [infer_model.cpp:436] [configure] Configuring network group 'yolov8s_pose' with params: batch size: 0, power mode: PERFORMANCE, latency: NONE
[2026-08-18 04:11:52.840] [1886351] [HailoRT] [info] [multi_io_elements.cpp:756] [create] Created (AsyncHwEl)
[2026-08-18 04:11:52.840] [1886351] [HailoRT] [info] [queue_elements.cpp:450] [create] Created (EntryPushQEl0yolov8s_pose/input_layer1 | timeout: 10s)
[2026-08-18 04:11:52.840] [1886351] [HailoRT] [info] [filter_elements.cpp:101] [create] Created (PreInferEl3yolov8s_pose/input_layer1 | Reorder - src_order: RGB4, src_shape: (640, 640, 3), dst_order: NHWC, dst_shape: (640, 640, 3))
[2026-08-18 04:11:52.840] [1886351] [HailoRT] [info] [queue_elements.cpp:450] [create] Created (PushQEl3yolov8s_pose/input_layer1 | timeout: 10s)
[2026-08-18 04:11:52.840] [1886351] [HailoRT] [info] [edge_elements.cpp:187] [create] Created (LastAsyncEl3AsyncHwEl)
[2026-08-18 04:11:52.840] [1886351] [HailoRT] [info] [queue_elements.cpp:450] [create] Created (PushQEl4AsyncHwEl | timeout: 10s)
[2026-08-18 04:11:52.840] [1886351] [HailoRT] [info] [filter_elements.cpp:375] [create] Created (PostInferEl4AsyncHwEl | Reorder - src_order: FCR, src_shape: (20, 20, 56), dst_order: FCR, dst_shape: (20, 20, 51))
[2026-08-18 04:11:52.840] [1886351] [HailoRT] [info] [edge_elements.cpp:187] [create] Created (LastAsyncEl0PostInferEl4AsyncHwEl)
[2026-08-18 04:11:52.840] [1886351] [HailoRT] [info] [edge_elements.cpp:187] [create] Created (LastAsyncEl5AsyncHwEl)
[2026-08-18 04:11:52.840] [1886351] [HailoRT] [info] [edge_elements.cpp:187] [create] Created (LastAsyncEl0AsyncHwEl)
[2026-08-18 04:11:52.840] [1886351] [HailoRT] [info] [edge_elements.cpp:187] [create] Created (LastAsyncEl1AsyncHwEl)
[2026-08-18 04:11:52.840] [1886351] [HailoRT] [info] [edge_elements.cpp:187] [create] Created (LastAsyncEl2AsyncHwEl)
[2026-08-18 04:11:52.840] [1886351] [HailoRT] [info] [queue_elements.cpp:450] [create] Created (PushQEl7AsyncHwEl | timeout: 10s)
[2026-08-18 04:11:52.841] [1886351] [HailoRT] [info] [filter_elements.cpp:375] [create] Created (PostInferEl7AsyncHwEl | Reorder - src_order: FCR, src_shape: (40, 40, 56), dst_order: FCR, dst_shape: (40, 40, 51))
[2026-08-18 04:11:52.841] [1886351] [HailoRT] [info] [edge_elements.cpp:187] [create] Created (LastAsyncEl0PostInferEl7AsyncHwEl)
[2026-08-18 04:11:52.841] [1886351] [HailoRT] [info] [edge_elements.cpp:187] [create] Created (LastAsyncEl8AsyncHwEl)
[2026-08-18 04:11:52.841] [1886351] [HailoRT] [info] [queue_elements.cpp:450] [create] Created (PushQEl6AsyncHwEl | timeout: 10s)
[2026-08-18 04:11:52.841] [1886351] [HailoRT] [info] [filter_elements.cpp:375] [create] Created (PostInferEl6AsyncHwEl | Reorder - src_order: FCR, src_shape: (80, 80, 56), dst_order: FCR, dst_shape: (80, 80, 51))
[2026-08-18 04:11:52.841] [1886351] [HailoRT] [info] [edge_elements.cpp:187] [create] Created (LastAsyncEl0PostInferEl6AsyncHwEl)
[2026-08-18 04:11:52.841] [1886351] [HailoRT] [info] [pipeline.cpp:891] [print_deep_description] EntryPushQEl0yolov8s_pose/input_layer1 | inputs: user | outputs: PreInferEl3yolov8s_pose/input_layer1(running in thread_id: 1886849)
[2026-08-18 04:11:52.841] [1886351] [HailoRT] [info] [pipeline.cpp:891] [print_deep_description] PreInferEl3yolov8s_pose/input_layer1 | inputs: EntryPushQEl0yolov8s_pose/input_layer1[0] | outputs: PushQEl3yolov8s_pose/input_layer1
[2026-08-18 04:11:52.841] [1886351] [HailoRT] [info] [pipeline.cpp:891] [print_deep_description] PushQEl3yolov8s_pose/input_layer1 | inputs: PreInferEl3yolov8s_pose/input_layer1[0] | outputs: AsyncHwEl(running in thread_id: 1886850)
[2026-08-18 04:11:52.841] [1886351] [HailoRT] [info] [pipeline.cpp:891] [print_deep_description] AsyncHwEl | inputs: PushQEl3yolov8s_pose/input_layer1[0] | outputs: LastAsyncEl0AsyncHwEl LastAsyncEl1AsyncHwEl LastAsyncEl2AsyncHwEl LastAsyncEl3AsyncHwEl PushQEl4AsyncHwEl LastAsyncEl5AsyncHwEl PushQEl6AsyncHwEl PushQEl7AsyncHwEl LastAsyncEl8AsyncHwEl
[2026-08-18 04:11:52.841] [1886351] [HailoRT] [info] [pipeline.cpp:891] [print_deep_description] LastAsyncEl0AsyncHwEl | inputs: AsyncHwEl[0] | outputs: user
[2026-08-18 04:11:52.841] [1886351] [HailoRT] [info] [pipeline.cpp:891] [print_deep_description] LastAsyncEl1AsyncHwEl | inputs: AsyncHwEl[0] | outputs: user
[2026-08-18 04:11:52.841] [1886351] [HailoRT] [info] [pipeline.cpp:891] [print_deep_description] LastAsyncEl2AsyncHwEl | inputs: AsyncHwEl[0] | outputs: user
[2026-08-18 04:11:52.841] [1886351] [HailoRT] [info] [pipeline.cpp:891] [print_deep_description] LastAsyncEl3AsyncHwEl | inputs: AsyncHwEl[0] | outputs: user
[2026-08-18 04:11:52.841] [1886351] [HailoRT] [info] [pipeline.cpp:891] [print_deep_description] PushQEl4AsyncHwEl | inputs: AsyncHwEl[0] | outputs: PostInferEl4AsyncHwEl(running in thread_id: 1886851)
[2026-08-18 04:11:52.841] [1886351] [HailoRT] [info] [pipeline.cpp:891] [print_deep_description] PostInferEl4AsyncHwEl | inputs: PushQEl4AsyncHwEl[0] | outputs: LastAsyncEl0PostInferEl4AsyncHwEl
[2026-08-18 04:11:52.841] [1886351] [HailoRT] [info] [pipeline.cpp:891] [print_deep_description] LastAsyncEl0PostInferEl4AsyncHwEl | inputs: PostInferEl4AsyncHwEl[0] | outputs: user
[2026-08-18 04:11:52.841] [1886351] [HailoRT] [info] [pipeline.cpp:891] [print_deep_description] LastAsyncEl5AsyncHwEl | inputs: AsyncHwEl[0] | outputs: user
[2026-08-18 04:11:52.841] [1886351] [HailoRT] [info] [pipeline.cpp:891] [print_deep_description] PushQEl6AsyncHwEl | inputs: AsyncHwEl[0] | outputs: PostInferEl6AsyncHwEl(running in thread_id: 1886853)
[2026-08-18 04:11:52.841] [1886351] [HailoRT] [info] [pipeline.cpp:891] [print_deep_description] PostInferEl6AsyncHwEl | inputs: PushQEl6AsyncHwEl[0] | outputs: LastAsyncEl0PostInferEl6AsyncHwEl
[2026-08-18 04:11:52.841] [1886351] [HailoRT] [info] [pipeline.cpp:891] [print_deep_description] LastAsyncEl0PostInferEl6AsyncHwEl | inputs: PostInferEl6AsyncHwEl[0] | outputs: user
[2026-08-18 04:11:52.841] [1886351] [HailoRT] [info] [pipeline.cpp:891] [print_deep_description] PushQEl7AsyncHwEl | inputs: AsyncHwEl[0] | outputs: PostInferEl7AsyncHwEl(running in thread_id: 1886852)
[2026-08-18 04:11:52.841] [1886351] [HailoRT] [info] [pipeline.cpp:891] [print_deep_description] PostInferEl7AsyncHwEl | inputs: PushQEl7AsyncHwEl[0] | outputs: LastAsyncEl0PostInferEl7AsyncHwEl
[2026-08-18 04:11:52.841] [1886351] [HailoRT] [info] [pipeline.cpp:891] [print_deep_description] LastAsyncEl0PostInferEl7AsyncHwEl | inputs: PostInferEl7AsyncHwEl[0] | outputs: user
[2026-08-18 04:11:52.841] [1886351] [HailoRT] [info] [pipeline.cpp:891] [print_deep_description] LastAsyncEl8AsyncHwEl | inputs: AsyncHwEl[0] | outputs: user
[2026-08-18 04:11:52.844] [1886351] [HailoRT] [info] [internal_buffer_manager.cpp:202] [print_execution_results] Default Internal buffer planner failed to meet requirements
[2026-08-18 04:11:52.844] [1886351] [HailoRT] [info] [internal_buffer_manager.cpp:212] [print_execution_results] Default Internal buffer planner executed successfully
[2026-08-18 04:11:52.859] [1886351] [HailoRT] [info] [device_internal.cpp:57] [configure] Configuring HEF took 16.262329 milliseconds
[2026-08-18 04:11:52.859] [1886351] [HailoRT] [info] [vdevice.cpp:749] [configure] Configuring HEF on VDevice took 16.656125 milliseconds
[2026-08-18 04:11:52.859] [1886351] [HailoRT] [info] [infer_model.cpp:436] [configure] Configuring network group 'yolov8s' with params: batch size: 0, power mode: PERFORMANCE, latency: NONE
[2026-08-18 04:11:52.859] [1886351] [HailoRT] [info] [multi_io_elements.cpp:756] [create] Created (AsyncHwEl)
[2026-08-18 04:11:52.859] [1886351] [HailoRT] [info] [queue_elements.cpp:450] [create] Created (EntryPushQEl0yolov8s/input_layer1 | timeout: 10s)
[2026-08-18 04:11:52.859] [1886351] [HailoRT] [info] [filter_elements.cpp:101] [create] Created (PreInferEl3yolov8s/input_layer1 | Reorder - src_order: RGB4, src_shape: (640, 640, 3), dst_order: NHCW, dst_shape: (640, 640, 3))
[2026-08-18 04:11:52.860] [1886351] [HailoRT] [info] [queue_elements.cpp:450] [create] Created (PushQEl3yolov8s/input_layer1 | timeout: 10s)
[2026-08-18 04:11:52.860] [1886351] [HailoRT] [info] [multi_io_elements.cpp:135] [create] Created (NmsPPMuxEl0YOLOV8-Post-Process | Op YOLOV8, Name: YOLOV8-Post-Process, Score threshold: 0.200, IoU threshold: 0.70, Classes: 80, Cross classes: false, NMS results order: BY_CLASS, Max bboxes per class: 100, Image height: 640, Image width: 640)
[2026-08-18 04:11:52.860] [1886351] [HailoRT] [info] [queue_elements.cpp:942] [create] Created (MultiPushQEl0YOLOV8-Post-Process | timeout: 10s)
[2026-08-18 04:11:52.860] [1886351] [HailoRT] [info] [edge_elements.cpp:187] [create] Created (LastAsyncEl0NmsPPMuxEl0YOLOV8-Post-Process)
[2026-08-18 04:11:52.860] [1886351] [HailoRT] [info] [pipeline.cpp:891] [print_deep_description] EntryPushQEl0yolov8s/input_layer1 | inputs: user | outputs: PreInferEl3yolov8s/input_layer1(running in thread_id: 1886854)
[2026-08-18 04:11:52.860] [1886351] [HailoRT] [info] [pipeline.cpp:891] [print_deep_description] PreInferEl3yolov8s/input_layer1 | inputs: EntryPushQEl0yolov8s/input_layer1[0] | outputs: PushQEl3yolov8s/input_layer1
[2026-08-18 04:11:52.860] [1886351] [HailoRT] [info] [pipeline.cpp:891] [print_deep_description] PushQEl3yolov8s/input_layer1 | inputs: PreInferEl3yolov8s/input_layer1[0] | outputs: AsyncHwEl(running in thread_id: 1886855)
[2026-08-18 04:11:52.860] [1886351] [HailoRT] [info] [pipeline.cpp:891] [print_deep_description] AsyncHwEl | inputs: PushQEl3yolov8s/input_layer1[0] | outputs: MultiPushQEl0YOLOV8-Post-Process MultiPushQEl0YOLOV8-Post-Process MultiPushQEl0YOLOV8-Post-Process MultiPushQEl0YOLOV8-Post-Process MultiPushQEl0YOLOV8-Post-Process MultiPushQEl0YOLOV8-Post-Process
[2026-08-18 04:11:52.860] [1886351] [HailoRT] [info] [pipeline.cpp:891] [print_deep_description] MultiPushQEl0YOLOV8-Post-Process | inputs: AsyncHwEl[0] AsyncHwEl[1] AsyncHwEl[2] AsyncHwEl[3] AsyncHwEl[4] AsyncHwEl[5] | outputs: NmsPPMuxEl0YOLOV8-Post-Process(running in thread_id: 1886856)
[2026-08-18 04:11:52.860] [1886351] [HailoRT] [info] [pipeline.cpp:891] [print_deep_description] NmsPPMuxEl0YOLOV8-Post-Process | inputs: MultiPushQEl0YOLOV8-Post-Process[0] | outputs: LastAsyncEl0NmsPPMuxEl0YOLOV8-Post-Process
[2026-08-18 04:11:52.860] [1886351] [HailoRT] [info] [pipeline.cpp:891] [print_deep_description] LastAsyncEl0NmsPPMuxEl0YOLOV8-Post-Process | inputs: NmsPPMuxEl0YOLOV8-Post-Process[0] | outputs: user
[2026-08-18 04:11:53.227] [1886836] [HailoRT] [info] [hef.cpp:1929] [get_network_group_and_network_name] No name was given. Addressing all networks of default network_group: yolov8s
[2026-08-18 04:11:53.228] [1886837] [HailoRT] [info] [hef.cpp:1929] [get_network_group_and_network_name] No name was given. Addressing all networks of default network_group: yolov8s_pose
[2026-08-18 04:12:05.419] [1886351] [HailoRT] [info] [async_infer_runner.cpp:86] [shutdown] Pipeline was aborted. Shutting it down
[2026-08-18 04:12:05.423] [1886351] [HailoRT] [info] [queue_elements.cpp:570] [execute_deactivate] enqueue() in element PushQEl4AsyncHwEl was aborted, got status = HAILO_SHUTDOWN_EVENT_SIGNALED(57)
[2026-08-18 04:12:05.423] [1886351] [HailoRT] [info] [queue_elements.cpp:570] [execute_deactivate] enqueue() in element PushQEl6AsyncHwEl was aborted, got status = HAILO_SHUTDOWN_EVENT_SIGNALED(57)
[2026-08-18 04:12:05.423] [1886351] [HailoRT] [info] [queue_elements.cpp:570] [execute_deactivate] enqueue() in element PushQEl7AsyncHwEl was aborted, got status = HAILO_SHUTDOWN_EVENT_SIGNALED(57)
[2026-08-18 04:12:05.423] [1886351] [HailoRT] [info] [queue_elements.cpp:570] [execute_deactivate] enqueue() in element PushQEl3yolov8s_pose/input_layer1 was aborted, got status = HAILO_SHUTDOWN_EVENT_SIGNALED(57)
[2026-08-18 04:12:05.423] [1886351] [HailoRT] [info] [queue_elements.cpp:570] [execute_deactivate] enqueue() in element EntryPushQEl0yolov8s_pose/input_layer1 was aborted, got status = HAILO_SHUTDOWN_EVENT_SIGNALED(57)
[2026-08-18 04:12:05.423] [1886351] [HailoRT] [info] [queue_elements.cpp:46] [~BaseQueueElement] Queue element EntryPushQEl0yolov8s_pose/input_layer1 has 0 frames in his Queue on destruction
[2026-08-18 04:12:05.423] [1886351] [HailoRT] [info] [queue_elements.cpp:46] [~BaseQueueElement] Queue element PushQEl3yolov8s_pose/input_layer1 has 0 frames in his Queue on destruction
[2026-08-18 04:12:05.423] [1886351] [HailoRT] [info] [queue_elements.cpp:46] [~BaseQueueElement] Queue element PushQEl4AsyncHwEl has 0 frames in his Queue on destruction
[2026-08-18 04:12:05.424] [1886351] [HailoRT] [info] [queue_elements.cpp:46] [~BaseQueueElement] Queue element PushQEl7AsyncHwEl has 0 frames in his Queue on destruction
[2026-08-18 04:12:05.424] [1886351] [HailoRT] [info] [queue_elements.cpp:46] [~BaseQueueElement] Queue element PushQEl6AsyncHwEl has 0 frames in his Queue on destruction
[2026-08-18 04:12:05.424] [1886351] [HailoRT] [info] [async_infer_runner.cpp:86] [shutdown] Pipeline was aborted. Shutting it down
[2026-08-18 04:12:05.430] [1886830] [HailoRT] [info] [network_group.cpp:857] [operator()] Infer request was aborted by user
[2026-08-18 04:12:05.430] [1886351] [HailoRT] [info] [queue_elements.cpp:1131] [execute_deactivate] enqueue() in element MultiPushQEl0YOLOV8-Post-Process was aborted, got status = HAILO_SHUTDOWN_EVENT_SIGNALED(57)
[2026-08-18 04:12:05.430] [1886351] [HailoRT] [info] [queue_elements.cpp:1131] [execute_deactivate] enqueue() in element MultiPushQEl0YOLOV8-Post-Process was aborted, got status = HAILO_SHUTDOWN_EVENT_SIGNALED(57)
[2026-08-18 04:12:05.430] [1886351] [HailoRT] [info] [queue_elements.cpp:1131] [execute_deactivate] enqueue() in element MultiPushQEl0YOLOV8-Post-Process was aborted, got status = HAILO_SHUTDOWN_EVENT_SIGNALED(57)
[2026-08-18 04:12:05.430] [1886351] [HailoRT] [info] [queue_elements.cpp:1131] [execute_deactivate] enqueue() in element MultiPushQEl0YOLOV8-Post-Process was aborted, got status = HAILO_SHUTDOWN_EVENT_SIGNALED(57)
[2026-08-18 04:12:05.430] [1886351] [HailoRT] [info] [queue_elements.cpp:1131] [execute_deactivate] enqueue() in element MultiPushQEl0YOLOV8-Post-Process was aborted, got status = HAILO_SHUTDOWN_EVENT_SIGNALED(57)
[2026-08-18 04:12:05.430] [1886351] [HailoRT] [info] [queue_elements.cpp:1131] [execute_deactivate] enqueue() in element MultiPushQEl0YOLOV8-Post-Process was aborted, got status = HAILO_SHUTDOWN_EVENT_SIGNALED(57)
[2026-08-18 04:12:05.430] [1886351] [HailoRT] [info] [queue_elements.cpp:570] [execute_deactivate] enqueue() in element PushQEl3yolov8s/input_layer1 was aborted, got status = HAILO_SHUTDOWN_EVENT_SIGNALED(57)
[2026-08-18 04:12:05.430] [1886351] [HailoRT] [info] [queue_elements.cpp:570] [execute_deactivate] enqueue() in element EntryPushQEl0yolov8s/input_layer1 was aborted, got status = HAILO_SHUTDOWN_EVENT_SIGNALED(57)
[2026-08-18 04:12:05.430] [1886351] [HailoRT] [info] [queue_elements.cpp:46] [~BaseQueueElement] Queue element EntryPushQEl0yolov8s/input_layer1 has 0 frames in his Queue on destruction
[2026-08-18 04:12:05.430] [1886351] [HailoRT] [info] [queue_elements.cpp:46] [~BaseQueueElement] Queue element PushQEl3yolov8s/input_layer1 has 0 frames in his Queue on destruction
[2026-08-18 04:12:05.509] [1886351] [HailoRT] [info] [vdevice.cpp:523] [create] Creating vdevice with params: device_count: 1, scheduling_algorithm: ROUND_ROBIN, multi_process_service: false
[2026-08-18 04:12:05.521] [1886351] [HailoRT] [info] [device.cpp:49] [Device] OS Version: Linux 6.12.34+rpt-rpi-2712 #1 SMP PREEMPT Debian 1:6.12.34-1+rpt1~bookworm (2025-06-26) aarch64
[2026-08-18 04:12:05.523] [1886351] [HailoRT] [info] [control.cpp:108] [control__parse_identify_results] firmware_version is: 4.20.0
[2026-08-18 04:12:05.523] [1886351] [HailoRT] [info] [vdevice.cpp:651] [create] VDevice Infos: 0001:03:00.0
[2026-08-18 04:12:05.560] [1886351] [HailoRT] [info] [hef.cpp:1929] [get_network_group_and_network_name] No name was given. Addressing all networks of default network_group: yolov8s
[2026-08-18 04:12:05.560] [1886351] [HailoRT] [info] [hef.cpp:1929] [get_network_group_and_network_name] No name was given. Addressing all networks of default network_group: yolov8s
[2026-08-18 04:12:05.588] [1886351] [HailoRT] [info] [vdevice.cpp:523] [create] Creating vdevice with params: device_count: 1, scheduling_algorithm: ROUND_ROBIN, multi_process_service: false
[2026-08-18 04:12:05.695] [1886351] [HailoRT] [info] [hef.cpp:1929] [get_network_group_and_network_name] No name was given. Addressing all networks of default network_group: yolov8s_pose
[2026-08-18 04:12:05.695] [1886351] [HailoRT] [info] [hef.cpp:1929] [get_network_group_and_network_name] No name was given. Addressing all networks of default network_group: yolov8s_pose
[2026-08-18 04:12:05.717] [1886351] [HailoRT] [warning] [device_internal.cpp:616] [check_hef_is_compatible] HEF was compiled for Hailo8L device, while the device itself is Hailo8. This will result in lower performance.
[2026-08-18 04:12:05.718] [1886351] [HailoRT] [warning] [device_internal.cpp:616] [check_hef_is_compatible] HEF was compiled for Hailo8L device, while the device itself is Hailo8. This will result in lower performance.
[2026-08-18 04:12:05.724] [1886351] [HailoRT] [info] [internal_buffer_manager.cpp:204] [print_execution_results] Planned internal buffer memory: CMA memory 0, user memory 3321344. memory to edge layer usage factor is 0.93083656
[2026-08-18 04:12:05.724] [1886351] [HailoRT] [info] [internal_buffer_manager.cpp:212] [print_execution_results] Default Internal buffer planner executed successfully
[2026-08-18 04:12:05.747] [1886351] [HailoRT] [info] [device_internal.cpp:57] [configure] Configuring HEF took 29.271297 milliseconds
[2026-08-18 04:12:05.747] [1886351] [HailoRT] [info] [vdevice.cpp:749] [configure] Configuring HEF on VDevice took 29.943221 milliseconds
[2026-08-18 04:12:05.747] [1886351] [HailoRT] [info] [infer_model.cpp:436] [configure] Configuring network group 'yolov8s_pose' with params: batch size: 0, power mode: PERFORMANCE, latency: NONE
[2026-08-18 04:12:05.747] [1886351] [HailoRT] [info] [multi_io_elements.cpp:756] [create] Created (AsyncHwEl)
[2026-08-18 04:12:05.747] [1886351] [HailoRT] [info] [queue_elements.cpp:450] [create] Created (EntryPushQEl0yolov8s_pose/input_layer1 | timeout: 10s)
[2026-08-18 04:12:05.747] [1886351] [HailoRT] [info] [filter_elements.cpp:101] [create] Created (PreInferEl3yolov8s_pose/input_layer1 | Reorder - src_order: RGB4, src_shape: (640, 640, 3), dst_order: NHWC, dst_shape: (640, 640, 3))
[2026-08-18 04:12:05.747] [1886351] [HailoRT] [info] [queue_elements.cpp:450] [create] Created (PushQEl3yolov8s_pose/input_layer1 | timeout: 10s)
[2026-08-18 04:12:05.747] [1886351] [HailoRT] [info] [edge_elements.cpp:187] [create] Created (LastAsyncEl3AsyncHwEl)
[2026-08-18 04:12:05.748] [1886351] [HailoRT] [info] [queue_elements.cpp:450] [create] Created (PushQEl4AsyncHwEl | timeout: 10s)
[2026-08-18 04:12:05.748] [1886351] [HailoRT] [info] [filter_elements.cpp:375] [create] Created (PostInferEl4AsyncHwEl | Reorder - src_order: FCR, src_shape: (20, 20, 56), dst_order: FCR, dst_shape: (20, 20, 51))
[2026-08-18 04:12:05.748] [1886351] [HailoRT] [info] [edge_elements.cpp:187] [create] Created (LastAsyncEl0PostInferEl4AsyncHwEl)
[2026-08-18 04:12:05.748] [1886351] [HailoRT] [info] [edge_elements.cpp:187] [create] Created (LastAsyncEl5AsyncHwEl)
[2026-08-18 04:12:05.748] [1886351] [HailoRT] [info] [edge_elements.cpp:187] [create] Created (LastAsyncEl0AsyncHwEl)
[2026-08-18 04:12:05.748] [1886351] [HailoRT] [info] [edge_elements.cpp:187] [create] Created (LastAsyncEl1AsyncHwEl)
[2026-08-18 04:12:05.748] [1886351] [HailoRT] [info] [edge_elements.cpp:187] [create] Created (LastAsyncEl2AsyncHwEl)
[2026-08-18 04:12:05.748] [1886351] [HailoRT] [info] [queue_elements.cpp:450] [create] Created (PushQEl7AsyncHwEl | timeout: 10s)
[2026-08-18 04:12:05.748] [1886351] [HailoRT] [info] [filter_elements.cpp:375] [create] Created (PostInferEl7AsyncHwEl | Reorder - src_order: FCR, src_shape: (40, 40, 56), dst_order: FCR, dst_shape: (40, 40, 51))
[2026-08-18 04:12:05.748] [1886351] [HailoRT] [info] [edge_elements.cpp:187] [create] Created (LastAsyncEl0PostInferEl7AsyncHwEl)
[2026-08-18 04:12:05.748] [1886351] [HailoRT] [info] [edge_elements.cpp:187] [create] Created (LastAsyncEl8AsyncHwEl)
[2026-08-18 04:12:05.748] [1886351] [HailoRT] [info] [queue_elements.cpp:450] [create] Created (PushQEl6AsyncHwEl | timeout: 10s)
[2026-08-18 04:12:05.748] [1886351] [HailoRT] [info] [filter_elements.cpp:375] [create] Created (PostInferEl6AsyncHwEl | Reorder - src_order: FCR, src_shape: (80, 80, 56), dst_order: FCR, dst_shape: (80, 80, 51))
[2026-08-18 04:12:05.748] [1886351] [HailoRT] [info] [edge_elements.cpp:187] [create] Created (LastAsyncEl0PostInferEl6AsyncHwEl)
[2026-08-18 04:12:05.748] [1886351] [HailoRT] [info] [pipeline.cpp:891] [print_deep_description] EntryPushQEl0yolov8s_pose/input_layer1 | inputs: user | outputs: PreInferEl3yolov8s_pose/input_layer1(running in thread_id: 1886958)
[2026-08-18 04:12:05.748] [1886351] [HailoRT] [info] [pipeline.cpp:891] [print_deep_description] PreInferEl3yolov8s_pose/input_layer1 | inputs: EntryPushQEl0yolov8s_pose/input_layer1[0] | outputs: PushQEl3yolov8s_pose/input_layer1
[2026-08-18 04:12:05.748] [1886351] [HailoRT] [info] [pipeline.cpp:891] [print_deep_description] PushQEl3yolov8s_pose/input_layer1 | inputs: PreInferEl3yolov8s_pose/input_layer1[0] | outputs: AsyncHwEl(running in thread_id: 1886959)
[2026-08-18 04:12:05.748] [1886351] [HailoRT] [info] [pipeline.cpp:891] [print_deep_description] AsyncHwEl | inputs: PushQEl3yolov8s_pose/input_layer1[0] | outputs: LastAsyncEl0AsyncHwEl LastAsyncEl1AsyncHwEl LastAsyncEl2AsyncHwEl LastAsyncEl3AsyncHwEl PushQEl4AsyncHwEl LastAsyncEl5AsyncHwEl PushQEl6AsyncHwEl PushQEl7AsyncHwEl LastAsyncEl8AsyncHwEl
[2026-08-18 04:12:05.748] [1886351] [HailoRT] [info] [pipeline.cpp:891] [print_deep_description] LastAsyncEl0AsyncHwEl | inputs: AsyncHwEl[0] | outputs: user
[2026-08-18 04:12:05.748] [1886351] [HailoRT] [info] [pipeline.cpp:891] [print_deep_description] LastAsyncEl1AsyncHwEl | inputs: AsyncHwEl[0] | outputs: user
[2026-08-18 04:12:05.748] [1886351] [HailoRT] [info] [pipeline.cpp:891] [print_deep_description] LastAsyncEl2AsyncHwEl | inputs: AsyncHwEl[0] | outputs: user
[2026-08-18 04:12:05.748] [1886351] [HailoRT] [info] [pipeline.cpp:891] [print_deep_description] LastAsyncEl3AsyncHwEl | inputs: AsyncHwEl[0] | outputs: user
[2026-08-18 04:12:05.748] [1886351] [HailoRT] [info] [pipeline.cpp:891] [print_deep_description] PushQEl4AsyncHwEl | inputs: AsyncHwEl[0] | outputs: PostInferEl4AsyncHwEl(running in thread_id: 1886960)
[2026-08-18 04:12:05.748] [1886351] [HailoRT] [info] [pipeline.cpp:891] [print_deep_description] PostInferEl4AsyncHwEl | inputs: PushQEl4AsyncHwEl[0] | outputs: LastAsyncEl0PostInferEl4AsyncHwEl
[2026-08-18 04:12:05.748] [1886351] [HailoRT] [info] [pipeline.cpp:891] [print_deep_description] LastAsyncEl0PostInferEl4AsyncHwEl | inputs: PostInferEl4AsyncHwEl[0] | outputs: user
[2026-08-18 04:12:05.748] [1886351] [HailoRT] [info] [pipeline.cpp:891] [print_deep_description] LastAsyncEl5AsyncHwEl | inputs: AsyncHwEl[0] | outputs: user
[2026-08-18 04:12:05.748] [1886351] [HailoRT] [info] [pipeline.cpp:891] [print_deep_description] PushQEl6AsyncHwEl | inputs: AsyncHwEl[0] | outputs: PostInferEl6AsyncHwEl(running in thread_id: 1886962)
[2026-08-18 04:12:05.748] [1886351] [HailoRT] [info] [pipeline.cpp:891] [print_deep_description] PostInferEl6AsyncHwEl | inputs: PushQEl6AsyncHwEl[0] | outputs: LastAsyncEl0PostInferEl6AsyncHwEl
[2026-08-18 04:12:05.748] [1886351] [HailoRT] [info] [pipeline.cpp:891] [print_deep_description] LastAsyncEl0PostInferEl6AsyncHwEl | inputs: PostInferEl6AsyncHwEl[0] | outputs: user
[2026-08-18 04:12:05.748] [1886351] [HailoRT] [info] [pipeline.cpp:891] [print_deep_description] PushQEl7AsyncHwEl | inputs: AsyncHwEl[0] | outputs: PostInferEl7AsyncHwEl(running in thread_id: 1886961)
[2026-08-18 04:12:05.748] [1886351] [HailoRT] [info] [pipeline.cpp:891] [print_deep_description] PostInferEl7AsyncHwEl | inputs: PushQEl7AsyncHwEl[0] | outputs: LastAsyncEl0PostInferEl7AsyncHwEl
[2026-08-18 04:12:05.748] [1886351] [HailoRT] [info] [pipeline.cpp:891] [print_deep_description] LastAsyncEl0PostInferEl7AsyncHwEl | inputs: PostInferEl7AsyncHwEl[0] | outputs: user
[2026-08-18 04:12:05.748] [1886351] [HailoRT] [info] [pipeline.cpp:891] [print_deep_description] LastAsyncEl8AsyncHwEl | inputs: AsyncHwEl[0] | outputs: user
[2026-08-18 04:12:05.751] [1886351] [HailoRT] [info] [internal_buffer_manager.cpp:202] [print_execution_results] Default Internal buffer planner failed to meet requirements
[2026-08-18 04:12:05.751] [1886351] [HailoRT] [info] [internal_buffer_manager.cpp:212] [print_execution_results] Default Internal buffer planner executed successfully
[2026-08-18 04:12:05.762] [1886351] [HailoRT] [info] [device_internal.cpp:57] [configure] Configuring HEF took 11.97684 milliseconds
[2026-08-18 04:12:05.762] [1886351] [HailoRT] [info] [vdevice.cpp:749] [configure] Configuring HEF on VDevice took 12.361618 milliseconds
[2026-08-18 04:12:05.762] [1886351] [HailoRT] [info] [infer_model.cpp:436] [configure] Configuring network group 'yolov8s' with params: batch size: 0, power mode: PERFORMANCE, latency: NONE
[2026-08-18 04:12:05.762] [1886351] [HailoRT] [info] [multi_io_elements.cpp:756] [create] Created (AsyncHwEl)
[2026-08-18 04:12:05.762] [1886351] [HailoRT] [info] [queue_elements.cpp:450] [create] Created (EntryPushQEl0yolov8s/input_layer1 | timeout: 10s)
[2026-08-18 04:12:05.762] [1886351] [HailoRT] [info] [filter_elements.cpp:101] [create] Created (PreInferEl3yolov8s/input_layer1 | Reorder - src_order: RGB4, src_shape: (640, 640, 3), dst_order: NHCW, dst_shape: (640, 640, 3))
[2026-08-18 04:12:05.762] [1886351] [HailoRT] [info] [queue_elements.cpp:450] [create] Created (PushQEl3yolov8s/input_layer1 | timeout: 10s)
[2026-08-18 04:12:05.762] [1886351] [HailoRT] [info] [multi_io_elements.cpp:135] [create] Created (NmsPPMuxEl0YOLOV8-Post-Process | Op YOLOV8, Name: YOLOV8-Post-Process, Score threshold: 0.200, IoU threshold: 0.70, Classes: 80, Cross classes: false, NMS results order: BY_CLASS, Max bboxes per class: 100, Image height: 640, Image width: 640)
[2026-08-18 04:12:05.762] [1886351] [HailoRT] [info] [queue_elements.cpp:942] [create] Created (MultiPushQEl0YOLOV8-Post-Process | timeout: 10s)
[2026-08-18 04:12:05.762] [1886351] [HailoRT] [info] [edge_elements.cpp:187] [create] Created (LastAsyncEl0NmsPPMuxEl0YOLOV8-Post-Process)
[2026-08-18 04:12:05.762] [1886351] [HailoRT] [info] [pipeline.cpp:891] [print_deep_description] EntryPushQEl0yolov8s/input_layer1 | inputs: user | outputs: PreInferEl3yolov8s/input_layer1(running in thread_id: 1886963)
[2026-08-18 04:12:05.762] [1886351] [HailoRT] [info] [pipeline.cpp:891] [print_deep_description] PreInferEl3yolov8s/input_layer1 | inputs: EntryPushQEl0yolov8s/input_layer1[0] | outputs: PushQEl3yolov8s/input_layer1
[2026-08-18 04:12:05.762] [1886351] [HailoRT] [info] [pipeline.cpp:891] [print_deep_description] PushQEl3yolov8s/input_layer1 | inputs: PreInferEl3yolov8s/input_layer1[0] | outputs: AsyncHwEl(running in thread_id: 1886964)
[2026-08-18 04:12:05.762] [1886351] [HailoRT] [info] [pipeline.cpp:891] [print_deep_description] AsyncHwEl | inputs: PushQEl3yolov8s/input_layer1[0] | outputs: MultiPushQEl0YOLOV8-Post-Process MultiPushQEl0YOLOV8-Post-Process MultiPushQEl0YOLOV8-Post-Process MultiPushQEl0YOLOV8-Post-Process MultiPushQEl0YOLOV8-Post-Process MultiPushQEl0YOLOV8-Post-Process
[2026-08-18 04:12:05.762] [1886351] [HailoRT] [info] [pipeline.cpp:891] [print_deep_description] MultiPushQEl0YOLOV8-Post-Process | inputs: AsyncHwEl[0] AsyncHwEl[1] AsyncHwEl[2] AsyncHwEl[3] AsyncHwEl[4] AsyncHwEl[5] | outputs: NmsPPMuxEl0YOLOV8-Post-Process(running in thread_id: 1886965)
[2026-08-18 04:12:05.762] [1886351] [HailoRT] [info] [pipeline.cpp:891] [print_deep_description] NmsPPMuxEl0YOLOV8-Post-Process | inputs: MultiPushQEl0YOLOV8-Post-Process[0] | outputs: LastAsyncEl0NmsPPMuxEl0YOLOV8-Post-Process
[2026-08-18 04:12:05.762] [1886351] [HailoRT] [info] [pipeline.cpp:891] [print_deep_description] LastAsyncEl0NmsPPMuxEl0YOLOV8-Post-Process | inputs: NmsPPMuxEl0YOLOV8-Post-Process[0] | outputs: user
[2026-08-18 04:12:06.040] [1886837] [HailoRT] [info] [hef.cpp:1929] [get_network_group_and_network_name] No name was given. Addressing all networks of default network_group: yolov8s_pose
[2026-08-18 04:12:06.137] [1886841] [HailoRT] [info] [hef.cpp:1929] [get_network_group_and_network_name] No name was given. Addressing all networks of default network_group: yolov8s
[2026-08-18 04:13:15.947] [1886351] [HailoRT] [info] [async_infer_runner.cpp:86] [shutdown] Pipeline was aborted. Shutting it down
[2026-08-18 04:13:15.959] [1886951] [HailoRT] [info] [network_group.cpp:857] [operator()] Infer request was aborted by user
[2026-08-18 04:13:15.967] [1886351] [HailoRT] [info] [queue_elements.cpp:570] [execute_deactivate] enqueue() in element PushQEl4AsyncHwEl was aborted, got status = HAILO_SHUTDOWN_EVENT_SIGNALED(57)
[2026-08-18 04:13:15.967] [1886351] [HailoRT] [info] [queue_elements.cpp:570] [execute_deactivate] enqueue() in element PushQEl6AsyncHwEl was aborted, got status = HAILO_SHUTDOWN_EVENT_SIGNALED(57)
[2026-08-18 04:13:15.967] [1886351] [HailoRT] [info] [queue_elements.cpp:570] [execute_deactivate] enqueue() in element PushQEl7AsyncHwEl was aborted, got status = HAILO_SHUTDOWN_EVENT_SIGNALED(57)
[2026-08-18 04:13:15.967] [1886351] [HailoRT] [info] [queue_elements.cpp:570] [execute_deactivate] enqueue() in element PushQEl3yolov8s_pose/input_layer1 was aborted, got status = HAILO_SHUTDOWN_EVENT_SIGNALED(57)
[2026-08-18 04:13:15.967] [1886351] [HailoRT] [info] [queue_elements.cpp:570] [execute_deactivate] enqueue() in element EntryPushQEl0yolov8s_pose/input_layer1 was aborted, got status = HAILO_SHUTDOWN_EVENT_SIGNALED(57)
[2026-08-18 04:13:15.967] [1886351] [HailoRT] [info] [queue_elements.cpp:46] [~BaseQueueElement] Queue element EntryPushQEl0yolov8s_pose/input_layer1 has 0 frames in his Queue on destruction
[2026-08-18 04:13:15.967] [1886351] [HailoRT] [info] [queue_elements.cpp:46] [~BaseQueueElement] Queue element PushQEl3yolov8s_pose/input_layer1 has 0 frames in his Queue on destruction
[2026-08-18 04:13:15.968] [1886351] [HailoRT] [info] [queue_elements.cpp:46] [~BaseQueueElement] Queue element PushQEl4AsyncHwEl has 0 frames in his Queue on destruction
[2026-08-18 04:13:15.968] [1886351] [HailoRT] [info] [queue_elements.cpp:46] [~BaseQueueElement] Queue element PushQEl7AsyncHwEl has 0 frames in his Queue on destruction
[2026-08-18 04:13:15.968] [1886351] [HailoRT] [info] [queue_elements.cpp:46] [~BaseQueueElement] Queue element PushQEl6AsyncHwEl has 0 frames in his Queue on destruction
[2026-08-18 04:13:15.968] [1886351] [HailoRT] [info] [async_infer_runner.cpp:86] [shutdown] Pipeline was aborted. Shutting it down
[2026-08-18 04:13:15.972] [1886351] [HailoRT] [info] [queue_elements.cpp:1131] [execute_deactivate] enqueue() in element MultiPushQEl0YOLOV8-Post-Process was aborted, got status = HAILO_SHUTDOWN_EVENT_SIGNALED(57)
[2026-08-18 04:13:15.972] [1886351] [HailoRT] [info] [queue_elements.cpp:1131] [execute_deactivate] enqueue() in element MultiPushQEl0YOLOV8-Post-Process was aborted, got status = HAILO_SHUTDOWN_EVENT_SIGNALED(57)
[2026-08-18 04:13:15.972] [1886351] [HailoRT] [info] [queue_elements.cpp:1131] [execute_deactivate] enqueue() in element MultiPushQEl0YOLOV8-Post-Process was aborted, got status = HAILO_SHUTDOWN_EVENT_SIGNALED(57)
[2026-08-18 04:13:15.972] [1886351] [HailoRT] [info] [queue_elements.cpp:1131] [execute_deactivate] enqueue() in element MultiPushQEl0YOLOV8-Post-Process was aborted, got status = HAILO_SHUTDOWN_EVENT_SIGNALED(57)
[2026-08-18 04:13:15.972] [1886351] [HailoRT] [info] [queue_elements.cpp:1131] [execute_deactivate] enqueue() in element MultiPushQEl0YOLOV8-Post-Process was aborted, got status = HAILO_SHUTDOWN_EVENT_SIGNALED(57)
[2026-08-18 04:13:15.972] [1886351] [HailoRT] [info] [queue_elements.cpp:1131] [execute_deactivate] enqueue() in element MultiPushQEl0YOLOV8-Post-Process was aborted, got status = HAILO_SHUTDOWN_EVENT_SIGNALED(57)
[2026-08-18 04:13:15.972] [1886351] [HailoRT] [info] [queue_elements.cpp:570] [execute_deactivate] enqueue() in element PushQEl3yolov8s/input_layer1 was aborted, got status = HAILO_SHUTDOWN_EVENT_SIGNALED(57)
[2026-08-18 04:13:15.972] [1886351] [HailoRT] [info] [queue_elements.cpp:570] [execute_deactivate] enqueue() in element EntryPushQEl0yolov8s/input_layer1 was aborted, got status = HAILO_SHUTDOWN_EVENT_SIGNALED(57)
[2026-08-18 04:13:15.972] [1886351] [HailoRT] [info] [queue_elements.cpp:46] [~BaseQueueE[2026-08-18 04:14:25.017] [1887238] [HailoRT] [info] [vdevice.cpp:523] [create] Creating vdevice with params: device_count: 1, scheduling_algorithm: ROUND_ROBIN, multi_process_service: false
[2026-08-18 04:14:25.030] [1887238] [HailoRT] [info] [device.cpp:49] [Device] OS Version: Linux 6.12.34+rpt-rpi-2712 #1 SMP PREEMPT Debian 1:6.12.34-1+rpt1~bookworm (2025-06-26) aarch64
[2026-08-18 04:14:25.031] [1887238] [HailoRT] [info] [control.cpp:108] [control__parse_identify_results] firmware_version is: 4.20.0
[2026-08-18 04:14:25.031] [1887238] [HailoRT] [info] [vdevice.cpp:651] [create] VDevice Infos: 0001:03:00.0
[2026-08-18 04:14:25.069] [1887238] [HailoRT] [info] [hef.cpp:1929] [get_network_group_and_network_name] No name was given. Addressing all networks of default network_group: yolov8s
[2026-08-18 04:14:25.069] [1887238] [HailoRT] [info] [hef.cpp:1929] [get_network_group_and_network_name] No name was given. Addressing all networks of default network_group: yolov8s
[2026-08-18 04:14:25.096] [1887238] [HailoRT] [info] [vdevice.cpp:523] [create] Creating vdevice with params: device_count: 1, scheduling_algorithm: ROUND_ROBIN, multi_process_service: false
[2026-08-18 04:14:25.203] [1887238] [HailoRT] [info] [hef.cpp:1929] [get_network_group_and_network_name] No name was given. Addressing all networks of default network_group: yolov8s_pose
[2026-08-18 04:14:25.203] [1887238] [HailoRT] [info] [hef.cpp:1929] [get_network_group_and_network_name] No name was given. Addressing all networks of default network_group: yolov8s_pose
[2026-08-18 04:14:25.230] [1887238] [HailoRT] [warning] [device_internal.cpp:616] [check_hef_is_compatible] HEF was compiled for Hailo8L device, while the device itself is Hailo8. This will result in lower performance.
[2026-08-18 04:14:25.230] [1887238] [HailoRT] [warning] [device_internal.cpp:616] [check_hef_is_compatible] HEF was compiled for Hailo8L device, while the device itself is Hailo8. This will result in lower performance.
[2026-08-18 04:14:25.241] [1887238] [HailoRT] [info] [internal_buffer_manager.cpp:204] [print_execution_results] Planned internal buffer memory: CMA memory 0, user memory 3321344. memory to edge layer usage factor is 0.93083656
[2026-08-18 04:14:25.241] [1887238] [HailoRT] [info] [internal_buffer_manager.cpp:212] [print_execution_results] Default Internal buffer planner executed successfully
[2026-08-18 04:14:25.259] [1887238] [HailoRT] [info] [device_internal.cpp:57] [configure] Configuring HEF took 28.357207 milliseconds
[2026-08-18 04:14:25.259] [1887238] [HailoRT] [info] [vdevice.cpp:749] [configure] Configuring HEF on VDevice took 28.868317 milliseconds
[2026-08-18 04:14:25.259] [1887238] [HailoRT] [info] [infer_model.cpp:436] [configure] Configuring network group 'yolov8s_pose' with params: batch size: 0, power mode: PERFORMANCE, latency: NONE
[2026-08-18 04:14:25.259] [1887238] [HailoRT] [info] [multi_io_elements.cpp:756] [create] Created (AsyncHwEl)
[2026-08-18 04:14:25.259] [1887238] [HailoRT] [info] [queue_elements.cpp:450] [create] Created (EntryPushQEl0yolov8s_pose/input_layer1 | timeout: 10s)
[2026-08-18 04:14:25.259] [1887238] [HailoRT] [info] [filter_elements.cpp:101] [create] Created (PreInferEl3yolov8s_pose/input_layer1 | Reorder - src_order: RGB4, src_shape: (640, 640, 3), dst_order: NHWC, dst_shape: (640, 640, 3))
[2026-08-18 04:14:25.259] [1887238] [HailoRT] [info] [queue_elements.cpp:450] [create] Created (PushQEl3yolov8s_pose/input_layer1 | timeout: 10s)
[2026-08-18 04:14:25.259] [1887238] [HailoRT] [info] [edge_elements.cpp:187] [create] Created (LastAsyncEl3AsyncHwEl)
[2026-08-18 04:14:25.259] [1887238] [HailoRT] [info] [queue_elements.cpp:450] [create] Created (PushQEl4AsyncHwEl | timeout: 10s)
[2026-08-18 04:14:25.259] [1887238] [HailoRT] [info] [filter_elements.cpp:375] [create] Created (PostInferEl4AsyncHwEl | Reorder - src_order: FCR, src_shape: (20, 20, 56), dst_order: FCR, dst_shape: (20, 20, 51))
[2026-08-18 04:14:25.259] [1887238] [HailoRT] [info] [edge_elements.cpp:187] [create] Created (LastAsyncEl0PostInferEl4AsyncHwEl)
[2026-08-18 04:14:25.259] [1887238] [HailoRT] [info] [edge_elements.cpp:187] [create] Created (LastAsyncEl5AsyncHwEl)
[2026-08-18 04:14:25.259] [1887238] [HailoRT] [info] [edge_elements.cpp:187] [create] Created (LastAsyncEl0AsyncHwEl)
[2026-08-18 04:14:25.259] [1887238] [HailoRT] [info] [edge_elements.cpp:187] [create] Created (LastAsyncEl1AsyncHwEl)
[2026-08-18 04:14:25.259] [1887238] [HailoRT] [info] [edge_elements.cpp:187] [create] Created (LastAsyncEl2AsyncHwEl)
[2026-08-18 04:14:25.260] [1887238] [HailoRT] [info] [queue_elements.cpp:450] [create] Created (PushQEl7AsyncHwEl | timeout: 10s)
[2026-08-18 04:14:25.260] [1887238] [HailoRT] [info] [filter_elements.cpp:375] [create] Created (PostInferEl7AsyncHwEl | Reorder - src_order: FCR, src_shape: (40, 40, 56), dst_order: FCR, dst_shape: (40, 40, 51))
[2026-08-18 04:14:25.260] [1887238] [HailoRT] [info] [edge_elements.cpp:187] [create] Created (LastAsyncEl0PostInferEl7AsyncHwEl)
[2026-08-18 04:14:25.260] [1887238] [HailoRT] [info] [edge_elements.cpp:187] [create] Created (LastAsyncEl8AsyncHwEl)
[2026-08-18 04:14:25.260] [1887238] [HailoRT] [info] [queue_elements.cpp:450] [create] Created (PushQEl6AsyncHwEl | timeout: 10s)
[2026-08-18 04:14:25.260] [1887238] [HailoRT] [info] [filter_elements.cpp:375] [create] Created (PostInferEl6AsyncHwEl | Reorder - src_order: FCR, src_shape: (80, 80, 56), dst_order: FCR, dst_shape: (80, 80, 51))
[2026-08-18 04:14:25.260] [1887238] [HailoRT] [info] [edge_elements.cpp:187] [create] Created (LastAsyncEl0PostInferEl6AsyncHwEl)
[2026-08-18 04:14:25.260] [1887238] [HailoRT] [info] [pipeline.cpp:891] [print_deep_description] EntryPushQEl0yolov8s_pose/input_layer1 | inputs: user | outputs: PreInferEl3yolov8s_pose/input_layer1(running in thread_id: 1887594)
[2026-08-18 04:14:25.260] [1887238] [HailoRT] [info] [pipeline.cpp:891] [print_deep_description] PreInferEl3yolov8s_pose/input_layer1 | inputs: EntryPushQEl0yolov8s_pose/input_layer1[0] | outputs: PushQEl3yolov8s_pose/input_layer1
[2026-08-18 04:14:25.260] [1887238] [HailoRT] [info] [pipeline.cpp:891] [print_deep_description] PushQEl3yolov8s_pose/input_layer1 | inputs: PreInferEl3yolov8s_pose/input_layer1[0] | outputs: AsyncHwEl(running in thread_id: 1887595)
[2026-08-18 04:14:25.260] [1887238] [HailoRT] [info] [pipeline.cpp:891] [print_deep_description] AsyncHwEl | inputs: PushQEl3yolov8s_pose/input_layer1[0] | outputs: LastAsyncEl0AsyncHwEl LastAsyncEl1AsyncHwEl LastAsyncEl2AsyncHwEl LastAsyncEl3AsyncHwEl PushQEl4AsyncHwEl LastAsyncEl5AsyncHwEl PushQEl6AsyncHwEl PushQEl7AsyncHwEl LastAsyncEl8AsyncHwEl
[2026-08-18 04:14:25.260] [1887238] [HailoRT] [info] [pipeline.cpp:891] [print_deep_description] LastAsyncEl0AsyncHwEl | inputs: AsyncHwEl[0] | outputs: user
[2026-08-18 04:14:25.260] [1887238] [HailoRT] [info] [pipeline.cpp:891] [print_deep_description] LastAsyncEl1AsyncHwEl | inputs: AsyncHwEl[0] | outputs: user
[2026-08-18 04:14:25.260] [1887238] [HailoRT] [info] [pipeline.cpp:891] [print_deep_description] LastAsyncEl2AsyncHwEl | inputs: AsyncHwEl[0] | outputs: user
[2026-08-18 04:14:25.260] [1887238] [HailoRT] [info] [pipeline.cpp:891] [print_deep_description] LastAsyncEl3AsyncHwEl | inputs: AsyncHwEl[0] | outputs: user
[2026-08-18 04:14:25.260] [1887238] [HailoRT] [info] [pipeline.cpp:891] [print_deep_description] PushQEl4AsyncHwEl | inputs: AsyncHwEl[0] | outputs: PostInferEl4AsyncHwEl(running in thread_id: 1887596)
[2026-08-18 04:14:25.260] [1887238] [HailoRT] [info] [pipeline.cpp:891] [print_deep_description] PostInferEl4AsyncHwEl | inputs: PushQEl4AsyncHwEl[0] | outputs: LastAsyncEl0PostInferEl4AsyncHwEl
[2026-08-18 04:14:25.260] [1887238] [HailoRT] [info] [pipeline.cpp:891] [print_deep_description] LastAsyncEl0PostInferEl4AsyncHwEl | inputs: PostInferEl4AsyncHwEl[0] | outputs: user
[2026-08-18 04:14:25.260] [1887238] [HailoRT] [info] [pipeline.cpp:891] [print_deep_description] LastAsyncEl5AsyncHwEl | inputs: AsyncHwEl[0] | outputs: user
[2026-08-18 04:14:25.260] [1887238] [HailoRT] [info] [pipeline.cpp:891] [print_deep_description] PushQEl6AsyncHwEl | inputs: AsyncHwEl[0] | outputs: PostInferEl6AsyncHwEl(running in thread_id: 1887598)
[2026-08-18 04:14:25.260] [1887238] [HailoRT] [info] [pipeline.cpp:891] [print_deep_description] PostInferEl6AsyncHwEl | inputs: PushQEl6AsyncHwEl[0] | outputs: LastAsyncEl0PostInferEl6AsyncHwEl
[2026-08-18 04:14:25.260] [1887238] [HailoRT] [info] [pipeline.cpp:891] [print_deep_description] LastAsyncEl0PostInferEl6AsyncHwEl | inputs: PostInferEl6AsyncHwEl[0] | outputs: user
[2026-08-18 04:14:25.260] [1887238] [HailoRT] [info] [pipeline.cpp:891] [print_deep_description] PushQEl7AsyncHwEl | inputs: AsyncHwEl[0] | outputs: PostInferEl7AsyncHwEl(running in thread_id: 1887597)
[2026-08-18 04:14:25.260] [1887238] [HailoRT] [info] [pipeline.cpp:891] [print_deep_description] PostInferEl7AsyncHwEl | inputs: PushQEl7AsyncHwEl[0] | outputs: LastAsyncEl0PostInferEl7AsyncHwEl
[2026-08-18 04:14:25.260] [1887238] [HailoRT] [info] [pipeline.cpp:891] [print_deep_description] LastAsyncEl0PostInferEl7AsyncHwEl | inputs: PostInferEl7AsyncHwEl[0] | outputs: user
[2026-08-18 04:14:25.260] [1887238] [HailoRT] [info] [pipeline.cpp:891] [print_deep_description] LastAsyncEl8AsyncHwEl | inputs: AsyncHwEl[0] | outputs: user
[2026-08-18 04:14:25.264] [1887238] [HailoRT] [info] [internal_buffer_manager.cpp:202] [print_execution_results] Default Internal buffer planner failed to meet requirements
[2026-08-18 04:14:25.264] [1887238] [HailoRT] [info] [internal_buffer_manager.cpp:212] [print_execution_results] Default Internal buffer planner executed successfully
[2026-08-18 04:14:25.275] [1887238] [HailoRT] [info] [device_internal.cpp:57] [configure] Configuring HEF took 13.075338 milliseconds
[2026-08-18 04:14:25.275] [1887238] [HailoRT] [info] [vdevice.cpp:749] [configure] Configuring HEF on VDevice took 13.472078 milliseconds
[2026-08-18 04:14:25.275] [1887238] [HailoRT] [info] [infer_model.cpp:436] [configure] Configuring network group 'yolov8s' with params: batch size: 0, power mode: PERFORMANCE, latency: NONE
[2026-08-18 04:14:25.275] [1887238] [HailoRT] [info] [multi_io_elements.cpp:756] [create] Created (AsyncHwEl)
[2026-08-18 04:14:25.275] [1887238] [HailoRT] [info] [queue_elements.cpp:450] [create] Created (EntryPushQEl0yolov8s/input_layer1 | timeout: 10s)
[2026-08-18 04:14:25.275] [1887238] [HailoRT] [info] [filter_elements.cpp:101] [create] Created (PreInferEl3yolov8s/input_layer1 | Reorder - src_order: RGB4, src_shape: (640, 640, 3), dst_order: NHCW, dst_shape: (640, 640, 3))
[2026-08-18 04:14:25.276] [1887238] [HailoRT] [info] [queue_elements.cpp:450] [create] Created (PushQEl3yolov8s/input_layer1 | timeout: 10s)
[2026-08-18 04:14:25.276] [1887238] [HailoRT] [info] [multi_io_elements.cpp:135] [create] Created (NmsPPMuxEl0YOLOV8-Post-Process | Op YOLOV8, Name: YOLOV8-Post-Process, Score threshold: 0.200, IoU threshold: 0.70, Classes: 80, Cross classes: false, NMS results order: BY_CLASS, Max bboxes per class: 100, Image height: 640, Image width: 640)
[2026-08-18 04:14:25.276] [1887238] [HailoRT] [info] [queue_elements.cpp:942] [create] Created (MultiPushQEl0YOLOV8-Post-Process | timeout: 10s)
[2026-08-18 04:14:25.276] [1887238] [HailoRT] [info] [edge_elements.cpp:187] [create] Created (LastAsyncEl0NmsPPMuxEl0YOLOV8-Post-Process)
[2026-08-18 04:14:25.276] [1887238] [HailoRT] [info] [pipeline.cpp:891] [print_deep_description] EntryPushQEl0yolov8s/input_layer1 | inputs: user | outputs: PreInferEl3yolov8s/input_layer1(running in thread_id: 1887599)
[2026-08-18 04:14:25.276] [1887238] [HailoRT] [info] [pipeline.cpp:891] [print_deep_description] PreInferEl3yolov8s/input_layer1 | inputs: EntryPushQEl0yolov8s/input_layer1[0] | outputs: PushQEl3yolov8s/input_layer1
[2026-08-18 04:14:25.276] [1887238] [HailoRT] [info] [pipeline.cpp:891] [print_deep_description] PushQEl3yolov8s/input_layer1 | inputs: PreInferEl3yolov8s/input_layer1[0] | outputs: AsyncHwEl(running in thread_id: 1887600)
[2026-08-18 04:14:25.276] [1887238] [HailoRT] [info] [pipeline.cpp:891] [print_deep_description] AsyncHwEl | inputs: PushQEl3yolov8s/input_layer1[0] | outputs: MultiPushQEl0YOLOV8-Post-Process MultiPushQEl0YOLOV8-Post-Process MultiPushQEl0YOLOV8-Post-Process MultiPushQEl0YOLOV8-Post-Process MultiPushQEl0YOLOV8-Post-Process MultiPushQEl0YOLOV8-Post-Process
[2026-08-18 04:14:25.276] [1887238] [HailoRT] [info] [pipeline.cpp:891] [print_deep_description] MultiPushQEl0YOLOV8-Post-Process | inputs: AsyncHwEl[0] AsyncHwEl[1] AsyncHwEl[2] AsyncHwEl[3] AsyncHwEl[4] AsyncHwEl[5] | outputs: NmsPPMuxEl0YOLOV8-Post-Process(running in thread_id: 1887601)
[2026-08-18 04:14:25.276] [1887238] [HailoRT] [info] [pipeline.cpp:891] [print_deep_description] NmsPPMuxEl0YOLOV8-Post-Process | inputs: MultiPushQEl0YOLOV8-Post-Process[0] | outputs: LastAsyncEl0NmsPPMuxEl0YOLOV8-Post-Process
[2026-08-18 04:14:25.276] [1887238] [HailoRT] [info] [pipeline.cpp:891] [print_deep_description] LastAsyncEl0NmsPPMuxEl0YOLOV8-Post-Process | inputs: NmsPPMuxEl0YOLOV8-Post-Process[0] | outputs: user
[2026-08-18 04:14:25.667] [1887582] [HailoRT] [info] [hef.cpp:1929] [get_network_group_and_network_name] No name was given. Addressing all networks of default network_group: yolov8s
[2026-08-18 04:14:25.668] [1887580] [HailoRT] [info] [hef.cpp:1929] [get_network_group_and_network_name] No name was given. Addressing all networks of default network_group: yolov8s_pose
[2026-08-18 04:14:38.697] [1887238] [HailoRT] [info] [async_infer_runner.cpp:86] [shutdown] Pipeline was aborted. Shutting it down
[2026-08-18 04:14:38.704] [1887574] [HailoRT] [info] [network_group.cpp:857] [operator()] Infer request was aborted by user
[2026-08-18 04:14:38.705] [1887238] [HailoRT] [info] [queue_elements.cpp:570] [execute_deactivate] enqueue() in element PushQEl4AsyncHwEl was aborted, got status = HAILO_SHUTDOWN_EVENT_SIGNALED(57)
[2026-08-18 04:14:38.705] [1887238] [HailoRT] [info] [queue_elements.cpp:570] [execute_deactivate] enqueue() in element PushQEl6AsyncHwEl was aborted, got status = HAILO_SHUTDOWN_EVENT_SIGNALED(57)
[2026-08-18 04:14:38.705] [1887238] [HailoRT] [info] [queue_elements.cpp:570] [execute_deactivate] enqueue() in element PushQEl7AsyncHwEl was aborted, got status = HAILO_SHUTDOWN_EVENT_SIGNALED(57)
[2026-08-18 04:14:38.705] [1887238] [HailoRT] [info] [queue_elements.cpp:570] [execute_deactivate] enqueue() in element PushQEl3yolov8s_pose/input_layer1 was aborted, got status = HAILO_SHUTDOWN_EVENT_SIGNALED(57)
[2026-08-18 04:14:38.705] [1887238] [HailoRT] [info] [queue_elements.cpp:570] [execute_deactivate] enqueue() in element EntryPushQEl0yolov8s_pose/input_layer1 was aborted, got status = HAILO_SHUTDOWN_EVENT_SIGNALED(57)
[2026-08-18 04:14:38.705] [1887238] [HailoRT] [info] [queue_elements.cpp:46] [~BaseQueueElement] Queue element EntryPushQEl0yolov8s_pose/input_layer1 has 0 frames in his Queue on destruction
[2026-08-18 04:14:38.705] [1887238] [HailoRT] [info] [queue_elements.cpp:46] [~BaseQueueElement] Queue element PushQEl3yolov8s_pose/input_layer1 has 0 frames in his Queue on destruction
[2026-08-18 04:14:38.705] [1887238] [HailoRT] [info] [queue_elements.cpp:46] [~BaseQueueElement] Queue element PushQEl4AsyncHwEl has 0 frames in his Queue on destruction
[2026-08-18 04:14:38.705] [1887238] [HailoRT] [info] [queue_elements.cpp:46] [~BaseQueueElement] Queue element PushQEl7AsyncHwEl has 0 frames in his Queue on destruction
[2026-08-18 04:14:38.705] [1887238] [HailoRT] [info] [queue_elements.cpp:46] [~BaseQueueElement] Queue element PushQEl6AsyncHwEl has 0 frames in his Queue on destruction
[2026-08-18 04:14:38.705] [1887238] [HailoRT] [info] [async_infer_runner.cpp:86] [shutdown] Pipeline was aborted. Shutting it down
[2026-08-18 04:14:38.708] [1887574] [HailoRT] [info] [network_group.cpp:857] [operator()] Infer request was aborted by user
[2026-08-18 04:14:38.708] [1887238] [HailoRT] [info] [queue_elements.cpp:1131] [execute_deactivate] enqueue() in element MultiPushQEl0YOLOV8-Post-Process was aborted, got status = HAILO_SHUTDOWN_EVENT_SIGNALED(57)
[2026-08-18 04:14:38.708] [1887238] [HailoRT] [info] [queue_elements.cpp:1131] [execute_deactivate] enqueue() in element MultiPushQEl0YOLOV8-Post-Process was aborted, got status = HAILO_SHUTDOWN_EVENT_SIGNALED(57)
[2026-08-18 04:14:38.709] [1887238] [HailoRT] [info] [queue_elements.cpp:1131] [execute_deactivate] enqueue() in element MultiPushQEl0YOLOV8-Post-Process was aborted, got status = HAILO_SHUTDOWN_EVENT_SIGNALED(57)
[2026-08-18 04:14:38.709] [1887238] [HailoRT] [info] [queue_elements.cpp:1131] [execute_deactivate] enqueue() in element MultiPushQEl0YOLOV8-Post-Process was aborted, got status = HAILO_SHUTDOWN_EVENT_SIGNALED(57)
[2026-08-18 04:14:38.709] [1887238] [HailoRT] [info] [queue_elements.cpp:1131] [execute_deactivate] enqueue() in element MultiPushQEl0YOLOV8-Post-Process was aborted, got status = HAILO_SHUTDOWN_EVENT_SIGNALED(57)
[2026-08-18 04:14:38.709] [1887238] [HailoRT] [info] [queue_elements.cpp:1131] [execute_deactivate] enqueue() in element MultiPushQEl0YOLOV8-Post-Process was aborted, got status = HAILO_SHUTDOWN_EVENT_SIGNALED(57)
[2026-08-18 04:14:38.709] [1887238] [HailoRT] [info] [queue_elements.cpp:570] [execute_deactivate] enqueue() in element PushQEl3yolov8s/input_layer1 was aborted, got status = HAILO_SHUTDOWN_EVENT_SIGNALED(57)
[2026-08-18 04:14:38.709] [1887238] [HailoRT] [info] [queue_elements.cpp:570] [execute_deactivate] enqueue() in element EntryPushQEl0yolov8s/input_layer1 was aborted, got status = HAILO_SHUTDOWN_EVENT_SIGNALED(57)
[2026-08-18 04:14:38.709] [1887238] [HailoRT] [info] [queue_elements.cpp:46] [~BaseQueueElement] Queue element EntryPushQEl0yolov8s/input_layer1 has 0 frames in his Queue on destruction
[2026-08-18 04:14:38.709] [1887238] [HailoRT] [info] [queue_elements.cpp:46] [~BaseQueueElement] Queue element PushQEl3yolov8s/input_layer1 has 0 frames in his Queue on destruction
[2026-08-18 04:14:38.769] [1887238] [HailoRT] [info] [vdevice.cpp:523] [create] Creating vdevice with params: device_count: 1, scheduling_algorithm: ROUND_ROBIN, multi_process_service: false
[2026-08-18 04:14:38.782] [1887238] [HailoRT] [info] [device.cpp:49] [Device] OS Version: Linux 6.12.34+rpt-rpi-2712 #1 SMP PREEMPT Debian 1:6.12.34-1+rpt1~bookworm (2025-06-26) aarch64
[2026-08-18 04:14:38.783] [1887238] [HailoRT] [info] [control.cpp:108] [control__parse_identify_results] firmware_version is: 4.20.0
[2026-08-18 04:14:38.783] [1887238] [HailoRT] [info] [vdevice.cpp:651] [create] VDevice Infos: 0001:03:00.0
[2026-08-18 04:14:38.821] [1887238] [HailoRT] [info] [hef.cpp:1929] [get_network_group_and_network_name] No name was given. Addressing all networks of default network_group: yolov8s
[2026-08-18 04:14:38.821] [1887238] [HailoRT] [info] [hef.cpp:1929] [get_network_group_and_network_name] No name was given. Addressing all networks of default network_group: yolov8s
[2026-08-18 04:14:38.848] [1887238] [HailoRT] [info] [vdevice.cpp:523] [create] Creating vdevice with params: device_count: 1, scheduling_algorithm: ROUND_ROBIN, multi_process_service: false
[2026-08-18 04:14:38.957] [1887238] [HailoRT] [info] [hef.cpp:1929] [get_network_group_and_network_name] No name was given. Addressing all networks of default network_group: yolov8s_pose
[2026-08-18 04:14:38.957] [1887238] [HailoRT] [info] [hef.cpp:1929] [get_network_group_and_network_name] No name was given. Addressing all networks of default network_group: yolov8s_pose
[2026-08-18 04:14:39.015] [1887238] [HailoRT] [warning] [device_internal.cpp:616] [check_hef_is_compatible] HEF was compiled for Hailo8L device, while the device itself is Hailo8. This will result in lower performance.
[2026-08-18 04:14:39.016] [1887238] [HailoRT] [warning] [device_internal.cpp:616] [check_hef_is_compatible] HEF was compiled for Hailo8L device, while the device itself is Hailo8. This will result in lower performance.
[2026-08-18 04:14:39.029] [1887238] [HailoRT] [info] [internal_buffer_manager.cpp:204] [print_execution_results] Planned internal buffer memory: CMA memory 0, user memory 3321344. memory to edge layer usage factor is 0.93083656
[2026-08-18 04:14:39.029] [1887238] [HailoRT] [info] [internal_buffer_manager.cpp:212] [print_execution_results] Default Internal buffer planner executed successfully
[2026-08-18 04:14:39.069] [1887238] [HailoRT] [info] [device_internal.cpp:57] [configure] Configuring HEF took 53.218017 milliseconds
[2026-08-18 04:14:39.069] [1887238] [HailoRT] [info] [vdevice.cpp:749] [configure] Configuring HEF on VDevice took 53.722757 milliseconds
[2026-08-18 04:14:39.069] [1887238] [HailoRT] [info] [infer_model.cpp:436] [configure] Configuring network group 'yolov8s_pose' with params: batch size: 0, power mode: PERFORMANCE, latency: NONE
[2026-08-18 04:14:39.069] [1887238] [HailoRT] [info] [multi_io_elements.cpp:756] [create] Created (AsyncHwEl)
[2026-08-18 04:14:39.069] [1887238] [HailoRT] [info] [queue_elements.cpp:450] [create] Created (EntryPushQEl0yolov8s_pose/input_layer1 | timeout: 10s)
[2026-08-18 04:14:39.069] [1887238] [HailoRT] [info] [filter_elements.cpp:101] [create] Created (PreInferEl3yolov8s_pose/input_layer1 | Reorder - src_order: RGB4, src_shape: (640, 640, 3), dst_order: NHWC, dst_shape: (640, 640, 3))
[2026-08-18 04:14:39.069] [1887238] [HailoRT] [info] [queue_elements.cpp:450] [create] Created (PushQEl3yolov8s_pose/input_layer1 | timeout: 10s)
[2026-08-18 04:14:39.069] [1887238] [HailoRT] [info] [edge_elements.cpp:187] [create] Created (LastAsyncEl3AsyncHwEl)
[2026-08-18 04:14:39.069] [1887238] [HailoRT] [info] [queue_elements.cpp:450] [create] Created (PushQEl4AsyncHwEl | timeout: 10s)
[2026-08-18 04:14:39.069] [1887238] [HailoRT] [info] [filter_elements.cpp:375] [create] Created (PostInferEl4AsyncHwEl | Reorder - src_order: FCR, src_shape: (20, 20, 56), dst_order: FCR, dst_shape: (20, 20, 51))
[2026-08-18 04:14:39.069] [1887238] [HailoRT] [info] [edge_elements.cpp:187] [create] Created (LastAsyncEl0PostInferEl4AsyncHwEl)
[2026-08-18 04:14:39.069] [1887238] [HailoRT] [info] [edge_elements.cpp:187] [create] Created (LastAsyncEl5AsyncHwEl)
[2026-08-18 04:14:39.069] [1887238] [HailoRT] [info] [edge_elements.cpp:187] [create] Created (LastAsyncEl0AsyncHwEl)
[2026-08-18 04:14:39.069] [1887238] [HailoRT] [info] [edge_elements.cpp:187] [create] Created (LastAsyncEl1AsyncHwEl)
[2026-08-18 04:14:39.069] [1887238] [HailoRT] [info] [edge_elements.cpp:187] [create] Created (LastAsyncEl2AsyncHwEl)
[2026-08-18 04:14:39.070] [1887238] [HailoRT] [info] [queue_elements.cpp:450] [create] Created (PushQEl7AsyncHwEl | timeout: 10s)
[2026-08-18 04:14:39.070] [1887238] [HailoRT] [info] [filter_elements.cpp:375] [create] Created (PostInferEl7AsyncHwEl | Reorder - src_order: FCR, src_shape: (40, 40, 56), dst_order: FCR, dst_shape: (40, 40, 51))
[2026-08-18 04:14:39.070] [1887238] [HailoRT] [info] [edge_elements.cpp:187] [create] Created (LastAsyncEl0PostInferEl7AsyncHwEl)
[2026-08-18 04:14:39.070] [1887238] [HailoRT] [info] [edge_elements.cpp:187] [create] Created (LastAsyncEl8AsyncHwEl)
[2026-08-18 04:14:39.070] [1887238] [HailoRT] [info] [queue_elements.cpp:450] [create] Created (PushQEl6AsyncHwEl | timeout: 10s)
[2026-08-18 04:14:39.070] [1887238] [HailoRT] [info] [filter_elements.cpp:375] [create] Created (PostInferEl6AsyncHwEl | Reorder - src_order: FCR, src_shape: (80, 80, 56), dst_order: FCR, dst_shape: (80, 80, 51))
[2026-08-18 04:14:39.070] [1887238] [HailoRT] [info] [edge_elements.cpp:187] [create] Created (LastAsyncEl0PostInferEl6AsyncHwEl)
[2026-08-18 04:14:39.070] [1887238] [HailoRT] [info] [pipeline.cpp:891] [print_deep_description] EntryPushQEl0yolov8s_pose/input_layer1 | inputs: user | outputs: PreInferEl3yolov8s_pose/input_layer1(running in thread_id: 1887842)
[2026-08-18 04:14:39.070] [1887238] [HailoRT] [info] [pipeline.cpp:891] [print_deep_description] PreInferEl3yolov8s_pose/input_layer1 | inputs: EntryPushQEl0yolov8s_pose/input_layer1[0] | outputs: PushQEl3yolov8s_pose/input_layer1
[2026-08-18 04:14:39.070] [1887238] [HailoRT] [info] [pipeline.cpp:891] [print_deep_description] PushQEl3yolov8s_pose/input_layer1 | inputs: PreInferEl3yolov8s_pose/input_layer1[0] | outputs: AsyncHwEl(running in thread_id: 1887843)
[2026-08-18 04:14:39.070] [1887238] [HailoRT] [info] [pipeline.cpp:891] [print_deep_description] AsyncHwEl | inputs: PushQEl3yolov8s_pose/input_layer1[0] | outputs: LastAsyncEl0AsyncHwEl LastAsyncEl1AsyncHwEl LastAsyncEl2AsyncHwEl LastAsyncEl3AsyncHwEl PushQEl4AsyncHwEl LastAsyncEl5AsyncHwEl PushQEl6AsyncHwEl PushQEl7AsyncHwEl LastAsyncEl8AsyncHwEl
[2026-08-18 04:14:39.070] [1887238] [HailoRT] [info] [pipeline.cpp:891] [print_deep_description] LastAsyncEl0AsyncHwEl | inputs: AsyncHwEl[0] | outputs: user
[2026-08-18 04:14:39.070] [1887238] [HailoRT] [info] [pipeline.cpp:891] [print_deep_description] LastAsyncEl1AsyncHwEl | inputs: AsyncHwEl[0] | outputs: user
[2026-08-18 04:14:39.070] [1887238] [HailoRT] [info] [pipeline.cpp:891] [print_deep_description] LastAsyncEl2AsyncHwEl | inputs: AsyncHwEl[0] | outputs: user
[2026-08-18 04:14:39.070] [1887238] [HailoRT] [info] [pipeline.cpp:891] [print_deep_description] LastAsyncEl3AsyncHwEl | inputs: AsyncHwEl[0] | outputs: user
[2026-08-18 04:14:39.070] [1887238] [HailoRT] [info] [pipeline.cpp:891] [print_deep_description] PushQEl4AsyncHwEl | inputs: AsyncHwEl[0] | outputs: PostInferEl4AsyncHwEl(running in thread_id: 1887844)
[2026-08-18 04:14:39.070] [1887238] [HailoRT] [info] [pipeline.cpp:891] [print_deep_description] PostInferEl4AsyncHwEl | inputs: PushQEl4AsyncHwEl[0] | outputs: LastAsyncEl0PostInferEl4AsyncHwEl
[2026-08-18 04:14:39.070] [1887238] [HailoRT] [info] [pipeline.cpp:891] [print_deep_description] LastAsyncEl0PostInferEl4AsyncHwEl | inputs: PostInferEl4AsyncHwEl[0] | outputs: user
[2026-08-18 04:14:39.070] [1887238] [HailoRT] [info] [pipeline.cpp:891] [print_deep_description] LastAsyncEl5AsyncHwEl | inputs: AsyncHwEl[0] | outputs: user
[2026-08-18 04:14:39.070] [1887238] [HailoRT] [info] [pipeline.cpp:891] [print_deep_description] PushQEl6AsyncHwEl | inputs: AsyncHwEl[0] | outputs: PostInferEl6AsyncHwEl(running in thread_id: 1887846)
[2026-08-18 04:14:39.070] [1887238] [HailoRT] [info] [pipeline.cpp:891] [print_deep_description] PostInferEl6AsyncHwEl | inputs: PushQEl6AsyncHwEl[0] | outputs: LastAsyncEl0PostInferEl6AsyncHwEl
[2026-08-18 04:14:39.070] [1887238] [HailoRT] [info] [pipeline.cpp:891] [print_deep_description] LastAsyncEl0PostInferEl6AsyncHwEl | inputs: PostInferEl6AsyncHwEl[0] | outputs: user
[2026-08-18 04:14:39.070] [1887238] [HailoRT] [info] [pipeline.cpp:891] [print_deep_description] PushQEl7AsyncHwEl | inputs: AsyncHwEl[0] | outputs: PostInferEl7AsyncHwEl(running in thread_id: 1887845)
[2026-08-18 04:14:39.070] [1887238] [HailoRT] [info] [pipeline.cpp:891] [print_deep_description] PostInferEl7AsyncHwEl | inputs: PushQEl7AsyncHwEl[0] | outputs: LastAsyncEl0PostInferEl7AsyncHwEl
[2026-08-18 04:14:39.070] [1887238] [HailoRT] [info] [pipeline.cpp:891] [print_deep_description] LastAsyncEl0PostInferEl7AsyncHwEl | inputs: PostInferEl7AsyncHwEl[0] | outputs: user
[2026-08-18 04:14:39.070] [1887238] [HailoRT] [info] [pipeline.cpp:891] [print_deep_description] LastAsyncEl8AsyncHwEl | inputs: AsyncHwEl[0] | outputs: user
[2026-08-18 04:14:39.075] [1887238] [HailoRT] [info] [internal_buffer_manager.cpp:202] [print_execution_results] Default Internal buffer planner failed to meet requirements
[2026-08-18 04:14:39.075] [1887238] [HailoRT] [info] [internal_buffer_manager.cpp:212] [print_execution_results] Default Internal buffer planner executed successfully
[2026-08-18 04:14:39.105] [1887238] [HailoRT] [info] [device_internal.cpp:57] [configure] Configuring HEF took 33.437362 milliseconds
[2026-08-18 04:14:39.105] [1887238] [HailoRT] [info] [vdevice.cpp:749] [configure] Configuring HEF on VDevice took 33.835898 milliseconds
[2026-08-18 04:14:39.105] [1887238] [HailoRT] [info] [infer_model.cpp:436] [configure] Configuring network group 'yolov8s' with params: batch size: 0, power mode: PERFORMANCE, latency: NONE
[2026-08-18 04:14:39.105] [1887238] [HailoRT] [info] [multi_io_elements.cpp:756] [create] Created (AsyncHwEl)
[2026-08-18 04:14:39.105] [1887238] [HailoRT] [info] [queue_elements.cpp:450] [create] Created (EntryPushQEl0yolov8s/input_layer1 | timeout: 10s)
[2026-08-18 04:14:39.105] [1887238] [HailoRT] [info] [filter_elements.cpp:101] [create] Created (PreInferEl3yolov8s/input_layer1 | Reorder - src_order: RGB4, src_shape: (640, 640, 3), dst_order: NHCW, dst_shape: (640, 640, 3))
[2026-08-18 04:14:39.106] [1887238] [HailoRT] [info] [queue_elements.cpp:450] [create] Created (PushQEl3yolov8s/input_layer1 | timeout: 10s)
[2026-08-18 04:14:39.106] [1887238] [HailoRT] [info] [multi_io_elements.cpp:135] [create] Created (NmsPPMuxEl0YOLOV8-Post-Process | Op YOLOV8, Name: YOLOV8-Post-Process, Score threshold: 0.200, IoU threshold: 0.70, Classes: 80, Cross classes: false, NMS results order: BY_CLASS, Max bboxes per class: 100, Image height: 640, Image width: 640)
[2026-08-18 04:14:39.106] [1887238] [HailoRT] [info] [queue_elements.cpp:942] [create] Created (MultiPushQEl0YOLOV8-Post-Process | timeout: 10s)
[2026-08-18 04:14:39.106] [1887238] [HailoRT] [info] [edge_elements.cpp:187] [create] Created (LastAsyncEl0NmsPPMuxEl0YOLOV8-Post-Process)
[2026-08-18 04:14:39.106] [1887238] [HailoRT] [info] [pipeline.cpp:891] [print_deep_description] EntryPushQEl0yolov8s/input_layer1 | inputs: user | outputs: PreInferEl3yolov8s/input_layer1(running in thread_id: 1887847)
[2026-08-18 04:14:39.106] [1887238] [HailoRT] [info] [pipeline.cpp:891] [print_deep_description] PreInferEl3yolov8s/input_layer1 | inputs: EntryPushQEl0yolov8s/input_layer1[0] | outputs: PushQEl3yolov8s/input_layer1
[2026-08-18 04:14:39.106] [1887238] [HailoRT] [info] [pipeline.cpp:891] [print_deep_description] PushQEl3yolov8s/input_layer1 | inputs: PreInferEl3yolov8s/input_layer1[0] | outputs: AsyncHwEl(running in thread_id: 1887848)
[2026-08-18 04:14:39.106] [1887238] [HailoRT] [info] [pipeline.cpp:891] [print_deep_description] AsyncHwEl | inputs: PushQEl3yolov8s/input_layer1[0] | outputs: MultiPushQEl0YOLOV8-Post-Process MultiPushQEl0YOLOV8-Post-Process MultiPushQEl0YOLOV8-Post-Process MultiPushQEl0YOLOV8-Post-Process MultiPushQEl0YOLOV8-Post-Process MultiPushQEl0YOLOV8-Post-Process
[2026-08-18 04:14:39.106] [1887238] [HailoRT] [info] [pipeline.cpp:891] [print_deep_description] MultiPushQEl0YOLOV8-Post-Process | inputs: AsyncHwEl[0] AsyncHwEl[1] AsyncHwEl[2] AsyncHwEl[3] AsyncHwEl[4] AsyncHwEl[5] | outputs: NmsPPMuxEl0YOLOV8-Post-Process(running in thread_id: 1887849)
[2026-08-18 04:14:39.106] [1887238] [HailoRT] [info] [pipeline.cpp:891] [print_deep_description] NmsPPMuxEl0YOLOV8-Post-Process | inputs: MultiPushQEl0YOLOV8-Post-Process[0] | outputs: LastAsyncEl0NmsPPMuxEl0YOLOV8-Post-Process
[2026-08-18 04:14:39.106] [1887238] [HailoRT] [info] [pipeline.cpp:891] [print_deep_description] LastAsyncEl0NmsPPMuxEl0YOLOV8-Post-Process | inputs: NmsPPMuxEl0YOLOV8-Post-Process[0] | outputs: user
[2026-08-18 04:14:39.405] [1887580] [HailoRT] [info] [hef.cpp:1929] [get_network_group_and_network_name] No name was given. Addressing all networks of default network_group: yolov8s_pose
[2026-08-18 04:14:39.453] [1887585] [HailoRT] [info] [hef.cpp:1929] [get_network_group_and_network_name] No name was given. Addressing all networks of default network_group: yolov8s
[2026-08-18 04:18:59.099] [1887238] [HailoRT] [info] [async_infer_runner.cpp:86] [shutdown] Pipeline was aborted. Shutting it down
[2026-08-18 04:18:59.108] [1887832] [HailoRT] [info] [network_group.cpp:857] [operator()] Infer request was aborted by user
[2026-08-18 04:18:59.111] [1887238] [HailoRT] [info] [queue_elements.cpp:570] [execute_deactivate] enqueue() in element PushQEl4AsyncHwEl was aborted, got status = HAILO_SHUTDOWN_EVENT_SIGNALED(57)
[2026-08-18 04:18:59.111] [1887238] [HailoRT] [info] [queue_elements.cpp:570] [execute_deactivate] enqueue() in element PushQEl6AsyncHwEl was aborted, got status = HAILO_SHUTDOWN_EVENT_SIGNALED(57)
[2026-08-18 04:18:59.111] [1887238] [HailoRT] [info] [queue_elements.cpp:570] [execute_deactivate] enqueue() in element PushQEl7AsyncHwEl was aborted, got status = HAILO_SHUTDOWN_EVENT_SIGNALED(57)
[2026-08-18 04:18:59.111] [1887238] [HailoRT] [info] [queue_elements.cpp:570] [execute_deactivate] enqueue() in element PushQEl3yolov8s_pose/input_layer1 was aborted, got status = HAILO_SHUTDOWN_EVENT_SIGNALED(57)
[2026-08-18 04:18:59.111] [1887238] [HailoRT] [info] [queue_elements.cpp:570] [execute_deactivate] enqueue() in element EntryPushQEl0yolov8s_pose/input_layer1 was aborted, got status = HAILO_SHUTDOWN_EVENT_SIGNALED(57)
[2026-08-18 04:18:59.111] [1887238] [HailoRT] [info] [queue_elements.cpp:46] [~BaseQueueElement] Queue element EntryPushQEl0yolov8s_pose/input_layer1 has 0 frames in his Queue on destruction
[2026-08-18 04:18:59.111] [1887238] [HailoRT] [info] [queue_elements.cpp:46] [~BaseQueueElement] Queue element PushQEl3yolov8s_pose/input_layer1 has 0 frames in his Queue on destruction
[2026-08-18 04:18:59.112] [1887238] [HailoRT] [info] [queue_elements.cpp:46] [~BaseQueueElement] Queue element PushQEl4AsyncHwEl has 0 frames in his Queue on destruction
[2026-08-18 04:18:59.112] [1887238] [HailoRT] [info] [queue_elements.cpp:46] [~BaseQueueElement] Queue element PushQEl7AsyncHwEl has 0 frames in his Queue on destruction
[2026-08-18 04:18:59.112] [1887238] [HailoRT] [info] [queue_elements.cpp:46] [~BaseQueueElement] Queue element PushQEl6AsyncHwEl has 0 frames in his Queue on destruction
[2026-08-18 04:18:59.112] [1887238] [HailoRT] [info] [async_infer_runner.cpp:86] [shutdown] Pipeline was aborted. Shutting it down
[2026-08-18 04:18:59.115] [1887238] [HailoRT] [info] [queue_elements.cpp:1131] [execute_deactivate] enqueue() in element MultiPushQEl0YOLOV8-Post-Process was aborted, got status = HAILO_SHUTDOWN_EVENT_SIGNALED(57)
[2026-08-18 04:18:59.115] [1887238] [HailoRT] [info] [queue_elements.cpp:1131] [execute_deactivate] enqueue() in element MultiPushQEl0YOLOV8-Post-Process was aborted, got status = HAILO_SHUTDOWN_EVENT_SIGNALED(57)
[2026-08-18 04:18:59.115] [1887238] [HailoRT] [info] [queue_elements.cpp:1131] [execute_deactivate] enqueue() in element MultiPushQEl0YOLOV8-Post-Process was aborted, got status = HAILO_SHUTDOWN_EVENT_SIGNALED(57)
[2026-08-18 04:18:59.115] [1887238] [HailoRT] [info] [queue_elements.cpp:1131] [execute_deactivate] enqueue() in element MultiPushQEl0YOLOV8-Post-Process was aborted, got status = HAILO_SHUTDOWN_EVENT_SIGNALED(57)
[2026-08-18 04:18:59.115] [1887238] [HailoRT] [info] [queue_elements.cpp:1131] [execute_deactivate] enqueue() in element MultiPushQEl0YOLOV8-Post-Process was aborted, got status = HAILO_SHUTDOWN_EVENT_SIGNALED(57)
[2026-08-18 04:18:59.115] [1887238] [HailoRT] [info] [queue_elements.cpp:1131] [execute_deactivate] enqueue() in element MultiPushQEl0YOLOV8-Post-Process was aborted, got status = HAILO_SHUTDOWN_EVENT_SIGNALED(57)
[2026-08-18 04:18:59.115] [1887238] [HailoRT] [info] [queue_elements.cpp:570] [execute_deactivate] enqueue() in element PushQEl3yolov8s/input_layer1 was aborted, got status = HAILO_SHUTDOWN_EVENT_SIGNALED(57)
[2026-08-18 04:18:59.115] [1887238] [HailoRT] [info] [queue_elements.cpp:570] [execute_deactivate] enqueue() in element EntryPushQEl0yolov8s/input_layer1 was aborted, got status = HAILO_SHUTDOWN_EVENT_SIGNALED(57)
[2026-08-18 04:18:59.115] [1887238] [HailoRT] [info] [queue_elements.cpp:46] [~BaseQueueE[2026-08-18 04:19:43.747] [1888674] [HailoRT] [info] [vdevice.cpp:523] [create] Creating vdevice with params: device_count: 1, scheduling_algorithm: ROUND_ROBIN, multi_process_service: false
[2026-08-18 04:19:43.759] [1888674] [HailoRT] [info] [device.cpp:49] [Device] OS Version: Linux 6.12.34+rpt-rpi-2712 #1 SMP PREEMPT Debian 1:6.12.34-1+rpt1~bookworm (2025-06-26) aarch64
[2026-08-18 04:19:43.760] [1888674] [HailoRT] [info] [control.cpp:108] [control__parse_identify_results] firmware_version is: 4.20.0
[2026-08-18 04:19:43.760] [1888674] [HailoRT] [info] [vdevice.cpp:651] [create] VDevice Infos: 0001:03:00.0
[2026-08-18 04:19:43.798] [1888674] [HailoRT] [info] [hef.cpp:1929] [get_network_group_and_network_name] No name was given. Addressing all networks of default network_group: yolov8s
[2026-08-18 04:19:43.798] [1888674] [HailoRT] [info] [hef.cpp:1929] [get_network_group_and_network_name] No name was given. Addressing all networks of default network_group: yolov8s
[2026-08-18 04:19:43.827] [1888674] [HailoRT] [info] [vdevice.cpp:523] [create] Creating vdevice with params: device_count: 1, scheduling_algorithm: ROUND_ROBIN, multi_process_service: false
[2026-08-18 04:19:43.942] [1888674] [HailoRT] [info] [hef.cpp:1929] [get_network_group_and_network_name] No name was given. Addressing all networks of default network_group: yolov8s_pose
[2026-08-18 04:19:43.942] [1888674] [HailoRT] [info] [hef.cpp:1929] [get_network_group_and_network_name] No name was given. Addressing all networks of default network_group: yolov8s_pose
[2026-08-18 04:19:43.972] [1888674] [HailoRT] [warning] [device_internal.cpp:616] [check_hef_is_compatible] HEF was compiled for Hailo8L device, while the device itself is Hailo8. This will result in lower performance.
[2026-08-18 04:19:43.973] [1888674] [HailoRT] [warning] [device_internal.cpp:616] [check_hef_is_compatible] HEF was compiled for Hailo8L device, while the device itself is Hailo8. This will result in lower performance.
[2026-08-18 04:19:43.983] [1888674] [HailoRT] [info] [internal_buffer_manager.cpp:204] [print_execution_results] Planned internal buffer memory: CMA memory 0, user memory 3321344. memory to edge layer usage factor is 0.93083656
[2026-08-18 04:19:43.983] [1888674] [HailoRT] [info] [internal_buffer_manager.cpp:212] [print_execution_results] Default Internal buffer planner executed successfully
[2026-08-18 04:19:44.008] [1888674] [HailoRT] [info] [device_internal.cpp:57] [configure] Configuring HEF took 35.911672 milliseconds
[2026-08-18 04:19:44.008] [1888674] [HailoRT] [info] [vdevice.cpp:749] [configure] Configuring HEF on VDevice took 36.799615 milliseconds
[2026-08-18 04:19:44.009] [1888674] [HailoRT] [info] [infer_model.cpp:436] [configure] Configuring network group 'yolov8s_pose' with params: batch size: 0, power mode: PERFORMANCE, latency: NONE
[2026-08-18 04:19:44.009] [1888674] [HailoRT] [info] [multi_io_elements.cpp:756] [create] Created (AsyncHwEl)
[2026-08-18 04:19:44.009] [1888674] [HailoRT] [info] [queue_elements.cpp:450] [create] Created (EntryPushQEl0yolov8s_pose/input_layer1 | timeout: 10s)
[2026-08-18 04:19:44.009] [1888674] [HailoRT] [info] [filter_elements.cpp:101] [create] Created (PreInferEl3yolov8s_pose/input_layer1 | Reorder - src_order: RGB4, src_shape: (640, 640, 3), dst_order: NHWC, dst_shape: (640, 640, 3))
[2026-08-18 04:19:44.009] [1888674] [HailoRT] [info] [queue_elements.cpp:450] [create] Created (PushQEl3yolov8s_pose/input_layer1 | timeout: 10s)
[2026-08-18 04:19:44.009] [1888674] [HailoRT] [info] [edge_elements.cpp:187] [create] Created (LastAsyncEl3AsyncHwEl)
[2026-08-18 04:19:44.009] [1888674] [HailoRT] [info] [queue_elements.cpp:450] [create] Created (PushQEl4AsyncHwEl | timeout: 10s)
[2026-08-18 04:19:44.009] [1888674] [HailoRT] [info] [filter_elements.cpp:375] [create] Created (PostInferEl4AsyncHwEl | Reorder - src_order: FCR, src_shape: (20, 20, 56), dst_order: FCR, dst_shape: (20, 20, 51))
[2026-08-18 04:19:44.009] [1888674] [HailoRT] [info] [edge_elements.cpp:187] [create] Created (LastAsyncEl0PostInferEl4AsyncHwEl)
[2026-08-18 04:19:44.009] [1888674] [HailoRT] [info] [edge_elements.cpp:187] [create] Created (LastAsyncEl5AsyncHwEl)
[2026-08-18 04:19:44.009] [1888674] [HailoRT] [info] [edge_elements.cpp:187] [create] Created (LastAsyncEl0AsyncHwEl)
[2026-08-18 04:19:44.009] [1888674] [HailoRT] [info] [edge_elements.cpp:187] [create] Created (LastAsyncEl1AsyncHwEl)
[2026-08-18 04:19:44.009] [1888674] [HailoRT] [info] [edge_elements.cpp:187] [create] Created (LastAsyncEl2AsyncHwEl)
[2026-08-18 04:19:44.009] [1888674] [HailoRT] [info] [queue_elements.cpp:450] [create] Created (PushQEl7AsyncHwEl | timeout: 10s)
[2026-08-18 04:19:44.009] [1888674] [HailoRT] [info] [filter_elements.cpp:375] [create] Created (PostInferEl7AsyncHwEl | Reorder - src_order: FCR, src_shape: (40, 40, 56), dst_order: FCR, dst_shape: (40, 40, 51))
[2026-08-18 04:19:44.009] [1888674] [HailoRT] [info] [edge_elements.cpp:187] [create] Created (LastAsyncEl0PostInferEl7AsyncHwEl)
[2026-08-18 04:19:44.009] [1888674] [HailoRT] [info] [edge_elements.cpp:187] [create] Created (LastAsyncEl8AsyncHwEl)
[2026-08-18 04:19:44.009] [1888674] [HailoRT] [info] [queue_elements.cpp:450] [create] Created (PushQEl6AsyncHwEl | timeout: 10s)
[2026-08-18 04:19:44.009] [1888674] [HailoRT] [info] [filter_elements.cpp:375] [create] Created (PostInferEl6AsyncHwEl | Reorder - src_order: FCR, src_shape: (80, 80, 56), dst_order: FCR, dst_shape: (80, 80, 51))
[2026-08-18 04:19:44.009] [1888674] [HailoRT] [info] [edge_elements.cpp:187] [create] Created (LastAsyncEl0PostInferEl6AsyncHwEl)
[2026-08-18 04:19:44.009] [1888674] [HailoRT] [info] [pipeline.cpp:891] [print_deep_description] EntryPushQEl0yolov8s_pose/input_layer1 | inputs: user | outputs: PreInferEl3yolov8s_pose/input_layer1(running in thread_id: 1889076)
[2026-08-18 04:19:44.010] [1888674] [HailoRT] [info] [pipeline.cpp:891] [print_deep_description] PreInferEl3yolov8s_pose/input_layer1 | inputs: EntryPushQEl0yolov8s_pose/input_layer1[0] | outputs: PushQEl3yolov8s_pose/input_layer1
[2026-08-18 04:19:44.010] [1888674] [HailoRT] [info] [pipeline.cpp:891] [print_deep_description] PushQEl3yolov8s_pose/input_layer1 | inputs: PreInferEl3yolov8s_pose/input_layer1[0] | outputs: AsyncHwEl(running in thread_id: 1889077)
[2026-08-18 04:19:44.010] [1888674] [HailoRT] [info] [pipeline.cpp:891] [print_deep_description] AsyncHwEl | inputs: PushQEl3yolov8s_pose/input_layer1[0] | outputs: LastAsyncEl0AsyncHwEl LastAsyncEl1AsyncHwEl LastAsyncEl2AsyncHwEl LastAsyncEl3AsyncHwEl PushQEl4AsyncHwEl LastAsyncEl5AsyncHwEl PushQEl6AsyncHwEl PushQEl7AsyncHwEl LastAsyncEl8AsyncHwEl
[2026-08-18 04:19:44.010] [1888674] [HailoRT] [info] [pipeline.cpp:891] [print_deep_description] LastAsyncEl0AsyncHwEl | inputs: AsyncHwEl[0] | outputs: user
[2026-08-18 04:19:44.010] [1888674] [HailoRT] [info] [pipeline.cpp:891] [print_deep_description] LastAsyncEl1AsyncHwEl | inputs: AsyncHwEl[0] | outputs: user
[2026-08-18 04:19:44.010] [1888674] [HailoRT] [info] [pipeline.cpp:891] [print_deep_description] LastAsyncEl2AsyncHwEl | inputs: AsyncHwEl[0] | outputs: user
[2026-08-18 04:19:44.010] [1888674] [HailoRT] [info] [pipeline.cpp:891] [print_deep_description] LastAsyncEl3AsyncHwEl | inputs: AsyncHwEl[0] | outputs: user
[2026-08-18 04:19:44.010] [1888674] [HailoRT] [info] [pipeline.cpp:891] [print_deep_description] PushQEl4AsyncHwEl | inputs: AsyncHwEl[0] | outputs: PostInferEl4AsyncHwEl(running in thread_id: 1889078)
[2026-08-18 04:19:44.010] [1888674] [HailoRT] [info] [pipeline.cpp:891] [print_deep_description] PostInferEl4AsyncHwEl | inputs: PushQEl4AsyncHwEl[0] | outputs: LastAsyncEl0PostInferEl4AsyncHwEl
[2026-08-18 04:19:44.010] [1888674] [HailoRT] [info] [pipeline.cpp:891] [print_deep_description] LastAsyncEl0PostInferEl4AsyncHwEl | inputs: PostInferEl4AsyncHwEl[0] | outputs: user
[2026-08-18 04:19:44.010] [1888674] [HailoRT] [info] [pipeline.cpp:891] [print_deep_description] LastAsyncEl5AsyncHwEl | inputs: AsyncHwEl[0] | outputs: user
[2026-08-18 04:19:44.010] [1888674] [HailoRT] [info] [pipeline.cpp:891] [print_deep_description] PushQEl6AsyncHwEl | inputs: AsyncHwEl[0] | outputs: PostInferEl6AsyncHwEl(running in thread_id: 1889080)
[2026-08-18 04:19:44.010] [1888674] [HailoRT] [info] [pipeline.cpp:891] [print_deep_description] PostInferEl6AsyncHwEl | inputs: PushQEl6AsyncHwEl[0] | outputs: LastAsyncEl0PostInferEl6AsyncHwEl
[2026-08-18 04:19:44.010] [1888674] [HailoRT] [info] [pipeline.cpp:891] [print_deep_description] LastAsyncEl0PostInferEl6AsyncHwEl | inputs: PostInferEl6AsyncHwEl[0] | outputs: user
[2026-08-18 04:19:44.010] [1888674] [HailoRT] [info] [pipeline.cpp:891] [print_deep_description] PushQEl7AsyncHwEl | inputs: AsyncHwEl[0] | outputs: PostInferEl7AsyncHwEl(running in thread_id: 1889079)
[2026-08-18 04:19:44.010] [1888674] [HailoRT] [info] [pipeline.cpp:891] [print_deep_description] PostInferEl7AsyncHwEl | inputs: PushQEl7AsyncHwEl[0] | outputs: LastAsyncEl0PostInferEl7AsyncHwEl
[2026-08-18 04:19:44.010] [1888674] [HailoRT] [info] [pipeline.cpp:891] [print_deep_description] LastAsyncEl0PostInferEl7AsyncHwEl | inputs: PostInferEl7AsyncHwEl[0] | outputs: user
[2026-08-18 04:19:44.010] [1888674] [HailoRT] [info] [pipeline.cpp:891] [print_deep_description] LastAsyncEl8AsyncHwEl | inputs: AsyncHwEl[0] | outputs: user
[2026-08-18 04:19:44.014] [1888674] [HailoRT] [info] [internal_buffer_manager.cpp:202] [print_execution_results] Default Internal buffer planner failed to meet requirements
[2026-08-18 04:19:44.014] [1888674] [HailoRT] [info] [internal_buffer_manager.cpp:212] [print_execution_results] Default Internal buffer planner executed successfully
[2026-08-18 04:19:44.025] [1888674] [HailoRT] [info] [device_internal.cpp:57] [configure] Configuring HEF took 13.088635 milliseconds
[2026-08-18 04:19:44.025] [1888674] [HailoRT] [info] [vdevice.cpp:749] [configure] Configuring HEF on VDevice took 13.597171 milliseconds
[2026-08-18 04:19:44.026] [1888674] [HailoRT] [info] [infer_model.cpp:436] [configure] Configuring network group 'yolov8s' with params: batch size: 0, power mode: PERFORMANCE, latency: NONE
[2026-08-18 04:19:44.026] [1888674] [HailoRT] [info] [multi_io_elements.cpp:756] [create] Created (AsyncHwEl)
[2026-08-18 04:19:44.026] [1888674] [HailoRT] [info] [queue_elements.cpp:450] [create] Created (EntryPushQEl0yolov8s/input_layer1 | timeout: 10s)
[2026-08-18 04:19:44.026] [1888674] [HailoRT] [info] [filter_elements.cpp:101] [create] Created (PreInferEl3yolov8s/input_layer1 | Reorder - src_order: RGB4, src_shape: (640, 640, 3), dst_order: NHCW, dst_shape: (640, 640, 3))
[2026-08-18 04:19:44.026] [1888674] [HailoRT] [info] [queue_elements.cpp:450] [create] Created (PushQEl3yolov8s/input_layer1 | timeout: 10s)
[2026-08-18 04:19:44.026] [1888674] [HailoRT] [info] [multi_io_elements.cpp:135] [create] Created (NmsPPMuxEl0YOLOV8-Post-Process | Op YOLOV8, Name: YOLOV8-Post-Process, Score threshold: 0.200, IoU threshold: 0.70, Classes: 80, Cross classes: false, NMS results order: BY_CLASS, Max bboxes per class: 100, Image height: 640, Image width: 640)
[2026-08-18 04:19:44.026] [1888674] [HailoRT] [info] [queue_elements.cpp:942] [create] Created (MultiPushQEl0YOLOV8-Post-Process | timeout: 10s)
[2026-08-18 04:19:44.026] [1888674] [HailoRT] [info] [edge_elements.cpp:187] [create] Created (LastAsyncEl0NmsPPMuxEl0YOLOV8-Post-Process)
[2026-08-18 04:19:44.026] [1888674] [HailoRT] [info] [pipeline.cpp:891] [print_deep_description] EntryPushQEl0yolov8s/input_layer1 | inputs: user | outputs: PreInferEl3yolov8s/input_layer1(running in thread_id: 1889081)
[2026-08-18 04:19:44.026] [1888674] [HailoRT] [info] [pipeline.cpp:891] [print_deep_description] PreInferEl3yolov8s/input_layer1 | inputs: EntryPushQEl0yolov8s/input_layer1[0] | outputs: PushQEl3yolov8s/input_layer1
[2026-08-18 04:19:44.026] [1888674] [HailoRT] [info] [pipeline.cpp:891] [print_deep_description] PushQEl3yolov8s/input_layer1 | inputs: PreInferEl3yolov8s/input_layer1[0] | outputs: AsyncHwEl(running in thread_id: 1889082)
[2026-08-18 04:19:44.026] [1888674] [HailoRT] [info] [pipeline.cpp:891] [print_deep_description] AsyncHwEl | inputs: PushQEl3yolov8s/input_layer1[0] | outputs: MultiPushQEl0YOLOV8-Post-Process MultiPushQEl0YOLOV8-Post-Process MultiPushQEl0YOLOV8-Post-Process MultiPushQEl0YOLOV8-Post-Process MultiPushQEl0YOLOV8-Post-Process MultiPushQEl0YOLOV8-Post-Process
[2026-08-18 04:19:44.026] [1888674] [HailoRT] [info] [pipeline.cpp:891] [print_deep_description] MultiPushQEl0YOLOV8-Post-Process | inputs: AsyncHwEl[0] AsyncHwEl[1] AsyncHwEl[2] AsyncHwEl[3] AsyncHwEl[4] AsyncHwEl[5] | outputs: NmsPPMuxEl0YOLOV8-Post-Process(running in thread_id: 1889083)
[2026-08-18 04:19:44.026] [1888674] [HailoRT] [info] [pipeline.cpp:891] [print_deep_description] NmsPPMuxEl0YOLOV8-Post-Process | inputs: MultiPushQEl0YOLOV8-Post-Process[0] | outputs: LastAsyncEl0NmsPPMuxEl0YOLOV8-Post-Process
[2026-08-18 04:19:44.026] [1888674] [HailoRT] [info] [pipeline.cpp:891] [print_deep_description] LastAsyncEl0NmsPPMuxEl0YOLOV8-Post-Process | inputs: NmsPPMuxEl0YOLOV8-Post-Process[0] | outputs: user
[2026-08-18 04:19:44.396] [1889062] [HailoRT] [info] [hef.cpp:1929] [get_network_group_and_network_name] No name was given. Addressing all networks of default network_group: yolov8s_pose
[2026-08-18 04:19:44.469] [1889064] [HailoRT] [info] [hef.cpp:1929] [get_network_group_and_network_name] No name was given. Addressing all networks of default network_group: yolov8s
[2026-08-18 04:20:08.165] [1888674] [HailoRT] [info] [async_infer_runner.cpp:86] [shutdown] Pipeline was aborted. Shutting it down
[2026-08-18 04:20:08.166] [1889076] [HailoRT] [info] [queue_elements.cpp:497] [operator()] Thread in element EntryPushQEl0yolov8s_pose/input_layer1 is not running anymore, exiting..
[2026-08-18 04:20:08.166] [1888674] [HailoRT] [info] [queue_elements.cpp:570] [execute_deactivate] enqueue() in element PushQEl4AsyncHwEl was aborted, got status = HAILO_SHUTDOWN_EVENT_SIGNALED(57)
[2026-08-18 04:20:08.166] [1888674] [HailoRT] [info] [queue_elements.cpp:570] [execute_deactivate] enqueue() in element PushQEl6AsyncHwEl was aborted, got status = HAILO_SHUTDOWN_EVENT_SIGNALED(57)
[2026-08-18 04:20:08.166] [1888674] [HailoRT] [info] [queue_elements.cpp:570] [execute_deactivate] enqueue() in element PushQEl7AsyncHwEl was aborted, got status = HAILO_SHUTDOWN_EVENT_SIGNALED(57)
[2026-08-18 04:20:08.166] [1888674] [HailoRT] [info] [queue_elements.cpp:570] [execute_deactivate] enqueue() in element PushQEl3yolov8s_pose/input_layer1 was aborted, got status = HAILO_SHUTDOWN_EVENT_SIGNALED(57)
[2026-08-18 04:20:08.166] [1888674] [HailoRT] [info] [queue_elements.cpp:570] [execute_deactivate] enqueue() in element EntryPushQEl0yolov8s_pose/input_layer1 was aborted, got status = HAILO_SHUTDOWN_EVENT_SIGNALED(57)
[2026-08-18 04:20:08.166] [1888674] [HailoRT] [info] [queue_elements.cpp:46] [~BaseQueueElement] Queue element EntryPushQEl0yolov8s_pose/input_layer1 has 0 frames in his Queue on destruction
[2026-08-18 04:20:08.166] [1888674] [HailoRT] [info] [queue_elements.cpp:46] [~BaseQueueElement] Queue element PushQEl3yolov8s_pose/input_layer1 has 0 frames in his Queue on destruction
[2026-08-18 04:20:08.166] [1888674] [HailoRT] [info] [queue_elements.cpp:46] [~BaseQueueElement] Queue element PushQEl4AsyncHwEl has 0 frames in his Queue on destruction
[2026-08-18 04:20:08.166] [1888674] [HailoRT] [info] [queue_elements.cpp:46] [~BaseQueueElement] Queue element PushQEl7AsyncHwEl has 0 frames in his Queue on destruction
[2026-08-18 04:20:08.166] [1888674] [HailoRT] [info] [queue_elements.cpp:46] [~BaseQueueElement] Queue element PushQEl6AsyncHwEl has 0 frames in his Queue on destruction
[2026-08-18 04:20:08.167] [1888674] [HailoRT] [info] [async_infer_runner.cpp:86] [shutdown] Pipeline was aborted. Shutting it down
[2026-08-18 04:20:08.169] [1888674] [HailoRT] [info] [queue_elements.cpp:1131] [execute_deactivate] enqueue() in element MultiPushQEl0YOLOV8-Post-Process was aborted, got status = HAILO_SHUTDOWN_EVENT_SIGNALED(57)
[2026-08-18 04:20:08.169] [1888674] [HailoRT] [info] [queue_elements.cpp:1131] [execute_deactivate] enqueue() in element MultiPushQEl0YOLOV8-Post-Process was aborted, got status = HAILO_SHUTDOWN_EVENT_SIGNALED(57)
[2026-08-18 04:20:08.169] [1888674] [HailoRT] [info] [queue_elements.cpp:1131] [execute_deactivate] enqueue() in element MultiPushQEl0YOLOV8-Post-Process was aborted, got status = HAILO_SHUTDOWN_EVENT_SIGNALED(57)
[2026-08-18 04:20:08.169] [1888674] [HailoRT] [info] [queue_elements.cpp:1131] [execute_deactivate] enqueue() in element MultiPushQEl0YOLOV8-Post-Process was aborted, got status = HAILO_SHUTDOWN_EVENT_SIGNALED(57)
[2026-08-18 04:20:08.169] [1888674] [HailoRT] [info] [queue_elements.cpp:1131] [execute_deactivate] enqueue() in element MultiPushQEl0YOLOV8-Post-Process was aborted, got status = HAILO_SHUTDOWN_EVENT_SIGNALED(57)
[2026-08-18 04:20:08.169] [1888674] [HailoRT] [info] [queue_elements.cpp:1131] [execute_deactivate] enqueue() in element MultiPushQEl0YOLOV8-Post-Process was aborted, got status = HAILO_SHUTDOWN_EVENT_SIGNALED(57)
[2026-08-18 04:20:08.169] [1888674] [HailoRT] [info] [queue_elements.cpp:570] [execute_deactivate] enqueue() in element PushQEl3yolov8s/input_layer1 was aborted, got status = HAILO_SHUTDOWN_EVENT_SIGNALED(57)
[2026-08-18 04:20:08.169] [1888674] [HailoRT] [info] [queue_elements.cpp:570] [execute_deactivate] enqueue() in element EntryPushQEl0yolov8s/input_layer1 was aborted, got status = HAILO_SHUTDOWN_EVENT_SIGNALED(57)
[2026-08-18 04:20:08.169] [1888674] [HailoRT] [info] [queue_elements.cpp:46] [~BaseQueueElement] Queue element EntryPushQEl0yolov8s/input_layer1 has 0 frames in his Queue on destruction
[2026-08-18 04:20:08.169] [1888674] [HailoRT] [info] [queue_elements.cpp:46] [~BaseQueueElement] Queue element PushQEl3yolov8s/input_layer1 has 0 frames in his Queue on destruction
[2026-08-18 04:20:08.354] [1888674] [HailoRT] [info] [vdevice.cpp:523] [create] Creating vdevice with params: device_count: 1, scheduling_algorithm: ROUND_ROBIN, multi_process_service: false
[2026-08-18 04:20:08.366] [1888674] [HailoRT] [info] [device.cpp:49] [Device] OS Version: Linux 6.12.34+rpt-rpi-2712 #1 SMP PREEMPT Debian 1:6.12.34-1+rpt1~bookworm (2025-06-26) aarch64
[2026-08-18 04:20:08.367] [1888674] [HailoRT] [info] [control.cpp:108] [control__parse_identify_results] firmware_version is: 4.20.0
[2026-08-18 04:20:08.367] [1888674] [HailoRT] [info] [vdevice.cpp:651] [create] VDevice Infos: 0001:03:00.0
[2026-08-18 04:20:08.405] [1888674] [HailoRT] [info] [hef.cpp:1929] [get_network_group_and_network_name] No name was given. Addressing all networks of default network_group: yolov8s
[2026-08-18 04:20:08.405] [1888674] [HailoRT] [info] [hef.cpp:1929] [get_network_group_and_network_name] No name was given. Addressing all networks of default network_group: yolov8s
[2026-08-18 04:20:08.432] [1888674] [HailoRT] [info] [vdevice.cpp:523] [create] Creating vdevice with params: device_count: 1, scheduling_algorithm: ROUND_ROBIN, multi_process_service: false
[2026-08-18 04:20:08.539] [1888674] [HailoRT] [info] [hef.cpp:1929] [get_network_group_and_network_name] No name was given. Addressing all networks of default network_group: yolov8s_pose
[2026-08-18 04:20:08.539] [1888674] [HailoRT] [info] [hef.cpp:1929] [get_network_group_and_network_name] No name was given. Addressing all networks of default network_group: yolov8s_pose
[2026-08-18 04:20:08.567] [1888674] [HailoRT] [warning] [device_internal.cpp:616] [check_hef_is_compatible] HEF was compiled for Hailo8L device, while the device itself is Hailo8. This will result in lower performance.
[2026-08-18 04:20:08.568] [1888674] [HailoRT] [warning] [device_internal.cpp:616] [check_hef_is_compatible] HEF was compiled for Hailo8L device, while the device itself is Hailo8. This will result in lower performance.
[2026-08-18 04:20:08.575] [1888674] [HailoRT] [info] [internal_buffer_manager.cpp:204] [print_execution_results] Planned internal buffer memory: CMA memory 0, user memory 3321344. memory to edge layer usage factor is 0.93083656
[2026-08-18 04:20:08.575] [1888674] [HailoRT] [info] [internal_buffer_manager.cpp:212] [print_execution_results] Default Internal buffer planner executed successfully
[2026-08-18 04:20:08.601] [1888674] [HailoRT] [info] [device_internal.cpp:57] [configure] Configuring HEF took 33.700734 milliseconds
[2026-08-18 04:20:08.601] [1888674] [HailoRT] [info] [vdevice.cpp:749] [configure] Configuring HEF on VDevice took 34.180307 milliseconds
[2026-08-18 04:20:08.601] [1888674] [HailoRT] [info] [infer_model.cpp:436] [configure] Configuring network group 'yolov8s_pose' with params: batch size: 0, power mode: PERFORMANCE, latency: NONE
[2026-08-18 04:20:08.601] [1888674] [HailoRT] [info] [multi_io_elements.cpp:756] [create] Created (AsyncHwEl)
[2026-08-18 04:20:08.602] [1888674] [HailoRT] [info] [queue_elements.cpp:450] [create] Created (EntryPushQEl0yolov8s_pose/input_layer1 | timeout: 10s)
[2026-08-18 04:20:08.602] [1888674] [HailoRT] [info] [filter_elements.cpp:101] [create] Created (PreInferEl3yolov8s_pose/input_layer1 | Reorder - src_order: RGB4, src_shape: (640, 640, 3), dst_order: NHWC, dst_shape: (640, 640, 3))
[2026-08-18 04:20:08.602] [1888674] [HailoRT] [info] [queue_elements.cpp:450] [create] Created (PushQEl3yolov8s_pose/input_layer1 | timeout: 10s)
[2026-08-18 04:20:08.602] [1888674] [HailoRT] [info] [edge_elements.cpp:187] [create] Created (LastAsyncEl3AsyncHwEl)
[2026-08-18 04:20:08.602] [1888674] [HailoRT] [info] [queue_elements.cpp:450] [create] Created (PushQEl4AsyncHwEl | timeout: 10s)
[2026-08-18 04:20:08.602] [1888674] [HailoRT] [info] [filter_elements.cpp:375] [create] Created (PostInferEl4AsyncHwEl | Reorder - src_order: FCR, src_shape: (20, 20, 56), dst_order: FCR, dst_shape: (20, 20, 51))
[2026-08-18 04:20:08.602] [1888674] [HailoRT] [info] [edge_elements.cpp:187] [create] Created (LastAsyncEl0PostInferEl4AsyncHwEl)
[2026-08-18 04:20:08.602] [1888674] [HailoRT] [info] [edge_elements.cpp:187] [create] Created (LastAsyncEl5AsyncHwEl)
[2026-08-18 04:20:08.602] [1888674] [HailoRT] [info] [edge_elements.cpp:187] [create] Created (LastAsyncEl0AsyncHwEl)
[2026-08-18 04:20:08.602] [1888674] [HailoRT] [info] [edge_elements.cpp:187] [create] Created (LastAsyncEl1AsyncHwEl)
[2026-08-18 04:20:08.602] [1888674] [HailoRT] [info] [edge_elements.cpp:187] [create] Created (LastAsyncEl2AsyncHwEl)
[2026-08-18 04:20:08.602] [1888674] [HailoRT] [info] [queue_elements.cpp:450] [create] Created (PushQEl7AsyncHwEl | timeout: 10s)
[2026-08-18 04:20:08.602] [1888674] [HailoRT] [info] [filter_elements.cpp:375] [create] Created (PostInferEl7AsyncHwEl | Reorder - src_order: FCR, src_shape: (40, 40, 56), dst_order: FCR, dst_shape: (40, 40, 51))
[2026-08-18 04:20:08.602] [1888674] [HailoRT] [info] [edge_elements.cpp:187] [create] Created (LastAsyncEl0PostInferEl7AsyncHwEl)
[2026-08-18 04:20:08.602] [1888674] [HailoRT] [info] [edge_elements.cpp:187] [create] Created (LastAsyncEl8AsyncHwEl)
[2026-08-18 04:20:08.602] [1888674] [HailoRT] [info] [queue_elements.cpp:450] [create] Created (PushQEl6AsyncHwEl | timeout: 10s)
[2026-08-18 04:20:08.602] [1888674] [HailoRT] [info] [filter_elements.cpp:375] [create] Created (PostInferEl6AsyncHwEl | Reorder - src_order: FCR, src_shape: (80, 80, 56), dst_order: FCR, dst_shape: (80, 80, 51))
[2026-08-18 04:20:08.602] [1888674] [HailoRT] [info] [edge_elements.cpp:187] [create] Created (LastAsyncEl0PostInferEl6AsyncHwEl)
[2026-08-18 04:20:08.602] [1888674] [HailoRT] [info] [pipeline.cpp:891] [print_deep_description] EntryPushQEl0yolov8s_pose/input_layer1 | inputs: user | outputs: PreInferEl3yolov8s_pose/input_layer1(running in thread_id: 1889219)
[2026-08-18 04:20:08.602] [1888674] [HailoRT] [info] [pipeline.cpp:891] [print_deep_description] PreInferEl3yolov8s_pose/input_layer1 | inputs: EntryPushQEl0yolov8s_pose/input_layer1[0] | outputs: PushQEl3yolov8s_pose/input_layer1
[2026-08-18 04:20:08.602] [1888674] [HailoRT] [info] [pipeline.cpp:891] [print_deep_description] PushQEl3yolov8s_pose/input_layer1 | inputs: PreInferEl3yolov8s_pose/input_layer1[0] | outputs: AsyncHwEl(running in thread_id: 1889220)
[2026-08-18 04:20:08.602] [1888674] [HailoRT] [info] [pipeline.cpp:891] [print_deep_description] AsyncHwEl | inputs: PushQEl3yolov8s_pose/input_layer1[0] | outputs: LastAsyncEl0AsyncHwEl LastAsyncEl1AsyncHwEl LastAsyncEl2AsyncHwEl LastAsyncEl3AsyncHwEl PushQEl4AsyncHwEl LastAsyncEl5AsyncHwEl PushQEl6AsyncHwEl PushQEl7AsyncHwEl LastAsyncEl8AsyncHwEl
[2026-08-18 04:20:08.602] [1888674] [HailoRT] [info] [pipeline.cpp:891] [print_deep_description] LastAsyncEl0AsyncHwEl | inputs: AsyncHwEl[0] | outputs: user
[2026-08-18 04:20:08.602] [1888674] [HailoRT] [info] [pipeline.cpp:891] [print_deep_description] LastAsyncEl1AsyncHwEl | inputs: AsyncHwEl[0] | outputs: user
[2026-08-18 04:20:08.602] [1888674] [HailoRT] [info] [pipeline.cpp:891] [print_deep_description] LastAsyncEl2AsyncHwEl | inputs: AsyncHwEl[0] | outputs: user
[2026-08-18 04:20:08.602] [1888674] [HailoRT] [info] [pipeline.cpp:891] [print_deep_description] LastAsyncEl3AsyncHwEl | inputs: AsyncHwEl[0] | outputs: user
[2026-08-18 04:20:08.602] [1888674] [HailoRT] [info] [pipeline.cpp:891] [print_deep_description] PushQEl4AsyncHwEl | inputs: AsyncHwEl[0] | outputs: PostInferEl4AsyncHwEl(running in thread_id: 1889221)
[2026-08-18 04:20:08.602] [1888674] [HailoRT] [info] [pipeline.cpp:891] [print_deep_description] PostInferEl4AsyncHwEl | inputs: PushQEl4AsyncHwEl[0] | outputs: LastAsyncEl0PostInferEl4AsyncHwEl
[2026-08-18 04:20:08.602] [1888674] [HailoRT] [info] [pipeline.cpp:891] [print_deep_description] LastAsyncEl0PostInferEl4AsyncHwEl | inputs: PostInferEl4AsyncHwEl[0] | outputs: user
[2026-08-18 04:20:08.602] [1888674] [HailoRT] [info] [pipeline.cpp:891] [print_deep_description] LastAsyncEl5AsyncHwEl | inputs: AsyncHwEl[0] | outputs: user
[2026-08-18 04:20:08.602] [1888674] [HailoRT] [info] [pipeline.cpp:891] [print_deep_description] PushQEl6AsyncHwEl | inputs: AsyncHwEl[0] | outputs: PostInferEl6AsyncHwEl(running in thread_id: 1889223)
[2026-08-18 04:20:08.602] [1888674] [HailoRT] [info] [pipeline.cpp:891] [print_deep_description] PostInferEl6AsyncHwEl | inputs: PushQEl6AsyncHwEl[0] | outputs: LastAsyncEl0PostInferEl6AsyncHwEl
[2026-08-18 04:20:08.602] [1888674] [HailoRT] [info] [pipeline.cpp:891] [print_deep_description] LastAsyncEl0PostInferEl6AsyncHwEl | inputs: PostInferEl6AsyncHwEl[0] | outputs: user
[2026-08-18 04:20:08.602] [1888674] [HailoRT] [info] [pipeline.cpp:891] [print_deep_description] PushQEl7AsyncHwEl | inputs: AsyncHwEl[0] | outputs: PostInferEl7AsyncHwEl(running in thread_id: 1889222)
[2026-08-18 04:20:08.602] [1888674] [HailoRT] [info] [pipeline.cpp:891] [print_deep_description] PostInferEl7AsyncHwEl | inputs: PushQEl7AsyncHwEl[0] | outputs: LastAsyncEl0PostInferEl7AsyncHwEl
[2026-08-18 04:20:08.602] [1888674] [HailoRT] [info] [pipeline.cpp:891] [print_deep_description] LastAsyncEl0PostInferEl7AsyncHwEl | inputs: PostInferEl7AsyncHwEl[0] | outputs: user
[2026-08-18 04:20:08.602] [1888674] [HailoRT] [info] [pipeline.cpp:891] [print_deep_description] LastAsyncEl8AsyncHwEl | inputs: AsyncHwEl[0] | outputs: user
[2026-08-18 04:20:08.605] [1888674] [HailoRT] [info] [internal_buffer_manager.cpp:202] [print_execution_results] Default Internal buffer planner failed to meet requirements
[2026-08-18 04:20:08.605] [1888674] [HailoRT] [info] [internal_buffer_manager.cpp:212] [print_execution_results] Default Internal buffer planner executed successfully
[2026-08-18 04:20:08.616] [1888674] [HailoRT] [info] [device_internal.cpp:57] [configure] Configuring HEF took 11.645157 milliseconds
[2026-08-18 04:20:08.616] [1888674] [HailoRT] [info] [vdevice.cpp:749] [configure] Configuring HEF on VDevice took 12.031268 milliseconds
[2026-08-18 04:20:08.616] [1888674] [HailoRT] [info] [infer_model.cpp:436] [configure] Configuring network group 'yolov8s' with params: batch size: 0, power mode: PERFORMANCE, latency: NONE
[2026-08-18 04:20:08.616] [1888674] [HailoRT] [info] [multi_io_elements.cpp:756] [create] Created (AsyncHwEl)
[2026-08-18 04:20:08.616] [1888674] [HailoRT] [info] [queue_elements.cpp:450] [create] Created (EntryPushQEl0yolov8s/input_layer1 | timeout: 10s)
[2026-08-18 04:20:08.616] [1888674] [HailoRT] [info] [filter_elements.cpp:101] [create] Created (PreInferEl3yolov8s/input_layer1 | Reorder - src_order: RGB4, src_shape: (640, 640, 3), dst_order: NHCW, dst_shape: (640, 640, 3))
[2026-08-18 04:20:08.616] [1888674] [HailoRT] [info] [queue_elements.cpp:450] [create] Created (PushQEl3yolov8s/input_layer1 | timeout: 10s)
[2026-08-18 04:20:08.616] [1888674] [HailoRT] [info] [multi_io_elements.cpp:135] [create] Created (NmsPPMuxEl0YOLOV8-Post-Process | Op YOLOV8, Name: YOLOV8-Post-Process, Score threshold: 0.200, IoU threshold: 0.70, Classes: 80, Cross classes: false, NMS results order: BY_CLASS, Max bboxes per class: 100, Image height: 640, Image width: 640)
[2026-08-18 04:20:08.616] [1888674] [HailoRT] [info] [queue_elements.cpp:942] [create] Created (MultiPushQEl0YOLOV8-Post-Process | timeout: 10s)
[2026-08-18 04:20:08.616] [1888674] [HailoRT] [info] [edge_elements.cpp:187] [create] Created (LastAsyncEl0NmsPPMuxEl0YOLOV8-Post-Process)
[2026-08-18 04:20:08.616] [1888674] [HailoRT] [info] [pipeline.cpp:891] [print_deep_description] EntryPushQEl0yolov8s/input_layer1 | inputs: user | outputs: PreInferEl3yolov8s/input_layer1(running in thread_id: 1889224)
[2026-08-18 04:20:08.616] [1888674] [HailoRT] [info] [pipeline.cpp:891] [print_deep_description] PreInferEl3yolov8s/input_layer1 | inputs: EntryPushQEl0yolov8s/input_layer1[0] | outputs: PushQEl3yolov8s/input_layer1
[2026-08-18 04:20:08.616] [1888674] [HailoRT] [info] [pipeline.cpp:891] [print_deep_description] PushQEl3yolov8s/input_layer1 | inputs: PreInferEl3yolov8s/input_layer1[0] | outputs: AsyncHwEl(running in thread_id: 1889225)
[2026-08-18 04:20:08.616] [1888674] [HailoRT] [info] [pipeline.cpp:891] [print_deep_description] AsyncHwEl | inputs: PushQEl3yolov8s/input_layer1[0] | outputs: MultiPushQEl0YOLOV8-Post-Process MultiPushQEl0YOLOV8-Post-Process MultiPushQEl0YOLOV8-Post-Process MultiPushQEl0YOLOV8-Post-Process MultiPushQEl0YOLOV8-Post-Process MultiPushQEl0YOLOV8-Post-Process
[2026-08-18 04:20:08.616] [1888674] [HailoRT] [info] [pipeline.cpp:891] [print_deep_description] MultiPushQEl0YOLOV8-Post-Process | inputs: AsyncHwEl[0] AsyncHwEl[1] AsyncHwEl[2] AsyncHwEl[3] AsyncHwEl[4] AsyncHwEl[5] | outputs: NmsPPMuxEl0YOLOV8-Post-Process(running in thread_id: 1889226)
[2026-08-18 04:20:08.616] [1888674] [HailoRT] [info] [pipeline.cpp:891] [print_deep_description] NmsPPMuxEl0YOLOV8-Post-Process | inputs: MultiPushQEl0YOLOV8-Post-Process[0] | outputs: LastAsyncEl0NmsPPMuxEl0YOLOV8-Post-Process
[2026-08-18 04:20:08.616] [1888674] [HailoRT] [info] [pipeline.cpp:891] [print_deep_description] LastAsyncEl0NmsPPMuxEl0YOLOV8-Post-Process | inputs: NmsPPMuxEl0YOLOV8-Post-Process[0] | outputs: user
[2026-08-18 04:20:08.924] [1889063] [HailoRT] [info] [hef.cpp:1929] [get_network_group_and_network_name] No name was given. Addressing all networks of default network_group: yolov8s_pose
[2026-08-18 04:20:08.988] [1889066] [HailoRT] [info] [hef.cpp:1929] [get_network_group_and_network_name] No name was given. Addressing all networks of default network_group: yolov8s
[2026-08-18 04:20:20.691] [1888674] [HailoRT] [info] [async_infer_runner.cpp:86] [shutdown] Pipeline was aborted. Shutting it down
[2026-08-18 04:20:20.697] [1889211] [HailoRT] [info] [network_group.cpp:857] [operator()] Infer request was aborted by user
[2026-08-18 04:20:20.698] [1888674] [HailoRT] [info] [queue_elements.cpp:570] [execute_deactivate] enqueue() in element PushQEl4AsyncHwEl was aborted, got status = HAILO_SHUTDOWN_EVENT_SIGNALED(57)
[2026-08-18 04:20:20.698] [1888674] [HailoRT] [info] [queue_elements.cpp:570] [execute_deactivate] enqueue() in element PushQEl6AsyncHwEl was aborted, got status = HAILO_SHUTDOWN_EVENT_SIGNALED(57)
[2026-08-18 04:20:20.698] [1888674] [HailoRT] [info] [queue_elements.cpp:570] [execute_deactivate] enqueue() in element PushQEl7AsyncHwEl was aborted, got status = HAILO_SHUTDOWN_EVENT_SIGNALED(57)
[2026-08-18 04:20:20.698] [1888674] [HailoRT] [info] [queue_elements.cpp:570] [execute_deactivate] enqueue() in element PushQEl3yolov8s_pose/input_layer1 was aborted, got status = HAILO_SHUTDOWN_EVENT_SIGNALED(57)
[2026-08-18 04:20:20.698] [1888674] [HailoRT] [info] [queue_elements.cpp:570] [execute_deactivate] enqueue() in element EntryPushQEl0yolov8s_pose/input_layer1 was aborted, got status = HAILO_SHUTDOWN_EVENT_SIGNALED(57)
[2026-08-18 04:20:20.698] [1888674] [HailoRT] [info] [queue_elements.cpp:46] [~BaseQueueElement] Queue element EntryPushQEl0yolov8s_pose/input_layer1 has 0 frames in his Queue on destruction
[2026-08-18 04:20:20.698] [1888674] [HailoRT] [info] [queue_elements.cpp:46] [~BaseQueueElement] Queue element PushQEl3yolov8s_pose/input_layer1 has 0 frames in his Queue on destruction
[2026-08-18 04:20:20.698] [1888674] [HailoRT] [info] [queue_elements.cpp:46] [~BaseQueueElement] Queue element PushQEl4AsyncHwEl has 0 frames in his Queue on destruction
[2026-08-18 04:20:20.698] [1888674] [HailoRT] [info] [queue_elements.cpp:46] [~BaseQueueElement] Queue element PushQEl7AsyncHwEl has 0 frames in his Queue on destruction
[2026-08-18 04:20:20.698] [1888674] [HailoRT] [info] [queue_elements.cpp:46] [~BaseQueueElement] Queue element PushQEl6AsyncHwEl has 0 frames in his Queue on destruction
[2026-08-18 04:20:20.699] [1888674] [HailoRT] [info] [async_infer_runner.cpp:86] [shutdown] Pipeline was aborted. Shutting it down
[2026-08-18 04:20:20.701] [1889211] [HailoRT] [info] [network_group.cpp:857] [operator()] Infer request was aborted by user
[2026-08-18 04:20:20.701] [1888674] [HailoRT] [info] [queue_elements.cpp:1131] [execute_deactivate] enqueue() in element MultiPushQEl0YOLOV8-Post-Process was aborted, got status = HAILO_SHUTDOWN_EVENT_SIGNALED(57)
[2026-08-18 04:20:20.701] [1888674] [HailoRT] [info] [queue_elements.cpp:1131] [execute_deactivate] enqueue() in element MultiPushQEl0YOLOV8-Post-Process was aborted, got status = HAILO_SHUTDOWN_EVENT_SIGNALED(57)
[2026-08-18 04:20:20.701] [1888674] [HailoRT] [info] [queue_elements.cpp:1131] [execute_deactivate] enqueue() in element MultiPushQEl0YOLOV8-Post-Process was aborted, got status = HAILO_SHUTDOWN_EVENT_SIGNALED(57)
[2026-08-18 04:20:20.701] [1888674] [HailoRT] [info] [queue_elements.cpp:1131] [execute_deactivate] enqueue() in element MultiPushQEl0YOLOV8-Post-Process was aborted, got status = HAILO_SHUTDOWN_EVENT_SIGNALED(57)
[2026-08-18 04:20:20.701] [1888674] [HailoRT] [info] [queue_elements.cpp:1131] [execute_deactivate] enqueue() in element MultiPushQEl0YOLOV8-Post-Process was aborted, got status = HAILO_SHUTDOWN_EVENT_SIGNALED(57)
[2026-08-18 04:20:20.701] [1888674] [HailoRT] [info] [queue_elements.cpp:1131] [execute_deactivate] enqueue() in element MultiPushQEl0YOLOV8-Post-Process was aborted, got status = HAILO_SHUTDOWN_EVENT_SIGNALED(57)
[2026-08-18 04:20:20.701] [1888674] [HailoRT] [info] [queue_elements.cpp:570] [execute_deactivate] enqueue() in element PushQEl3yolov8s/input_layer1 was aborted, got status = HAILO_SHUTDOWN_EVENT_SIGNALED(57)
[2026-08-18 04:20:20.701] [1888674] [HailoRT] [info] [queue_elements.cpp:570] [execute_deactivate] enqueue() in element EntryPushQEl0yolov8s/input_layer1 was aborted, got status = HAILO_SHUTDOWN_EVENT_SIGNALED(57)
[2026-08-18 04:20:20.701] [1888674] [HailoRT] [info] [queue_elements.cpp:46] [~BaseQueueElement] Queue element EntryPushQEl0yolov8s/input_layer1 has 0 frames in his Queue on destruction
[2026-08-18 04:20:20.701] [1888674] [HailoRT] [info] [queue_elements.cpp:46] [~BaseQueueElement] Queue element PushQEl3yolov8s/input_layer1 has 0 frames in his Queue on destruction
[2026-08-18 04:20:20.902] [1888674] [HailoRT] [info] [vdevice.cpp:523] [create] Creating vdevice with params: device_count: 1, scheduling_algorithm: ROUND_ROBIN, multi_process_service: false
[2026-08-18 04:20:20.915] [1888674] [HailoRT] [info] [device.cpp:49] [Device] OS Version: Linux 6.12.34+rpt-rpi-2712 #1 SMP PREEMPT Debian 1:6.12.34-1+rpt1~bookworm (2025-06-26) aarch64
[2026-08-18 04:20:20.916] [1888674] [HailoRT] [info] [control.cpp:108] [control__parse_identify_results] firmware_version is: 4.20.0
[2026-08-18 04:20:20.916] [1888674] [HailoRT] [info] [vdevice.cpp:651] [create] VDevice Infos: 0001:03:00.0
[2026-08-18 04:20:20.954] [1888674] [HailoRT] [info] [hef.cpp:1929] [get_network_group_and_network_name] No name was given. Addressing all networks of default network_group: yolov8s
[2026-08-18 04:20:20.954] [1888674] [HailoRT] [info] [hef.cpp:1929] [get_network_group_and_network_name] No name was given. Addressing all networks of default network_group: yolov8s
[2026-08-18 04:20:20.981] [1888674] [HailoRT] [info] [vdevice.cpp:523] [create] Creating vdevice with params: device_count: 1, scheduling_algorithm: ROUND_ROBIN, multi_process_service: false
[2026-08-18 04:20:21.087] [1888674] [HailoRT] [info] [hef.cpp:1929] [get_network_group_and_network_name] No name was given. Addressing all networks of default network_group: yolov8s_pose
[2026-08-18 04:20:21.087] [1888674] [HailoRT] [info] [hef.cpp:1929] [get_network_group_and_network_name] No name was given. Addressing all networks of default network_group: yolov8s_pose
[2026-08-18 04:20:21.110] [1888674] [HailoRT] [warning] [device_internal.cpp:616] [check_hef_is_compatible] HEF was compiled for Hailo8L device, while the device itself is Hailo8. This will result in lower performance.
[2026-08-18 04:20:21.110] [1888674] [HailoRT] [warning] [device_internal.cpp:616] [check_hef_is_compatible] HEF was compiled for Hailo8L device, while the device itself is Hailo8. This will result in lower performance.
[2026-08-18 04:20:21.120] [1888674] [HailoRT] [info] [internal_buffer_manager.cpp:204] [print_execution_results] Planned internal buffer memory: CMA memory 0, user memory 3321344. memory to edge layer usage factor is 0.93083656
[2026-08-18 04:20:21.120] [1888674] [HailoRT] [info] [internal_buffer_manager.cpp:212] [print_execution_results] Default Internal buffer planner executed successfully
[2026-08-18 04:20:21.138] [1888674] [HailoRT] [info] [device_internal.cpp:57] [configure] Configuring HEF took 28.281229 milliseconds
[2026-08-18 04:20:21.139] [1888674] [HailoRT] [info] [vdevice.cpp:749] [configure] Configuring HEF on VDevice took 28.871708 milliseconds
[2026-08-18 04:20:21.139] [1888674] [HailoRT] [info] [infer_model.cpp:436] [configure] Configuring network group 'yolov8s_pose' with params: batch size: 0, power mode: PERFORMANCE, latency: NONE
[2026-08-18 04:20:21.139] [1888674] [HailoRT] [info] [multi_io_elements.cpp:756] [create] Created (AsyncHwEl)
[2026-08-18 04:20:21.139] [1888674] [HailoRT] [info] [queue_elements.cpp:450] [create] Created (EntryPushQEl0yolov8s_pose/input_layer1 | timeout: 10s)
[2026-08-18 04:20:21.139] [1888674] [HailoRT] [info] [filter_elements.cpp:101] [create] Created (PreInferEl3yolov8s_pose/input_layer1 | Reorder - src_order: RGB4, src_shape: (640, 640, 3), dst_order: NHWC, dst_shape: (640, 640, 3))
[2026-08-18 04:20:21.141] [1888674] [HailoRT] [info] [queue_elements.cpp:450] [create] Created (PushQEl3yolov8s_pose/input_layer1 | timeout: 10s)
[2026-08-18 04:20:21.141] [1888674] [HailoRT] [info] [edge_elements.cpp:187] [create] Created (LastAsyncEl3AsyncHwEl)
[2026-08-18 04:20:21.141] [1888674] [HailoRT] [info] [queue_elements.cpp:450] [create] Created (PushQEl4AsyncHwEl | timeout: 10s)
[2026-08-18 04:20:21.141] [1888674] [HailoRT] [info] [filter_elements.cpp:375] [create] Created (PostInferEl4AsyncHwEl | Reorder - src_order: FCR, src_shape: (20, 20, 56), dst_order: FCR, dst_shape: (20, 20, 51))
[2026-08-18 04:20:21.141] [1888674] [HailoRT] [info] [edge_elements.cpp:187] [create] Created (LastAsyncEl0PostInferEl4AsyncHwEl)
[2026-08-18 04:20:21.141] [1888674] [HailoRT] [info] [edge_elements.cpp:187] [create] Created (LastAsyncEl5AsyncHwEl)
[2026-08-18 04:20:21.141] [1888674] [HailoRT] [info] [edge_elements.cpp:187] [create] Created (LastAsyncEl0AsyncHwEl)
[2026-08-18 04:20:21.141] [1888674] [HailoRT] [info] [edge_elements.cpp:187] [create] Created (LastAsyncEl1AsyncHwEl)
[2026-08-18 04:20:21.141] [1888674] [HailoRT] [info] [edge_elements.cpp:187] [create] Created (LastAsyncEl2AsyncHwEl)
[2026-08-18 04:20:21.141] [1888674] [HailoRT] [info] [queue_elements.cpp:450] [create] Created (PushQEl7AsyncHwEl | timeout: 10s)
[2026-08-18 04:20:21.141] [1888674] [HailoRT] [info] [filter_elements.cpp:375] [create] Created (PostInferEl7AsyncHwEl | Reorder - src_order: FCR, src_shape: (40, 40, 56), dst_order: FCR, dst_shape: (40, 40, 51))
[2026-08-18 04:20:21.141] [1888674] [HailoRT] [info] [edge_elements.cpp:187] [create] Created (LastAsyncEl0PostInferEl7AsyncHwEl)
[2026-08-18 04:20:21.141] [1888674] [HailoRT] [info] [edge_elements.cpp:187] [create] Created (LastAsyncEl8AsyncHwEl)
[2026-08-18 04:20:21.141] [1888674] [HailoRT] [info] [queue_elements.cpp:450] [create] Created (PushQEl6AsyncHwEl | timeout: 10s)
[2026-08-18 04:20:21.141] [1888674] [HailoRT] [info] [filter_elements.cpp:375] [create] Created (PostInferEl6AsyncHwEl | Reorder - src_order: FCR, src_shape: (80, 80, 56), dst_order: FCR, dst_shape: (80, 80, 51))
[2026-08-18 04:20:21.141] [1888674] [HailoRT] [info] [edge_elements.cpp:187] [create] Created (LastAsyncEl0PostInferEl6AsyncHwEl)
[2026-08-18 04:20:21.141] [1888674] [HailoRT] [info] [pipeline.cpp:891] [print_deep_description] EntryPushQEl0yolov8s_pose/input_layer1 | inputs: user | outputs: PreInferEl3yolov8s_pose/input_layer1(running in thread_id: 1889319)
[2026-08-18 04:20:21.141] [1888674] [HailoRT] [info] [pipeline.cpp:891] [print_deep_description] PreInferEl3yolov8s_pose/input_layer1 | inputs: EntryPushQEl0yolov8s_pose/input_layer1[0] | outputs: PushQEl3yolov8s_pose/input_layer1
[2026-08-18 04:20:21.141] [1888674] [HailoRT] [info] [pipeline.cpp:891] [print_deep_description] PushQEl3yolov8s_pose/input_layer1 | inputs: PreInferEl3yolov8s_pose/input_layer1[0] | outputs: AsyncHwEl(running in thread_id: 1889320)
[2026-08-18 04:20:21.141] [1888674] [HailoRT] [info] [pipeline.cpp:891] [print_deep_description] AsyncHwEl | inputs: PushQEl3yolov8s_pose/input_layer1[0] | outputs: LastAsyncEl0AsyncHwEl LastAsyncEl1AsyncHwEl LastAsyncEl2AsyncHwEl LastAsyncEl3AsyncHwEl PushQEl4AsyncHwEl LastAsyncEl5AsyncHwEl PushQEl6AsyncHwEl PushQEl7AsyncHwEl LastAsyncEl8AsyncHwEl
[2026-08-18 04:20:21.141] [1888674] [HailoRT] [info] [pipeline.cpp:891] [print_deep_description] LastAsyncEl0AsyncHwEl | inputs: AsyncHwEl[0] | outputs: user
[2026-08-18 04:20:21.141] [1888674] [HailoRT] [info] [pipeline.cpp:891] [print_deep_description] LastAsyncEl1AsyncHwEl | inputs: AsyncHwEl[0] | outputs: user
[2026-08-18 04:20:21.141] [1888674] [HailoRT] [info] [pipeline.cpp:891] [print_deep_description] LastAsyncEl2AsyncHwEl | inputs: AsyncHwEl[0] | outputs: user
[2026-08-18 04:20:21.141] [1888674] [HailoRT] [info] [pipeline.cpp:891] [print_deep_description] LastAsyncEl3AsyncHwEl | inputs: AsyncHwEl[0] | outputs: user
[2026-08-18 04:20:21.141] [1888674] [HailoRT] [info] [pipeline.cpp:891] [print_deep_description] PushQEl4AsyncHwEl | inputs: AsyncHwEl[0] | outputs: PostInferEl4AsyncHwEl(running in thread_id: 1889321)
[2026-08-18 04:20:21.141] [1888674] [HailoRT] [info] [pipeline.cpp:891] [print_deep_description] PostInferEl4AsyncHwEl | inputs: PushQEl4AsyncHwEl[0] | outputs: LastAsyncEl0PostInferEl4AsyncHwEl
[2026-08-18 04:20:21.141] [1888674] [HailoRT] [info] [pipeline.cpp:891] [print_deep_description] LastAsyncEl0PostInferEl4AsyncHwEl | inputs: PostInferEl4AsyncHwEl[0] | outputs: user
[2026-08-18 04:20:21.141] [1888674] [HailoRT] [info] [pipeline.cpp:891] [print_deep_description] LastAsyncEl5AsyncHwEl | inputs: AsyncHwEl[0] | outputs: user
[2026-08-18 04:20:21.141] [1888674] [HailoRT] [info] [pipeline.cpp:891] [print_deep_description] PushQEl6AsyncHwEl | inputs: AsyncHwEl[0] | outputs: PostInferEl6AsyncHwEl(running in thread_id: 1889323)
[2026-08-18 04:20:21.141] [1888674] [HailoRT] [info] [pipeline.cpp:891] [print_deep_description] PostInferEl6AsyncHwEl | inputs: PushQEl6AsyncHwEl[0] | outputs: LastAsyncEl0PostInferEl6AsyncHwEl
[2026-08-18 04:20:21.141] [1888674] [HailoRT] [info] [pipeline.cpp:891] [print_deep_description] LastAsyncEl0PostInferEl6AsyncHwEl | inputs: PostInferEl6AsyncHwEl[0] | outputs: user
[2026-08-18 04:20:21.141] [1888674] [HailoRT] [info] [pipeline.cpp:891] [print_deep_description] PushQEl7AsyncHwEl | inputs: AsyncHwEl[0] | outputs: PostInferEl7AsyncHwEl(running in thread_id: 1889322)
[2026-08-18 04:20:21.141] [1888674] [HailoRT] [info] [pipeline.cpp:891] [print_deep_description] PostInferEl7AsyncHwEl | inputs: PushQEl7AsyncHwEl[0] | outputs: LastAsyncEl0PostInferEl7AsyncHwEl
[2026-08-18 04:20:21.141] [1888674] [HailoRT] [info] [pipeline.cpp:891] [print_deep_description] LastAsyncEl0PostInferEl7AsyncHwEl | inputs: PostInferEl7AsyncHwEl[0] | outputs: user
[2026-08-18 04:20:21.141] [1888674] [HailoRT] [info] [pipeline.cpp:891] [print_deep_description] LastAsyncEl8AsyncHwEl | inputs: AsyncHwEl[0] | outputs: user
[2026-08-18 04:20:21.144] [1888674] [HailoRT] [info] [internal_buffer_manager.cpp:202] [print_execution_results] Default Internal buffer planner failed to meet requirements
[2026-08-18 04:20:21.144] [1888674] [HailoRT] [info] [internal_buffer_manager.cpp:212] [print_execution_results] Default Internal buffer planner executed successfully
[2026-08-18 04:20:21.156] [1888674] [HailoRT] [info] [device_internal.cpp:57] [configure] Configuring HEF took 12.910766 milliseconds
[2026-08-18 04:20:21.156] [1888674] [HailoRT] [info] [vdevice.cpp:749] [configure] Configuring HEF on VDevice took 13.293043 milliseconds
[2026-08-18 04:20:21.156] [1888674] [HailoRT] [info] [infer_model.cpp:436] [configure] Configuring network group 'yolov8s' with params: batch size: 0, power mode: PERFORMANCE, latency: NONE
[2026-08-18 04:20:21.156] [1888674] [HailoRT] [info] [multi_io_elements.cpp:756] [create] Created (AsyncHwEl)
[2026-08-18 04:20:21.156] [1888674] [HailoRT] [info] [queue_elements.cpp:450] [create] Created (EntryPushQEl0yolov8s/input_layer1 | timeout: 10s)
[2026-08-18 04:20:21.156] [1888674] [HailoRT] [info] [filter_elements.cpp:101] [create] Created (PreInferEl3yolov8s/input_layer1 | Reorder - src_order: RGB4, src_shape: (640, 640, 3), dst_order: NHCW, dst_shape: (640, 640, 3))
[2026-08-18 04:20:21.156] [1888674] [HailoRT] [info] [queue_elements.cpp:450] [create] Created (PushQEl3yolov8s/input_layer1 | timeout: 10s)
[2026-08-18 04:20:21.156] [1888674] [HailoRT] [info] [multi_io_elements.cpp:135] [create] Created (NmsPPMuxEl0YOLOV8-Post-Process | Op YOLOV8, Name: YOLOV8-Post-Process, Score threshold: 0.200, IoU threshold: 0.70, Classes: 80, Cross classes: false, NMS results order: BY_CLASS, Max bboxes per class: 100, Image height: 640, Image width: 640)
[2026-08-18 04:20:21.157] [1888674] [HailoRT] [info] [queue_elements.cpp:942] [create] Created (MultiPushQEl0YOLOV8-Post-Process | timeout: 10s)
[2026-08-18 04:20:21.157] [1888674] [HailoRT] [info] [edge_elements.cpp:187] [create] Created (LastAsyncEl0NmsPPMuxEl0YOLOV8-Post-Process)
[2026-08-18 04:20:21.157] [1888674] [HailoRT] [info] [pipeline.cpp:891] [print_deep_description] EntryPushQEl0yolov8s/input_layer1 | inputs: user | outputs: PreInferEl3yolov8s/input_layer1(running in thread_id: 1889324)
[2026-08-18 04:20:21.157] [1888674] [HailoRT] [info] [pipeline.cpp:891] [print_deep_description] PreInferEl3yolov8s/input_layer1 | inputs: EntryPushQEl0yolov8s/input_layer1[0] | outputs: PushQEl3yolov8s/input_layer1
[2026-08-18 04:20:21.157] [1888674] [HailoRT] [info] [pipeline.cpp:891] [print_deep_description] PushQEl3yolov8s/input_layer1 | inputs: PreInferEl3yolov8s/input_layer1[0] | outputs: AsyncHwEl(running in thread_id: 1889325)
[2026-08-18 04:20:21.157] [1888674] [HailoRT] [info] [pipeline.cpp:891] [print_deep_description] AsyncHwEl | inputs: PushQEl3yolov8s/input_layer1[0] | outputs: MultiPushQEl0YOLOV8-Post-Process MultiPushQEl0YOLOV8-Post-Process MultiPushQEl0YOLOV8-Post-Process MultiPushQEl0YOLOV8-Post-Process MultiPushQEl0YOLOV8-Post-Process MultiPushQEl0YOLOV8-Post-Process
[2026-08-18 04:20:21.157] [1888674] [HailoRT] [info] [pipeline.cpp:891] [print_deep_description] MultiPushQEl0YOLOV8-Post-Process | inputs: AsyncHwEl[0] AsyncHwEl[1] AsyncHwEl[2] AsyncHwEl[3] AsyncHwEl[4] AsyncHwEl[5] | outputs: NmsPPMuxEl0YOLOV8-Post-Process(running in thread_id: 1889326)
[2026-08-18 04:20:21.157] [1888674] [HailoRT] [info] [pipeline.cpp:891] [print_deep_description] NmsPPMuxEl0YOLOV8-Post-Process | inputs: MultiPushQEl0YOLOV8-Post-Process[0] | outputs: LastAsyncEl0NmsPPMuxEl0YOLOV8-Post-Process
[2026-08-18 04:20:21.157] [1888674] [HailoRT] [info] [pipeline.cpp:891] [print_deep_description] LastAsyncEl0NmsPPMuxEl0YOLOV8-Post-Process | inputs: NmsPPMuxEl0YOLOV8-Post-Process[0] | outputs: user
[2026-08-18 04:20:21.496] [1889063] [HailoRT] [info] [hef.cpp:1929] [get_network_group_and_network_name] No name was given. Addressing all networks of default network_group: yolov8s_pose
[2026-08-18 04:20:21.540] [1889066] [HailoRT] [info] [hef.cpp:1929] [get_network_group_and_network_name] No name was given. Addressing all networks of default network_group: yolov8s
